[Licensing::Module] Trying to connect to existing licensing client channel...
[Licensing::IpcConnector] Successfully connected to: "LicenseClient-Tony" at "2025-10-03T04:56:41.1794307Z"
[Licensing::Client] Code 10 while verifying Licensing Client signature (process Id: 2852, path: "D:/Program Files/Unity Hub/UnityLicensingClient_V1/Unity.Licensing.Client.exe")
[Licensing::Module] LicensingClient has failed validation; ignoring
[Licensing::Client] Handshaking with LicensingClient:
  Version:                 1.17.3+a4e98f1
  Session Id:              4bc7d063f51a430d8fd2fefd4f8236a0
  Correlation Id:          20a74e30f3f240ff3591cdcded01b208
  External correlation Id: 5663575980986492117
  Machine Id:              1RUl4daZBg20Non552AvCAIdU4E=
[Licensing::Module] Successfully connected to LicensingClient on channel: "LicenseClient-Tony" (connect: 0.00s, validation: 0.01s, handshake: 0.04s)
[Licensing::IpcConnector] Successfully connected to: "LicenseClient-Tony-notifications" at "2025-10-03T04:56:41.2263034Z"
[Licensing::Module] Error: Access token is unavailable; failed to update
[Licensing::Client] Successfully resolved entitlement details
[Licensing::Module] Serial number assigned to: "F4-ZGNV-KBAY-R3YF-FC7T-XXXX"
[Licensing::Module] Serial number assigned to: "2474689872811-UnityPersXXXX"
[Licensing::Client] Successfully updated license, isAync: True, time: 0.01
Built from '6000.1/staging' branch; Version is '6000.1.5f1 (923722cbbcfc) revision 9582370'; Using compiler version '194234433'; Build Type 'Release'
OS: 'Windows 10  (10.0.19045) 64bit Professional' Language: 'en' Physical Memory: 16290 MB
[Licensing::Client] Successfully resolved entitlement details
[Licensing::Module] Serial number assigned to: "F4-ZGNV-KBAY-R3YF-FC7T-XXXX"
[Licensing::Module] Serial number assigned to: "2474689872811-UnityPersXXXX"
BatchMode: 1, IsHumanControllingUs: 0, StartBugReporterOnCrash: 0, Is64bit: 1, IsPro: 0
Date: 2025-10-03T04:56:41Z

COMMAND LINE ARGUMENTS:
D:\Program Files\6000.1.5f1\Editor\Unity.exe
-batchmode
-quit
-buildTarget
StandaloneWindows64
-projectPath
.
-executeMethod
BuildCommand.BuildStandaloneWindows64
-logFile
build.log
Successfully changed project path to: D:/EchoXRTest/EchoRacerLive
D:/EchoXRTest/EchoRacerLive
[UnityMemory] Configuration Parameters - Can be set up in boot.config
    "memorysetup-allocator-temp-initial-block-size-main=262144"
    "memorysetup-allocator-temp-initial-block-size-worker=262144"
    "memorysetup-bucket-allocator-granularity=16"
    "memorysetup-bucket-allocator-bucket-count=8"
    "memorysetup-bucket-allocator-block-size=33554432"
    "memorysetup-bucket-allocator-block-count=8"
    "memorysetup-main-allocator-block-size=16777216"
    "memorysetup-thread-allocator-block-size=16777216"
    "memorysetup-gfx-main-allocator-block-size=16777216"
    "memorysetup-gfx-thread-allocator-block-size=16777216"
    "memorysetup-cache-allocator-block-size=4194304"
    "memorysetup-typetree-allocator-block-size=2097152"
    "memorysetup-profiler-bucket-allocator-granularity=16"
    "memorysetup-profiler-bucket-allocator-bucket-count=8"
    "memorysetup-profiler-bucket-allocator-block-size=33554432"
    "memorysetup-profiler-bucket-allocator-block-count=8"
    "memorysetup-profiler-allocator-block-size=16777216"
    "memorysetup-profiler-editor-allocator-block-size=1048576"
    "memorysetup-temp-allocator-size-main=16777216"
    "memorysetup-job-temp-allocator-block-size=2097152"
    "memorysetup-job-temp-allocator-block-size-background=1048576"
    "memorysetup-job-temp-allocator-reduction-small-platforms=262144"
    "memorysetup-temp-allocator-size-background-worker=32768"
    "memorysetup-temp-allocator-size-job-worker=262144"
    "memorysetup-temp-allocator-size-preload-manager=33554432"
    "memorysetup-temp-allocator-size-nav-mesh-worker=65536"
    "memorysetup-temp-allocator-size-audio-worker=65536"
    "memorysetup-temp-allocator-size-cloud-worker=32768"
    "memorysetup-temp-allocator-size-gi-baking-worker=262144"
    "memorysetup-temp-allocator-size-gi-baking-worker=262144"
    "memorysetup-temp-allocator-size-gi-baking-worker=262144"
    "memorysetup-temp-allocator-size-gi-baking-worker=262144"
    "memorysetup-temp-allocator-size-gi-baking-worker=262144"
    "memorysetup-temp-allocator-size-gfx=262144"
Player connection [9184]  Target information:

Player connection [9184]  * "[IP] 192.168.2.177 [Port] 55504 [Flags] 2 [Guid] 3140867657 [EditorId] 3140867657 [Version] 1048832 [Id] WindowsEditor(7,HGBHoldingsLLC2) [Debug] 1 [PackageName] WindowsEditor [ProjectName] Editor" 

Player connection [9184]  * "[IP] 172.19.48.1 [Port] 55504 [Flags] 2 [Guid] 3140867657 [EditorId] 3140867657 [Version] 1048832 [Id] WindowsEditor(7,HGBHoldingsLLC2) [Debug] 1 [PackageName] WindowsEditor [ProjectName] Editor" 

Player connection [9184] Host joined multi-casting on [225.0.0.222:54997]...
Player connection [9184] Host joined alternative multi-casting on [225.0.0.222:34997]...
Input System module state changed to: Initialized.
[Physics::Module] Initialized fallback backend.
[Physics::Module] Id: 0xdecafbad
[Package Manager] Connected to IPC stream "Upm-1928" after 0.4 seconds.
Library Redirect Path: Library/
[Package Manager] Restoring resolved packages state from cache
[Licensing::Client] Successfully resolved entitlement details
[Package Manager] Registered 87 packages:
  Packages from [https://packages.unity.com]:
    com.meta.xr.sdk.all@78.0.0 (location: D:\EchoXRTest\EchoRacerLive\Library\PackageCache\com.meta.xr.sdk.all@fe3894f1edac)
    com.unity.collab-proxy@2.8.2 (location: D:\EchoXRTest\EchoRacerLive\Library\PackageCache\com.unity.collab-proxy@c854d1f7d97f)
    com.unity.inputsystem@1.14.0 (location: D:\EchoXRTest\EchoRacerLive\Library\PackageCache\com.unity.inputsystem@7fe8299111a7)
    com.unity.learn.iet-framework@4.1.3 (location: D:\EchoXRTest\EchoRacerLive\Library\PackageCache\com.unity.learn.iet-framework@4bd5247958fc)
    com.unity.nuget.mono-cecil@1.11.4 (location: D:\EchoXRTest\EchoRacerLive\Library\PackageCache\com.unity.nuget.mono-cecil@d6f9955a5d5f)
    com.unity.nuget.newtonsoft-json@3.2.1 (location: D:\EchoXRTest\EchoRacerLive\Library\PackageCache\com.unity.nuget.newtonsoft-json@74deb55db2a0)
    com.unity.splines@2.8.1 (location: D:\EchoXRTest\EchoRacerLive\Library\PackageCache\com.unity.splines@b909627b5095)
    com.unity.toolchain.linux-x86_64@2.0.10 (location: D:\EchoXRTest\EchoRacerLive\Library\PackageCache\com.unity.toolchain.linux-x86_64@5a6ce31f8a65)
    com.unity.toolchain.win-arm64-linux-x86_64@1.0.4 (location: D:\EchoXRTest\EchoRacerLive\Library\PackageCache\com.unity.toolchain.win-arm64-linux-x86_64@13a9b5668293)
    com.unity.toolchain.win-x86_64-linux-x86_64@2.0.10 (location: D:\EchoXRTest\EchoRacerLive\Library\PackageCache\com.unity.toolchain.win-x86_64-linux-x86_64@426618737602)
    com.unity.visualscripting@1.9.7 (location: D:\EchoXRTest\EchoRacerLive\Library\PackageCache\com.unity.visualscripting@6279e2b7c485)
    com.unity.xr.arfoundation@6.1.0 (location: D:\EchoXRTest\EchoRacerLive\Library\PackageCache\com.unity.xr.arfoundation@238c430a5976)
    com.unity.xr.hands@1.5.1 (location: D:\EchoXRTest\EchoRacerLive\Library\PackageCache\com.unity.xr.hands@860f3562c229)
    com.unity.xr.interaction.toolkit@3.2.0 (location: D:\EchoXRTest\EchoRacerLive\Library\PackageCache\com.unity.xr.interaction.toolkit@0585a173a10c)
    com.unity.xr.management@4.5.1 (location: D:\EchoXRTest\EchoRacerLive\Library\PackageCache\com.unity.xr.management@20be87dea580)
    com.unity.xr.meta-openxr@2.1.1 (location: D:\EchoXRTest\EchoRacerLive\Library\PackageCache\com.unity.xr.meta-openxr@10f1e719144e)
    com.unity.xr.openxr@1.14.3 (location: D:\EchoXRTest\EchoRacerLive\Library\PackageCache\com.unity.xr.openxr@3903c1059bcf)
    com.unity.xr.core-utils@2.5.2 (location: D:\EchoXRTest\EchoRacerLive\Library\PackageCache\com.unity.xr.core-utils@5b282bc7378d)
    com.unity.xr.legacyinputhelpers@2.1.12 (location: D:\EchoXRTest\EchoRacerLive\Library\PackageCache\com.unity.xr.legacyinputhelpers@b7579e86f3b4)
    com.unity.mathematics@1.3.2 (location: D:\EchoXRTest\EchoRacerLive\Library\PackageCache\com.unity.mathematics@8017b507cc74)
    com.unity.editorcoroutines@1.0.0 (location: D:\EchoXRTest\EchoRacerLive\Library\PackageCache\com.unity.editorcoroutines@7d48783e7b8c)
    com.unity.sysroot@2.0.10 (location: D:\EchoXRTest\EchoRacerLive\Library\PackageCache\com.unity.sysroot@7bbbb9339c14)
    com.unity.sysroot.linux-x86_64@2.0.9 (location: D:\EchoXRTest\EchoRacerLive\Library\PackageCache\com.unity.sysroot.linux-x86_64@1998d1c7730e)
    com.unity.settings-manager@2.1.0 (location: D:\EchoXRTest\EchoRacerLive\Library\PackageCache\com.unity.settings-manager@41738c275190)
    com.unity.ide.visualstudio@2.0.23 (location: D:\EchoXRTest\EchoRacerLive\Library\PackageCache\com.unity.ide.visualstudio@198cdf337d13)
    com.unity.ide.rider@3.0.36 (location: D:\EchoXRTest\EchoRacerLive\Library\PackageCache\com.unity.ide.rider@4d374c7eb6db)
    com.unity.performance.profile-analyzer@1.2.3 (location: D:\EchoXRTest\EchoRacerLive\Library\PackageCache\com.unity.performance.profile-analyzer@a68e7bc84997)
    com.unity.testtools.codecoverage@1.2.6 (location: D:\EchoXRTest\EchoRacerLive\Library\PackageCache\com.unity.testtools.codecoverage@205a02cbcb39)
    com.meta.xr.sdk.core@78.0.0 (location: D:\EchoXRTest\EchoRacerLive\Library\PackageCache\com.meta.xr.sdk.core@503a72ca5496)
    com.meta.xr.sdk.audio@78.0.0 (location: D:\EchoXRTest\EchoRacerLive\Library\PackageCache\com.meta.xr.sdk.audio@2d7852661450)
    com.meta.xr.sdk.voice@78.0.0 (location: D:\EchoXRTest\EchoRacerLive\Library\PackageCache\com.meta.xr.sdk.voice@d3f6f37b8e1c)
    com.meta.xr.simulator@78.0.0 (location: D:\EchoXRTest\EchoRacerLive\Library\PackageCache\com.meta.xr.simulator@59c045caf4ce)
    com.meta.xr.sdk.haptics@78.0.0 (location: D:\EchoXRTest\EchoRacerLive\Library\PackageCache\com.meta.xr.sdk.haptics@0f1e44c58964)
    com.meta.xr.mrutilitykit@78.0.0 (location: D:\EchoXRTest\EchoRacerLive\Library\PackageCache\com.meta.xr.mrutilitykit@13793f91651b)
    com.meta.xr.sdk.platform@78.0.0 (location: D:\EchoXRTest\EchoRacerLive\Library\PackageCache\com.meta.xr.sdk.platform@2ec04e662a05)
    com.meta.xr.sdk.interaction@78.0.0 (location: D:\EchoXRTest\EchoRacerLive\Library\PackageCache\com.meta.xr.sdk.interaction@be53de53710b)
    com.meta.xr.sdk.interaction.ovr@78.0.0 (location: D:\EchoXRTest\EchoRacerLive\Library\PackageCache\com.meta.xr.sdk.interaction.ovr@a99b76803a6e)
    com.unity.searcher@4.9.3 (location: D:\EchoXRTest\EchoRacerLive\Library\PackageCache\com.unity.searcher@1e17ce91558d)
    com.unity.burst@1.8.21 (location: D:\EchoXRTest\EchoRacerLive\Library\PackageCache\com.unity.burst@59eb6f11d242)
    com.unity.collections@2.5.1 (location: D:\EchoXRTest\EchoRacerLive\Library\PackageCache\com.unity.collections@56bff8827a7e)
    com.unity.ai.navigation@2.0.7 (location: D:\EchoXRTest\EchoRacerLive\Library\PackageCache\com.unity.ai.navigation@39ae74efb85f)
    com.unity.test-framework.performance@3.1.0 (location: D:\EchoXRTest\EchoRacerLive\Library\PackageCache\com.unity.test-framework.performance@92d1d09a72ed)
  Built-in packages:
    com.unity.feature.development@1.0.2 (location: D:\EchoXRTest\EchoRacerLive\Library\PackageCache\com.unity.feature.development@767aadbc6eb7)
    com.unity.multiplayer.center@1.0.0 (location: D:\EchoXRTest\EchoRacerLive\Library\PackageCache\com.unity.multiplayer.center@f3fb577b3546)
    com.unity.render-pipelines.universal@17.1.0 (location: D:\EchoXRTest\EchoRacerLive\Library\PackageCache\com.unity.render-pipelines.universal@43e3bf1c3037)
    com.unity.test-framework@1.5.1 (location: D:\EchoXRTest\EchoRacerLive\Library\PackageCache\com.unity.test-framework@e9eb633386e7)
    com.unity.modules.accessibility@1.0.0 (location: D:\Program Files\6000.1.5f1\Editor\Data\Resources\PackageManager\BuiltInPackages\com.unity.modules.accessibility)
    com.unity.modules.ai@1.0.0 (location: D:\Program Files\6000.1.5f1\Editor\Data\Resources\PackageManager\BuiltInPackages\com.unity.modules.ai)
    com.unity.modules.androidjni@1.0.0 (location: D:\Program Files\6000.1.5f1\Editor\Data\Resources\PackageManager\BuiltInPackages\com.unity.modules.androidjni)
    com.unity.modules.animation@1.0.0 (location: D:\Program Files\6000.1.5f1\Editor\Data\Resources\PackageManager\BuiltInPackages\com.unity.modules.animation)
    com.unity.modules.assetbundle@1.0.0 (location: D:\Program Files\6000.1.5f1\Editor\Data\Resources\PackageManager\BuiltInPackages\com.unity.modules.assetbundle)
    com.unity.modules.audio@1.0.0 (location: D:\Program Files\6000.1.5f1\Editor\Data\Resources\PackageManager\BuiltInPackages\com.unity.modules.audio)
    com.unity.modules.cloth@1.0.0 (location: D:\Program Files\6000.1.5f1\Editor\Data\Resources\PackageManager\BuiltInPackages\com.unity.modules.cloth)
    com.unity.modules.director@1.0.0 (location: D:\Program Files\6000.1.5f1\Editor\Data\Resources\PackageManager\BuiltInPackages\com.unity.modules.director)
    com.unity.modules.imageconversion@1.0.0 (location: D:\Program Files\6000.1.5f1\Editor\Data\Resources\PackageManager\BuiltInPackages\com.unity.modules.imageconversion)
    com.unity.modules.imgui@1.0.0 (location: D:\Program Files\6000.1.5f1\Editor\Data\Resources\PackageManager\BuiltInPackages\com.unity.modules.imgui)
    com.unity.modules.jsonserialize@1.0.0 (location: D:\Program Files\6000.1.5f1\Editor\Data\Resources\PackageManager\BuiltInPackages\com.unity.modules.jsonserialize)
    com.unity.modules.particlesystem@1.0.0 (location: D:\Program Files\6000.1.5f1\Editor\Data\Resources\PackageManager\BuiltInPackages\com.unity.modules.particlesystem)
    com.unity.modules.physics@1.0.0 (location: D:\Program Files\6000.1.5f1\Editor\Data\Resources\PackageManager\BuiltInPackages\com.unity.modules.physics)
    com.unity.modules.physics2d@1.0.0 (location: D:\Program Files\6000.1.5f1\Editor\Data\Resources\PackageManager\BuiltInPackages\com.unity.modules.physics2d)
    com.unity.modules.screencapture@1.0.0 (location: D:\Program Files\6000.1.5f1\Editor\Data\Resources\PackageManager\BuiltInPackages\com.unity.modules.screencapture)
    com.unity.modules.terrain@1.0.0 (location: D:\Program Files\6000.1.5f1\Editor\Data\Resources\PackageManager\BuiltInPackages\com.unity.modules.terrain)
    com.unity.modules.terrainphysics@1.0.0 (location: D:\Program Files\6000.1.5f1\Editor\Data\Resources\PackageManager\BuiltInPackages\com.unity.modules.terrainphysics)
    com.unity.modules.tilemap@1.0.0 (location: D:\Program Files\6000.1.5f1\Editor\Data\Resources\PackageManager\BuiltInPackages\com.unity.modules.tilemap)
    com.unity.modules.ui@1.0.0 (location: D:\Program Files\6000.1.5f1\Editor\Data\Resources\PackageManager\BuiltInPackages\com.unity.modules.ui)
    com.unity.modules.uielements@1.0.0 (location: D:\Program Files\6000.1.5f1\Editor\Data\Resources\PackageManager\BuiltInPackages\com.unity.modules.uielements)
    com.unity.modules.umbra@1.0.0 (location: D:\Program Files\6000.1.5f1\Editor\Data\Resources\PackageManager\BuiltInPackages\com.unity.modules.umbra)
    com.unity.modules.unityanalytics@1.0.0 (location: D:\Program Files\6000.1.5f1\Editor\Data\Resources\PackageManager\BuiltInPackages\com.unity.modules.unityanalytics)
    com.unity.modules.unitywebrequest@1.0.0 (location: D:\Program Files\6000.1.5f1\Editor\Data\Resources\PackageManager\BuiltInPackages\com.unity.modules.unitywebrequest)
    com.unity.modules.unitywebrequestassetbundle@1.0.0 (location: D:\Program Files\6000.1.5f1\Editor\Data\Resources\PackageManager\BuiltInPackages\com.unity.modules.unitywebrequestassetbundle)
    com.unity.modules.unitywebrequestaudio@1.0.0 (location: D:\Program Files\6000.1.5f1\Editor\Data\Resources\PackageManager\BuiltInPackages\com.unity.modules.unitywebrequestaudio)
    com.unity.modules.unitywebrequesttexture@1.0.0 (location: D:\Program Files\6000.1.5f1\Editor\Data\Resources\PackageManager\BuiltInPackages\com.unity.modules.unitywebrequesttexture)
    com.unity.modules.unitywebrequestwww@1.0.0 (location: D:\Program Files\6000.1.5f1\Editor\Data\Resources\PackageManager\BuiltInPackages\com.unity.modules.unitywebrequestwww)
    com.unity.modules.vehicles@1.0.0 (location: D:\Program Files\6000.1.5f1\Editor\Data\Resources\PackageManager\BuiltInPackages\com.unity.modules.vehicles)
    com.unity.modules.video@1.0.0 (location: D:\Program Files\6000.1.5f1\Editor\Data\Resources\PackageManager\BuiltInPackages\com.unity.modules.video)
    com.unity.modules.vr@1.0.0 (location: D:\Program Files\6000.1.5f1\Editor\Data\Resources\PackageManager\BuiltInPackages\com.unity.modules.vr)
    com.unity.modules.wind@1.0.0 (location: D:\Program Files\6000.1.5f1\Editor\Data\Resources\PackageManager\BuiltInPackages\com.unity.modules.wind)
    com.unity.modules.xr@1.0.0 (location: D:\Program Files\6000.1.5f1\Editor\Data\Resources\PackageManager\BuiltInPackages\com.unity.modules.xr)
    com.unity.modules.subsystems@1.0.0 (location: D:\Program Files\6000.1.5f1\Editor\Data\Resources\PackageManager\BuiltInPackages\com.unity.modules.subsystems)
    com.unity.modules.hierarchycore@1.0.0 (location: D:\Program Files\6000.1.5f1\Editor\Data\Resources\PackageManager\BuiltInPackages\com.unity.modules.hierarchycore)
    com.unity.ugui@2.0.0 (location: D:\EchoXRTest\EchoRacerLive\Library\PackageCache\com.unity.ugui@7bf98f579204)
    com.unity.ext.nunit@2.0.5 (location: D:\EchoXRTest\EchoRacerLive\Library\PackageCache\com.unity.ext.nunit@031a54704bff)
    com.unity.render-pipelines.core@17.1.0 (location: D:\EchoXRTest\EchoRacerLive\Library\PackageCache\com.unity.render-pipelines.core@84f51632ce13)
    com.unity.shadergraph@17.1.0 (location: D:\EchoXRTest\EchoRacerLive\Library\PackageCache\com.unity.shadergraph@eb6dc067db28)
    com.unity.render-pipelines.universal-config@17.0.3 (location: D:\EchoXRTest\EchoRacerLive\Library\PackageCache\com.unity.render-pipelines.universal-config@6af1487fecff)
    com.unity.rendering.light-transport@1.0.1 (location: D:\EchoXRTest\EchoRacerLive\Library\PackageCache\com.unity.rendering.light-transport@ec31b4120e30)
    com.unity.textmeshpro@5.0.0 (location: D:\EchoXRTest\EchoRacerLive\Library\PackageCache\com.unity.textmeshpro@53f43edfd2e0)
[Physics::Module] Selected backend.
[Physics::Module] Name: PhysX
[Physics::Module] Id: 0xf2b8ea05
[Physics::Module] SDK Version: 4.1.2
[Physics::Module] Integration Version: 1.0.0
[Physics::Module] Threading Mode: Multi-Threaded
[Subsystems] Looking for new subsystems at path D:\EchoXRTest\EchoRacerLive\Library\PackageCache\com.unity.xr.arfoundation@238c430a5976
[Subsystems] Novel subsystem found at Library/PackageCache/com.unity.xr.arfoundation@238c430a5976/Runtime/UnitySubsystemsManifest.json
[Subsystems] Discovering subsystems at path D:/Program Files/6000.1.5f1/Editor/Data/Resources/UnitySubsystems
[Subsystems] Discovering subsystems at path D:/EchoXRTest/EchoRacerLive/Assets
[Subsystems] Discovering subsystems at path D:\EchoXRTest\EchoRacerLive\Library\PackageCache\com.unity.xr.arfoundation@238c430a5976
[Subsystems] No descriptors matched for  examples in Library/PackageCache/com.unity.xr.arfoundation@238c430a5976/Runtime/UnitySubsystemsManifest.json.
[Subsystems] 1 'inputs' descriptors matched in Library/PackageCache/com.unity.xr.arfoundation@238c430a5976/Runtime/UnitySubsystemsManifest.json
[Subsystems] No descriptors matched for  displays in Library/PackageCache/com.unity.xr.arfoundation@238c430a5976/Runtime/UnitySubsystemsManifest.json.
[Subsystems] 1 'meshings' descriptors matched in Library/PackageCache/com.unity.xr.arfoundation@238c430a5976/Runtime/UnitySubsystemsManifest.json
[Subsystems] Discovering subsystems at path D:\EchoXRTest\EchoRacerLive\Library\PackageCache\com.unity.xr.meta-openxr@10f1e719144e
[Subsystems] No descriptors matched for  examples in Library/PackageCache/com.unity.xr.meta-openxr@10f1e719144e/Runtime/UnitySubsystemsManifest.json.
[Subsystems] No descriptors matched for  inputs in Library/PackageCache/com.unity.xr.meta-openxr@10f1e719144e/Runtime/UnitySubsystemsManifest.json.
[Subsystems] No descriptors matched for  displays in Library/PackageCache/com.unity.xr.meta-openxr@10f1e719144e/Runtime/UnitySubsystemsManifest.json.
[Subsystems] 1 'meshings' descriptors matched in Library/PackageCache/com.unity.xr.meta-openxr@10f1e719144e/Runtime/UnitySubsystemsManifest.json
[Subsystems] Discovering subsystems at path D:\EchoXRTest\EchoRacerLive\Library\PackageCache\com.unity.xr.openxr@3903c1059bcf
[Subsystems] No descriptors matched for  examples in Library/PackageCache/com.unity.xr.openxr@3903c1059bcf/Runtime/UnitySubsystemsManifest.json.
[Subsystems] 1 'inputs' descriptors matched in Library/PackageCache/com.unity.xr.openxr@3903c1059bcf/Runtime/UnitySubsystemsManifest.json
[Subsystems] 1 'displays' descriptors matched in Library/PackageCache/com.unity.xr.openxr@3903c1059bcf/Runtime/UnitySubsystemsManifest.json
[Subsystems] No descriptors matched for  meshings in Library/PackageCache/com.unity.xr.openxr@3903c1059bcf/Runtime/UnitySubsystemsManifest.json.
Package Manager log level set to [2]
[Package Manager] Done registering packages in 0.13 seconds
Targeting platform: StandaloneWindows64
Refreshing native plugins compatible for Editor in 45.83 ms, found 20 plugins.
Unity memory allocator detected: MetaXRAudio native memory allocations will be tracked.
Preloading 2 native plugins for Editor in 2.88 ms.
Initialize engine version: 6000.1.5f1 (923722cbbcfc)
[Subsystems] Discovering subsystems at path D:/Program Files/6000.1.5f1/Editor/Data/Resources/UnitySubsystems
[Subsystems] Discovering subsystems at path D:/EchoXRTest/EchoRacerLive/Assets
[Subsystems] Discovering subsystems at path D:\EchoXRTest\EchoRacerLive\Library\PackageCache\com.unity.xr.arfoundation@238c430a5976
[Subsystems] No descriptors matched for  examples in Library/PackageCache/com.unity.xr.arfoundation@238c430a5976/Runtime/UnitySubsystemsManifest.json.
[Subsystems] 1 'inputs' descriptors matched in Library/PackageCache/com.unity.xr.arfoundation@238c430a5976/Runtime/UnitySubsystemsManifest.json
[Subsystems] No descriptors matched for  displays in Library/PackageCache/com.unity.xr.arfoundation@238c430a5976/Runtime/UnitySubsystemsManifest.json.
[Subsystems] 1 'meshings' descriptors matched in Library/PackageCache/com.unity.xr.arfoundation@238c430a5976/Runtime/UnitySubsystemsManifest.json
[Subsystems] Discovering subsystems at path D:\EchoXRTest\EchoRacerLive\Library\PackageCache\com.unity.xr.meta-openxr@10f1e719144e
[Subsystems] No descriptors matched for  examples in Library/PackageCache/com.unity.xr.meta-openxr@10f1e719144e/Runtime/UnitySubsystemsManifest.json.
[Subsystems] No descriptors matched for  inputs in Library/PackageCache/com.unity.xr.meta-openxr@10f1e719144e/Runtime/UnitySubsystemsManifest.json.
[Subsystems] No descriptors matched for  displays in Library/PackageCache/com.unity.xr.meta-openxr@10f1e719144e/Runtime/UnitySubsystemsManifest.json.
[Subsystems] 1 'meshings' descriptors matched in Library/PackageCache/com.unity.xr.meta-openxr@10f1e719144e/Runtime/UnitySubsystemsManifest.json
[Subsystems] Discovering subsystems at path D:\EchoXRTest\EchoRacerLive\Library\PackageCache\com.unity.xr.openxr@3903c1059bcf
[Subsystems] No descriptors matched for  examples in Library/PackageCache/com.unity.xr.openxr@3903c1059bcf/Runtime/UnitySubsystemsManifest.json.
[Subsystems] 1 'inputs' descriptors matched in Library/PackageCache/com.unity.xr.openxr@3903c1059bcf/Runtime/UnitySubsystemsManifest.json
[Subsystems] 1 'displays' descriptors matched in Library/PackageCache/com.unity.xr.openxr@3903c1059bcf/Runtime/UnitySubsystemsManifest.json
[Subsystems] No descriptors matched for  meshings in Library/PackageCache/com.unity.xr.openxr@3903c1059bcf/Runtime/UnitySubsystemsManifest.json.
GfxDevice: creating device client; kGfxThreadingModeNonThreaded
Direct3D:
    Version:  Direct3D 11.0 [level 11.1]
    Renderer: Intel(R) HD Graphics 4600 (ID=0x412)
    Vendor:   Intel
    VRAM:     2048 MB
    Driver:   20.19.15.5126
Shader Hidden/ProbeVolume/VoxelizeScene is not supported: GPU does not support conservative rasterization
Shader 'Oculus/OVRMRCameraFrameLit': fallback shader 'Alpha-Diffuse' not found
Shader 'Meta/MRUK/Scene/HighlightsAndShadows': fallback shader 'Off' not found
[Licensing::Client] Successfully resolved entitlement details
[Licensing::Module] Serial number assigned to: "F4-ZGNV-KBAY-R3YF-FC7T-XXXX"
[Licensing::Module] Serial number assigned to: "2474689872811-UnityPersXXXX"
Initialize mono
Mono path[0] = 'D:/Program Files/6000.1.5f1/Editor/Data/Managed'
Mono path[1] = 'D:/Program Files/6000.1.5f1/Editor/Data/MonoBleedingEdge/lib/mono/unityjit-win32'
Mono config path = 'D:/Program Files/6000.1.5f1/Editor/Data/MonoBleedingEdge/etc'
Using monoOptions --debugger-agent=transport=dt_socket,embedding=1,server=y,suspend=n,address=127.0.0.1:56928
Using cacheserver namespaces - metadata:defaultmetadata, artifacts:defaultartifacts
Using cacheserver namespaces - metadata:defaultmetadata, artifacts:defaultartifacts
ImportWorker Server TCP listen port: 0
AcceleratorClientConnectionCallback - disconnected - :0
Begin MonoManager ReloadAssembly
Registering precompiled unity dll's ...
Register platform support module: D:/Program Files/6000.1.5f1/Editor/Data/PlaybackEngines/WindowsStandaloneSupport/UnityEditor.WindowsStandalone.Extensions.dll
[Licensing::Client] Successfully resolved entitlement details
[Licensing::Module] Serial number assigned to: "F4-ZGNV-KBAY-R3YF-FC7T-XXXX"
[Licensing::Module] Serial number assigned to: "2474689872811-UnityPersXXXX"
Register platform support module: D:/Program Files/6000.1.5f1/Editor/Data/PlaybackEngines/AndroidPlayer/UnityEditor.Android.Extensions.dll
Registered in 0.015160 seconds.
- Loaded All Assemblies, in  0.556 seconds
Native extension for Android target not found
Android Extension - Scanning For ADB Devices 2276 ms
Native extension for WindowsStandalone target not found
Mono: successfully reloaded assembly
- Finished resetting the current domain, in  2.807 seconds
Domain Reload Profiling: 3363ms
	BeginReloadAssembly (196ms)
		ExecutionOrderSort (0ms)
		DisableScriptedObjects (0ms)
		BackupInstance (0ms)
		ReleaseScriptingObjects (0ms)
		CreateAndSetChildDomain (1ms)
	RebuildCommonClasses (50ms)
	RebuildNativeTypeToScriptingClass (17ms)
	initialDomainReloadingComplete (76ms)
	LoadAllAssembliesAndSetupDomain (217ms)
		LoadAssemblies (197ms)
		RebuildTransferFunctionScriptingTraits (0ms)
		AnalyzeDomain (211ms)
			TypeCache.Refresh (210ms)
				TypeCache.ScanAssembly (192ms)
			BuildScriptInfoCaches (0ms)
			ResolveRequiredComponents (1ms)
	FinalizeReload (2808ms)
		ReleaseScriptCaches (0ms)
		RebuildScriptCaches (0ms)
		SetupLoadedEditorAssemblies (2760ms)
			LogAssemblyErrors (0ms)
			InitializePlatformSupportModulesInManaged (2453ms)
			SetLoadedEditorAssemblies (5ms)
			BeforeProcessingInitializeOnLoad (78ms)
			ProcessInitializeOnLoadAttributes (149ms)
			ProcessInitializeOnLoadMethodAttributes (75ms)
			AfterProcessingInitializeOnLoad (0ms)
			EditorAssembliesLoaded (0ms)
		ExecutionOrderSort2 (0ms)
		AwakeInstancesAfterBackupRestoration (0ms)
[Licensing::Client] Successfully resolved entitlement details
[Licensing::Module] Serial number assigned to: "F4-ZGNV-KBAY-R3YF-FC7T-XXXX"
[Licensing::Module] Serial number assigned to: "2474689872811-UnityPersXXXX"
Application.AssetDatabase Initial Refresh Start
Starting: D:\Program Files\6000.1.5f1\Editor\Data\bee_backend.exe --ipc --defer-dag-verification --dagfile="Library/Bee/1900b0aEDbg.dag" --continue-on-failure --profile="Library/Bee/backend1.traceevents" ScriptAssemblies
WorkingDir: D:/EchoXRTest/EchoRacerLive
DisplayProgressbar: Compiling Scripts
Starting: D:\Program Files\6000.1.5f1\Editor\Data\Tools\netcorerun\netcorerun.exe "D:\Program Files\6000.1.5f1\Editor\Data\Tools\BuildPipeline\ScriptCompilationBuildProgram.exe" "Library/Bee/1900b0aEDbg.dag.json" "Library/Bee/1900b0aEDbg-inputdata.json" "Library\Bee\buildprogram0.traceevents"
WorkingDir: D:/EchoXRTest/EchoRacerLive
ExitCode: 4 Duration: 0s822ms
[1735/2348  0s] ILPP-Configuration Library/ilpp-configuration.nevergeneratedoutput
Rebuilding DAG because FileSignature timestamp changed: Library/Bee/1900b0aEDbg-inputdata.json
*** Tundra requires additional run (0.77 seconds), 1 items updated, 2348 evaluated
ExitCode: 0 Duration: 2s443ms
Starting: D:\Program Files\6000.1.5f1\Editor\Data\bee_backend.exe --ipc --defer-dag-verification --dagfile="Library/Bee/1900b0aEDbg.dag" --continue-on-failure --dagfilejson="Library\Bee\1900b0aEDbg.dag.json" --profile="Library/Bee/backend2.traceevents" ScriptAssemblies
WorkingDir: D:/EchoXRTest/EchoRacerLive
ExitCode: 0 Duration: 1s129ms
Finished compiling graph: 2352 nodes, 54409 flattened edges (40347 ToBuild, 422 ToUse), maximum node priority 3287
[1735/2348  0s] ILPP-Configuration Library/ilpp-configuration.nevergeneratedoutput
*** Tundra build success (1.08 seconds), 1 items updated, 2348 evaluated
AssetDatabase: script compilation time: 5.210060s
Begin MonoManager ReloadAssembly
- Loaded All Assemblies, in  1.804 seconds
Script 'CharacterController' has the same name as built-in Unity component.
AddComponent and GetComponent will not work with this script.
'Packages/com.meta.xr.sdk.core/Editor/BuildingBlocks/BlocksWindowDetailsExtension.cs' contains partial class of Unity.Object, exactly 1 of the partial classes needs to be in a file with the same filename. This is to know the one that can be referenced from ie. GameObjects
'Packages/com.meta.xr.sdk.core/Editor/BuildingBlocks/BlocksWindow.cs' contains partial class of Unity.Object, exactly 1 of the partial classes needs to be in a file with the same filename. This is to know the one that can be referenced from ie. GameObjects
'Packages/com.meta.xr.sdk.core/Editor/BuildingBlocks/BlocksWindowCollectionsPageExtension.cs' contains partial class of Unity.Object, exactly 1 of the partial classes needs to be in a file with the same filename. This is to know the one that can be referenced from ie. GameObjects
'Assets/Photon/Fusion/Runtime/Fusion.Unity.cs' contains partial class of Unity.Object, exactly 1 of the partial classes needs to be in a file with the same filename. This is to know the one that can be referenced from ie. GameObjects
'Assets/Photon/Fusion/Runtime/Fusion.Unity.cs' contains partial class of Unity.Object, exactly 1 of the partial classes needs to be in a file with the same filename. This is to know the one that can be referenced from ie. GameObjects
Refreshing native plugins compatible for Editor in 27.50 ms, found 20 plugins.
Native extension for Android target not found
Native extension for WindowsStandalone target not found
Refreshing native plugins compatible for Editor in 25.77 ms, found 20 plugins.
Mono: successfully reloaded assembly
- Finished resetting the current domain, in  9.010 seconds
Domain Reload Profiling: 10811ms
	BeginReloadAssembly (377ms)
		ExecutionOrderSort (0ms)
		DisableScriptedObjects (15ms)
		BackupInstance (0ms)
		ReleaseScriptingObjects (0ms)
		CreateAndSetChildDomain (161ms)
	RebuildCommonClasses (48ms)
	RebuildNativeTypeToScriptingClass (17ms)
	initialDomainReloadingComplete (42ms)
	LoadAllAssembliesAndSetupDomain (1317ms)
		LoadAssemblies (797ms)
		RebuildTransferFunctionScriptingTraits (0ms)
		AnalyzeDomain (678ms)
			TypeCache.Refresh (458ms)
				TypeCache.ScanAssembly (426ms)
			BuildScriptInfoCaches (169ms)
			ResolveRequiredComponents (44ms)
	FinalizeReload (9010ms)
		ReleaseScriptCaches (0ms)
		RebuildScriptCaches (0ms)
		SetupLoadedEditorAssemblies (8654ms)
			LogAssemblyErrors (0ms)
			InitializePlatformSupportModulesInManaged (56ms)
			SetLoadedEditorAssemblies (16ms)
			BeforeProcessingInitializeOnLoad (461ms)
			ProcessInitializeOnLoadAttributes (7868ms)
			ProcessInitializeOnLoadMethodAttributes (247ms)
			AfterProcessingInitializeOnLoad (4ms)
			EditorAssembliesLoaded (1ms)
		ExecutionOrderSort2 (0ms)
		AwakeInstancesAfterBackupRestoration (14ms)
Asset Pipeline Refresh (id=62b017eebfcd4ca499258fa29b8392f9): Total: 17.857 seconds - Initiated by InitialRefreshV2(ForceSynchronousImport)
	Summary:
		Imports: total=0 (actual=0, local cache=0, cache server=0)
		Asset DB Process Time: managed=0 ms, native=10361 ms
		Asset DB Callback time: managed=173 ms, native=0 ms
		Scripting: domain reloads=1, domain reload time=1804 ms, compile time=5212 ms, other=304 ms
		Project Asset Count: scripts=3205, non-scripts=5255
		Asset File Changes: new=0, changed=0, moved=0, deleted=0
		Scan Filter Count: 0
	InvokeCustomDependenciesCallbacks: 0.001ms
	InvokePackagesCallback: 2.807ms
	ApplyChangesToAssetFolders: 0.750ms
	Scan: 291.008ms
	OnSourceAssetsModified: 0.001ms
	CategorizeAssetsWithTransientArtifact: 113.911ms
	ProcessAssetsWithTransientArtifactChanges: 234.673ms
	CategorizeAssets: 175.231ms
	ImportOutOfDateAssets: 9084.872ms (3868.819ms without children)
		CompileScripts: 5211.648ms
		ReloadNativeAssets: 0.077ms
		UnloadImportedAssets: 1.153ms
		EnsureUptoDateAssetsAreRegisteredWithGuidPM: 2.241ms
		InitializingProgressBar: 0.001ms
		PostProcessAllAssetNotificationsAddChangedAssets: 0.001ms
		OnDemandSchedulerStart: 0.933ms
	PostProcessAllAssets: 173.567ms
	GatherAllCurrentPrimaryArtifactRevisions: 0.001ms
	UnloadStreamsBegin: 4.105ms
	PersistCurrentRevisions: 0.369ms
	UnloadStreamsEnd: 0.002ms
	GenerateScriptTypeHashes: 33.979ms
	Untracked: 7775.538ms

Application.AssetDatabase Initial Refresh End
Launched and connected shader compiler UnityShaderCompiler.exe after 0.03 seconds
Scanning for USB devices : 0.374ms
Initializing Unity extensions:
[Licensing::Client] Successfully resolved entitlement details
[Licensing::Module] Serial number assigned to: "F4-ZGNV-KBAY-R3YF-FC7T-XXXX"
[Licensing::Module] Serial number assigned to: "2474689872811-UnityPersXXXX"
[MODES] ModeService[none].Initialize
[MODES] ModeService[none].LoadModes
[MODES] Loading mode Default (0) for mode-current-id-MRCore
Unloading 65 Unused Serialized files (Serialized files now loaded: 0)
Unloading 10399 unused Assets / (14.5 MB). Loaded Objects now: 11178.
Memory consumption went from 254.9 MB to 240.4 MB.
Total: 28.686300 ms (FindLiveObjects: 1.354000 ms CreateObjectMapping: 2.652300 ms MarkObjects: 14.379900 ms  DeleteObjects: 10.298400 ms)

Unity.Tutorials.Core.Editor.BuildStartedCriterion must be instantiated using the ScriptableObject.CreateInstance method instead of new BuildStartedCriterion.
UnityEngine.Debug:ExtractStackTraceNoAlloc (byte*,int,string)
UnityEngine.StackTraceUtility:ExtractStackTrace ()
UnityEngine.ScriptableObject:.ctor ()
Unity.Tutorials.Core.Editor.Criterion:.ctor () (at ./Library/PackageCache/com.unity.learn.iet-framework@4bd5247958fc/Editor/Criteria/Criterion.cs:114)
Unity.Tutorials.Core.Editor.PreprocessBuildCriterion:.ctor ()
Unity.Tutorials.Core.Editor.BuildStartedCriterion:.ctor ()
System.Reflection.RuntimeConstructorInfo:InternalInvoke (object,object[],bool)
System.RuntimeType:CreateInstanceMono (bool,bool)
System.RuntimeType:CreateInstanceSlow (bool,bool,bool,bool)
System.RuntimeType:CreateInstanceDefaultCtor (bool,bool,bool,bool,System.Threading.StackCrawlMark&)
System.Activator:CreateInstance (System.Type,bool,bool)
System.Activator:CreateInstance (System.Type,bool)
System.Activator:CreateInstance (System.Type)
UnityEditor.Build.BuildPipelineInterfaces:AddToListIfTypeImplementsInterface<UnityEditor.Build.IPreprocessBuildWithReport> (System.Type,object&,System.Collections.Generic.List`1<UnityEditor.Build.IPreprocessBuildWithReport>&)
UnityEditor.Build.BuildPipelineInterfaces:InitializeBuildCallbacks (UnityEditor.Build.BuildPipelineInterfaces/BuildCallbacks)
UnityEditor.BuildPipeline:BuildPlayerInternalNoCheck (string[],string,string,UnityEditor.BuildTargetGroup,UnityEditor.BuildTarget,int,UnityEditor.BuildOptions,string[],bool)
UnityEditor.BuildPipeline:BuildPlayerInternal (string[],string,string,UnityEditor.BuildTargetGroup,UnityEditor.BuildTarget,int,UnityEditor.BuildOptions,string[])
UnityEditor.BuildPipeline:BuildPlayer (string[],string,string,UnityEditor.BuildTargetGroup,UnityEditor.BuildTarget,int,UnityEditor.BuildOptions,string[])
UnityEditor.BuildPipeline:BuildPlayer (UnityEditor.BuildPlayerOptions)
BuildCommand:BuildStandaloneWindows64 () (at Assets/ERL/Editor/BuildCommand.cs:16)

[./Library/PackageCache/com.unity.learn.iet-framework@4bd5247958fc/Editor/Criteria/Criterion.cs line 114]

Unity.Tutorials.Core.Editor.BuildStartedCriterion must be instantiated using the ScriptableObject.CreateInstance method instead of new BuildStartedCriterion.
UnityEngine.Debug:ExtractStackTraceNoAlloc (byte*,int,string)
UnityEngine.StackTraceUtility:ExtractStackTrace ()
UnityEngine.ScriptableObject:.ctor ()
Unity.Tutorials.Core.Editor.Criterion:.ctor () (at ./Library/PackageCache/com.unity.learn.iet-framework@4bd5247958fc/Editor/Criteria/Criterion.cs:114)
Unity.Tutorials.Core.Editor.PreprocessBuildCriterion:.ctor ()
Unity.Tutorials.Core.Editor.BuildStartedCriterion:.ctor ()
System.Reflection.RuntimeConstructorInfo:InternalInvoke (object,object[],bool)
System.RuntimeType:CreateInstanceMono (bool,bool)
System.RuntimeType:CreateInstanceSlow (bool,bool,bool,bool)
System.RuntimeType:CreateInstanceDefaultCtor (bool,bool,bool,bool,System.Threading.StackCrawlMark&)
System.Activator:CreateInstance (System.Type,bool,bool)
System.Activator:CreateInstance (System.Type,bool)
System.Activator:CreateInstance (System.Type)
UnityEditor.Build.BuildPipelineInterfaces:AddToListIfTypeImplementsInterface<UnityEditor.Build.IPreprocessBuildWithReport> (System.Type,object&,System.Collections.Generic.List`1<UnityEditor.Build.IPreprocessBuildWithReport>&)
UnityEditor.Build.BuildPipelineInterfaces:InitializeBuildCallbacks (UnityEditor.Build.BuildPipelineInterfaces/BuildCallbacks)
UnityEditor.BuildPipeline:BuildPlayerInternalNoCheck (string[],string,string,UnityEditor.BuildTargetGroup,UnityEditor.BuildTarget,int,UnityEditor.BuildOptions,string[],bool)
UnityEditor.BuildPipeline:BuildPlayerInternal (string[],string,string,UnityEditor.BuildTargetGroup,UnityEditor.BuildTarget,int,UnityEditor.BuildOptions,string[])
UnityEditor.BuildPipeline:BuildPlayer (string[],string,string,UnityEditor.BuildTargetGroup,UnityEditor.BuildTarget,int,UnityEditor.BuildOptions,string[])
UnityEditor.BuildPipeline:BuildPlayer (UnityEditor.BuildPlayerOptions)
BuildCommand:BuildStandaloneWindows64 () (at Assets/ERL/Editor/BuildCommand.cs:16)

[./Library/PackageCache/com.unity.learn.iet-framework@4bd5247958fc/Editor/Criteria/Criterion.cs line 114]

3 URP assets included in build
- Standalone Performant Preset - Assets/Settings/Project Configuration/Standalone Performant Preset.asset
	 - Performant URP Renderer Config - Assets/Settings/Project Configuration/Performant URP Renderer Config.asset - UnityEngine.Rendering.Universal.UniversalRendererData
- Standalone Balanced Preset - Assets/Settings/Project Configuration/Standalone Balanced Preset.asset
	 - Balanced URP Renderer Config - Assets/Settings/Project Configuration/Balanced URP Renderer Config.asset - UnityEngine.Rendering.Universal.UniversalRendererData
- URP-HighFidelity - Assets/Settings/URP-HighFidelity.asset
	 - URP-HighFidelity-Renderer - Assets/Settings/URP-HighFidelity-Renderer.asset - UnityEngine.Rendering.Universal.UniversalRendererData
UnityEngine.Debug:ExtractStackTraceNoAlloc (byte*,int,string)
UnityEngine.StackTraceUtility:ExtractStackTrace ()
UnityEngine.DebugLogHandler:Internal_Log (UnityEngine.LogType,UnityEngine.LogOption,string,UnityEngine.Object)
UnityEngine.DebugLogHandler:LogFormat (UnityEngine.LogType,UnityEngine.Object,string,object[])
UnityEngine.Logger:Log (UnityEngine.LogType,object)
UnityEngine.Debug:Log (object)
UnityEditor.Rendering.Universal.URPPreprocessBuild:LogIncludedAssets (System.Collections.Generic.List`1<UnityEngine.Rendering.Universal.UniversalRenderPipelineAsset>) (at ./Library/PackageCache/com.unity.render-pipelines.universal@43e3bf1c3037/Editor/BuildProcessors/URPPreprocessBuild.cs:52)
UnityEditor.Rendering.Universal.URPPreprocessBuild:OnPreprocessBuild (UnityEditor.Build.Reporting.BuildReport) (at ./Library/PackageCache/com.unity.render-pipelines.universal@43e3bf1c3037/Editor/BuildProcessors/URPPreprocessBuild.cs:30)
UnityEditor.Build.BuildPipelineInterfaces/<>c__DisplayClass16_0:<OnBuildPreProcess>b__1 (UnityEditor.Build.IPreprocessBuildWithReport)
UnityEditor.Build.BuildPipelineInterfaces:InvokeCallbackInterfacesPair<UnityEditor.Build.IPreprocessBuild, UnityEditor.Build.IPreprocessBuildWithReport> (System.Collections.Generic.List`1<UnityEditor.Build.IPreprocessBuild>,System.Action`1<UnityEditor.Build.IPreprocessBuild>,System.Collections.Generic.List`1<UnityEditor.Build.IPreprocessBuildWithReport>,System.Action`1<UnityEditor.Build.IPreprocessBuildWithReport>,bool)
UnityEditor.Build.BuildPipelineInterfaces:OnBuildPreProcess (UnityEditor.Build.Reporting.BuildReport)
UnityEditor.BuildPipeline:BuildPlayerInternalNoCheck (string[],string,string,UnityEditor.BuildTargetGroup,UnityEditor.BuildTarget,int,UnityEditor.BuildOptions,string[],bool)
UnityEditor.BuildPipeline:BuildPlayerInternal (string[],string,string,UnityEditor.BuildTargetGroup,UnityEditor.BuildTarget,int,UnityEditor.BuildOptions,string[])
UnityEditor.BuildPipeline:BuildPlayer (string[],string,string,UnityEditor.BuildTargetGroup,UnityEditor.BuildTarget,int,UnityEditor.BuildOptions,string[])
UnityEditor.BuildPipeline:BuildPlayer (UnityEditor.BuildPlayerOptions)
BuildCommand:BuildStandaloneWindows64 () (at Assets/ERL/Editor/BuildCommand.cs:16)

(Filename: ./Library/PackageCache/com.unity.render-pipelines.universal@43e3bf1c3037/Editor/BuildProcessors/URPPreprocessBuild.cs Line: 52)

Font Asset [LiberationSans SDF - Fallback] Units Per EM set to 2048. Please commit the newly serialized value.
UnityEngine.Debug:ExtractStackTraceNoAlloc (byte*,int,string)
UnityEngine.StackTraceUtility:ExtractStackTrace ()
UnityEngine.DebugLogHandler:Internal_Log (UnityEngine.LogType,UnityEngine.LogOption,string,UnityEngine.Object)
UnityEngine.DebugLogHandler:LogFormat (UnityEngine.LogType,UnityEngine.Object,string,object[])
UnityEngine.Logger:Log (UnityEngine.LogType,object)
UnityEngine.Debug:Log (object)
TMPro.TMP_FontAsset:ReadFontAssetDefinition () (at ./Library/PackageCache/com.unity.ugui@7bf98f579204/Runtime/TMP/TMP_FontAsset.cs:819)
TMPro.TMP_FontAsset:OnValidate () (at ./Library/PackageCache/com.unity.ugui@7bf98f579204/Runtime/TMP/TMP_FontAsset.cs:757)
UnityEditor.AssetDatabase:LoadAssetAtPath (string,System.Type)
UnityEditor.AssetDatabase:LoadAssetAtPath<Meta.XR.BuildingBlocks.Editor.BlockBaseData> (string)
Meta.XR.BuildingBlocks.Editor.CachedIdDictionary`1/<>c<Meta.XR.BuildingBlocks.Editor.BlockBaseData>:<FindAssets>b__4_0 (string) (at ./Library/PackageCache/com.meta.xr.sdk.core@503a72ca5496/Editor/BuildingBlocks/Utils/CachedDictionary.cs:46)
System.Linq.Enumerable/SelectArrayIterator`2<string, Meta.XR.BuildingBlocks.Editor.BlockBaseData>:MoveNext ()
System.Linq.Enumerable/WhereEnumerableIterator`1<Meta.XR.BuildingBlocks.Editor.BlockBaseData>:MoveNext ()
System.Collections.Generic.List`1<Meta.XR.BuildingBlocks.Editor.BlockBaseData>:AddEnumerable (System.Collections.Generic.IEnumerable`1<Meta.XR.BuildingBlocks.Editor.BlockBaseData>)
System.Collections.Generic.List`1<Meta.XR.BuildingBlocks.Editor.BlockBaseData>:InsertRange (int,System.Collections.Generic.IEnumerable`1<Meta.XR.BuildingBlocks.Editor.BlockBaseData>)
System.Collections.Generic.List`1<Meta.XR.BuildingBlocks.Editor.BlockBaseData>:AddRange (System.Collections.Generic.IEnumerable`1<Meta.XR.BuildingBlocks.Editor.BlockBaseData>)
Meta.XR.BuildingBlocks.Editor.CachedIdDictionary`1<Meta.XR.BuildingBlocks.Editor.BlockBaseData>:Refresh () (at ./Library/PackageCache/com.meta.xr.sdk.core@503a72ca5496/Editor/BuildingBlocks/Utils/CachedDictionary.cs:58)
Meta.XR.BuildingBlocks.Editor.CachedIdDictionary`1<Meta.XR.BuildingBlocks.Editor.BlockBaseData>:get_Item (string) (at ./Library/PackageCache/com.meta.xr.sdk.core@503a72ca5496/Editor/BuildingBlocks/Utils/CachedDictionary.cs:79)
Meta.XR.BuildingBlocks.Editor.Utils:GetBlockData (string) (at ./Library/PackageCache/com.meta.xr.sdk.core@503a72ca5496/Editor/BuildingBlocks/Utils.cs:269)
Meta.XR.BuildingBlocks.Editor.Utils:GetBlocks (string) (at ./Library/PackageCache/com.meta.xr.sdk.core@503a72ca5496/Editor/BuildingBlocks/Utils.cs:297)
Meta.XR.BuildingBlocks.Editor.SpatialAudioSetupRules/<>c:<.cctor>b__5_0 (UnityEditor.BuildTargetGroup) (at ./Library/PackageCache/com.meta.xr.sdk.core@503a72ca5496/Editor/BuildingBlocks/BlockData/SpatialAudio/Scripts/SpatialAudioSetupRules.cs:53)
OVRConfigurationTask:GetDoneState (UnityEditor.BuildTargetGroup) (at ./Library/PackageCache/com.meta.xr.sdk.core@503a72ca5496/Editor/OVRProjectSetup/Tasks/OVRConfigurationTask.cs:350)
OVRConfigurationTaskUpdater:CacheDoneResultAndReturnIfStateChanged (OVRConfigurationTask,UnityEditor.BuildTargetGroup) (at ./Library/PackageCache/com.meta.xr.sdk.core@503a72ca5496/Editor/OVRProjectSetup/Tasks/Processors/OVRConfigurationTaskUpdater.cs:104)
OVRConfigurationTaskUpdater:ProcessTask (OVRConfigurationTask) (at ./Library/PackageCache/com.meta.xr.sdk.core@503a72ca5496/Editor/OVRProjectSetup/Tasks/Processors/OVRConfigurationTaskUpdater.cs:87)
OVRConfigurationTaskProcessor:Update () (at ./Library/PackageCache/com.meta.xr.sdk.core@503a72ca5496/Editor/OVRProjectSetup/Tasks/Processors/OVRConfigurationTaskProcessor.cs:120)
OVRConfigurationTaskProcessorQueue:Update () (at ./Library/PackageCache/com.meta.xr.sdk.core@503a72ca5496/Editor/OVRProjectSetup/Tasks/Processors/OVRConfigurationTaskProcessorQueue.cs:132)
OVRConfigurationTaskProcessorQueue:Enqueue (OVRConfigurationTaskProcessor) (at ./Library/PackageCache/com.meta.xr.sdk.core@503a72ca5496/Editor/OVRProjectSetup/Tasks/Processors/OVRConfigurationTaskProcessorQueue.cs:93)
OVRConfigurationTaskProcessorQueue:Request (OVRConfigurationTaskProcessor) (at ./Library/PackageCache/com.meta.xr.sdk.core@503a72ca5496/Editor/OVRProjectSetup/Tasks/Processors/OVRConfigurationTaskProcessorQueue.cs:67)
OVRProjectSetup:UpdateTasks (UnityEditor.BuildTargetGroup,System.Func`2<System.Collections.Generic.IEnumerable`1<OVRConfigurationTask>, System.Collections.Generic.List`1<OVRConfigurationTask>>,OVRProjectSetup/LogMessages,bool,System.Action`1<OVRConfigurationTaskProcessor>) (at ./Library/PackageCache/com.meta.xr.sdk.core@503a72ca5496/Editor/OVRProjectSetup/OVRProjectSetup.cs:426)
OVRProjectSetupBuildValidator:PreprocessBuild (UnityEditor.BuildTargetGroup,string) (at ./Library/PackageCache/com.meta.xr.sdk.core@503a72ca5496/Editor/OVRProjectSetup/OVRProjectSetupBuildValidator.cs:45)
OVRProjectSetupBuildValidator:OnPreprocessBuild (UnityEditor.Build.Reporting.BuildReport) (at ./Library/PackageCache/com.meta.xr.sdk.core@503a72ca5496/Editor/OVRProjectSetup/OVRProjectSetupBuildValidator.cs:35)
UnityEditor.Build.BuildPipelineInterfaces/<>c__DisplayClass16_0:<OnBuildPreProcess>b__1 (UnityEditor.Build.IPreprocessBuildWithReport)
UnityEditor.Build.BuildPipelineInterfaces:InvokeCallbackInterfacesPair<UnityEditor.Build.IPreprocessBuild, UnityEditor.Build.IPreprocessBuildWithReport> (System.Collections.Generic.List`1<UnityEditor.Build.IPreprocessBuild>,System.Action`1<UnityEditor.Build.IPreprocessBuild>,System.Collections.Generic.List`1<UnityEditor.Build.IPreprocessBuildWithReport>,System.Action`1<UnityEditor.Build.IPreprocessBuildWithReport>,bool)
UnityEditor.Build.BuildPipelineInterfaces:OnBuildPreProcess (UnityEditor.Build.Reporting.BuildReport)
UnityEditor.BuildPipeline:BuildPlayerInternalNoCheck (string[],string,string,UnityEditor.BuildTargetGroup,UnityEditor.BuildTarget,int,UnityEditor.BuildOptions,string[],bool)
UnityEditor.BuildPipeline:BuildPlayerInternal (string[],string,string,UnityEditor.BuildTargetGroup,UnityEditor.BuildTarget,int,UnityEditor.BuildOptions,string[])
UnityEditor.BuildPipeline:BuildPlayer (string[],string,string,UnityEditor.BuildTargetGroup,UnityEditor.BuildTarget,int,UnityEditor.BuildOptions,string[])
UnityEditor.BuildPipeline:BuildPlayer (UnityEditor.BuildPlayerOptions)
BuildCommand:BuildStandaloneWindows64 () (at Assets/ERL/Editor/BuildCommand.cs:16)

(Filename: ./Library/PackageCache/com.unity.ugui@7bf98f579204/Runtime/TMP/TMP_FontAsset.cs Line: 819)

[Optional] Switch to use InputSystem.XR.PoseControl instead of OpenXR.Input.PoseControl, which will be deprecated in a future release.
UnityEngine.Debug:ExtractStackTraceNoAlloc (byte*,int,string)
UnityEngine.StackTraceUtility:ExtractStackTrace ()
UnityEngine.DebugLogHandler:Internal_Log (UnityEngine.LogType,UnityEngine.LogOption,string,UnityEngine.Object)
UnityEngine.DebugLogHandler:LogFormat (UnityEngine.LogType,UnityEngine.Object,string,object[])
UnityEngine.Logger:Log (UnityEngine.LogType,object)
UnityEngine.Debug:LogWarning (object)
UnityEditor.XR.OpenXR.OpenXRProjectValidation:LogBuildValidationIssues (UnityEditor.BuildTargetGroup) (at ./Library/PackageCache/com.unity.xr.openxr@3903c1059bcf/Runtime/OpenXRProjectValidation.cs:378)
UnityEditor.XR.OpenXR.OpenXRProjectValidationBuildStep:OnPreprocessBuild (UnityEditor.Build.Reporting.BuildReport) (at ./Library/PackageCache/com.unity.xr.openxr@3903c1059bcf/Editor/OpenXRProjectValidationRulesSetup.cs:223)
UnityEditor.Build.BuildPipelineInterfaces/<>c__DisplayClass16_0:<OnBuildPreProcess>b__1 (UnityEditor.Build.IPreprocessBuildWithReport)
UnityEditor.Build.BuildPipelineInterfaces:InvokeCallbackInterfacesPair<UnityEditor.Build.IPreprocessBuild, UnityEditor.Build.IPreprocessBuildWithReport> (System.Collections.Generic.List`1<UnityEditor.Build.IPreprocessBuild>,System.Action`1<UnityEditor.Build.IPreprocessBuild>,System.Collections.Generic.List`1<UnityEditor.Build.IPreprocessBuildWithReport>,System.Action`1<UnityEditor.Build.IPreprocessBuildWithReport>,bool)
UnityEditor.Build.BuildPipelineInterfaces:OnBuildPreProcess (UnityEditor.Build.Reporting.BuildReport)
UnityEditor.BuildPipeline:BuildPlayerInternalNoCheck (string[],string,string,UnityEditor.BuildTargetGroup,UnityEditor.BuildTarget,int,UnityEditor.BuildOptions,string[],bool)
UnityEditor.BuildPipeline:BuildPlayerInternal (string[],string,string,UnityEditor.BuildTargetGroup,UnityEditor.BuildTarget,int,UnityEditor.BuildOptions,string[])
UnityEditor.BuildPipeline:BuildPlayer (string[],string,string,UnityEditor.BuildTargetGroup,UnityEditor.BuildTarget,int,UnityEditor.BuildOptions,string[])
UnityEditor.BuildPipeline:BuildPlayer (UnityEditor.BuildPlayerOptions)
BuildCommand:BuildStandaloneWindows64 () (at Assets/ERL/Editor/BuildCommand.cs:16)

(Filename: ./Library/PackageCache/com.unity.xr.openxr@3903c1059bcf/Runtime/OpenXRProjectValidation.cs Line: 378)

[Optional] Switch to use StickControl thumbsticks instead of Vector2Control, but may break existing projects that have code dependencies to the Vector2Control type. StickControl allows more input options for thumbstick-based control, such as acting as both a combined 2D vector, two independent axes or a four-way Dpad with 4 independent buttons.
UnityEngine.Debug:ExtractStackTraceNoAlloc (byte*,int,string)
UnityEngine.StackTraceUtility:ExtractStackTrace ()
UnityEngine.DebugLogHandler:Internal_Log (UnityEngine.LogType,UnityEngine.LogOption,string,UnityEngine.Object)
UnityEngine.DebugLogHandler:LogFormat (UnityEngine.LogType,UnityEngine.Object,string,object[])
UnityEngine.Logger:Log (UnityEngine.LogType,object)
UnityEngine.Debug:LogWarning (object)
UnityEditor.XR.OpenXR.OpenXRProjectValidation:LogBuildValidationIssues (UnityEditor.BuildTargetGroup) (at ./Library/PackageCache/com.unity.xr.openxr@3903c1059bcf/Runtime/OpenXRProjectValidation.cs:378)
UnityEditor.XR.OpenXR.OpenXRProjectValidationBuildStep:OnPreprocessBuild (UnityEditor.Build.Reporting.BuildReport) (at ./Library/PackageCache/com.unity.xr.openxr@3903c1059bcf/Editor/OpenXRProjectValidationRulesSetup.cs:223)
UnityEditor.Build.BuildPipelineInterfaces/<>c__DisplayClass16_0:<OnBuildPreProcess>b__1 (UnityEditor.Build.IPreprocessBuildWithReport)
UnityEditor.Build.BuildPipelineInterfaces:InvokeCallbackInterfacesPair<UnityEditor.Build.IPreprocessBuild, UnityEditor.Build.IPreprocessBuildWithReport> (System.Collections.Generic.List`1<UnityEditor.Build.IPreprocessBuild>,System.Action`1<UnityEditor.Build.IPreprocessBuild>,System.Collections.Generic.List`1<UnityEditor.Build.IPreprocessBuildWithReport>,System.Action`1<UnityEditor.Build.IPreprocessBuildWithReport>,bool)
UnityEditor.Build.BuildPipelineInterfaces:OnBuildPreProcess (UnityEditor.Build.Reporting.BuildReport)
UnityEditor.BuildPipeline:BuildPlayerInternalNoCheck (string[],string,string,UnityEditor.BuildTargetGroup,UnityEditor.BuildTarget,int,UnityEditor.BuildOptions,string[],bool)
UnityEditor.BuildPipeline:BuildPlayerInternal (string[],string,string,UnityEditor.BuildTargetGroup,UnityEditor.BuildTarget,int,UnityEditor.BuildOptions,string[])
UnityEditor.BuildPipeline:BuildPlayer (string[],string,string,UnityEditor.BuildTargetGroup,UnityEditor.BuildTarget,int,UnityEditor.BuildOptions,string[])
UnityEditor.BuildPipeline:BuildPlayer (UnityEditor.BuildPlayerOptions)
BuildCommand:BuildStandaloneWindows64 () (at Assets/ERL/Editor/BuildCommand.cs:16)

(Filename: ./Library/PackageCache/com.unity.xr.openxr@3903c1059bcf/Runtime/OpenXRProjectValidation.cs Line: 378)

Failed to move the asset (Assets/XR/UserSimulationSettings/Resources/XRSimulationPreferences.asset) to a temporary location: Cannot move asset from Assets/XR/UserSimulationSettings/Resources/XRSimulationPreferences.asset to Assets/XR/Temp/XRSimulationPreferences.asset. Destination path name does already exist
UnityEngine.Debug:ExtractStackTraceNoAlloc (byte*,int,string)
UnityEngine.StackTraceUtility:ExtractStackTrace ()
UnityEngine.DebugLogHandler:Internal_Log (UnityEngine.LogType,UnityEngine.LogOption,string,UnityEngine.Object)
UnityEngine.DebugLogHandler:LogFormat (UnityEngine.LogType,UnityEngine.Object,string,object[])
UnityEngine.Logger:Log (UnityEngine.LogType,object)
UnityEngine.Debug:LogWarning (object)
UnityEditor.XR.Simulation.SimulationSettingsBuildProcessor:TryMoveAsset (string,string) (at ./Library/PackageCache/com.unity.xr.arfoundation@238c430a5976/Editor/Simulation/SimulationSettingsBuildProcessor.cs:121)
UnityEditor.XR.Simulation.SimulationSettingsBuildProcessor:OnPreprocessBuild (UnityEditor.Build.Reporting.BuildReport) (at ./Library/PackageCache/com.unity.xr.arfoundation@238c430a5976/Editor/Simulation/SimulationSettingsBuildProcessor.cs:50)
UnityEditor.Build.BuildPipelineInterfaces/<>c__DisplayClass16_0:<OnBuildPreProcess>b__1 (UnityEditor.Build.IPreprocessBuildWithReport)
UnityEditor.Build.BuildPipelineInterfaces:InvokeCallbackInterfacesPair<UnityEditor.Build.IPreprocessBuild, UnityEditor.Build.IPreprocessBuildWithReport> (System.Collections.Generic.List`1<UnityEditor.Build.IPreprocessBuild>,System.Action`1<UnityEditor.Build.IPreprocessBuild>,System.Collections.Generic.List`1<UnityEditor.Build.IPreprocessBuildWithReport>,System.Action`1<UnityEditor.Build.IPreprocessBuildWithReport>,bool)
UnityEditor.Build.BuildPipelineInterfaces:OnBuildPreProcess (UnityEditor.Build.Reporting.BuildReport)
UnityEditor.BuildPipeline:BuildPlayerInternalNoCheck (string[],string,string,UnityEditor.BuildTargetGroup,UnityEditor.BuildTarget,int,UnityEditor.BuildOptions,string[],bool)
UnityEditor.BuildPipeline:BuildPlayerInternal (string[],string,string,UnityEditor.BuildTargetGroup,UnityEditor.BuildTarget,int,UnityEditor.BuildOptions,string[])
UnityEditor.BuildPipeline:BuildPlayer (string[],string,string,UnityEditor.BuildTargetGroup,UnityEditor.BuildTarget,int,UnityEditor.BuildOptions,string[])
UnityEditor.BuildPipeline:BuildPlayer (UnityEditor.BuildPlayerOptions)
BuildCommand:BuildStandaloneWindows64 () (at Assets/ERL/Editor/BuildCommand.cs:16)

(Filename: ./Library/PackageCache/com.unity.xr.arfoundation@238c430a5976/Editor/Simulation/SimulationSettingsBuildProcessor.cs Line: 121)

Failed to move the asset (Assets/XR/Resources/XRSimulationRuntimeSettings.asset) to a temporary location: Cannot move asset from Assets/XR/Resources/XRSimulationRuntimeSettings.asset to Assets/XR/Temp/XRSimulationRuntimeSettings.asset. Destination path name does already exist
UnityEngine.Debug:ExtractStackTraceNoAlloc (byte*,int,string)
UnityEngine.StackTraceUtility:ExtractStackTrace ()
UnityEngine.DebugLogHandler:Internal_Log (UnityEngine.LogType,UnityEngine.LogOption,string,UnityEngine.Object)
UnityEngine.DebugLogHandler:LogFormat (UnityEngine.LogType,UnityEngine.Object,string,object[])
UnityEngine.Logger:Log (UnityEngine.LogType,object)
UnityEngine.Debug:LogWarning (object)
UnityEditor.XR.Simulation.SimulationSettingsBuildProcessor:TryMoveAsset (string,string) (at ./Library/PackageCache/com.unity.xr.arfoundation@238c430a5976/Editor/Simulation/SimulationSettingsBuildProcessor.cs:121)
UnityEditor.XR.Simulation.SimulationSettingsBuildProcessor:OnPreprocessBuild (UnityEditor.Build.Reporting.BuildReport) (at ./Library/PackageCache/com.unity.xr.arfoundation@238c430a5976/Editor/Simulation/SimulationSettingsBuildProcessor.cs:50)
UnityEditor.Build.BuildPipelineInterfaces/<>c__DisplayClass16_0:<OnBuildPreProcess>b__1 (UnityEditor.Build.IPreprocessBuildWithReport)
UnityEditor.Build.BuildPipelineInterfaces:InvokeCallbackInterfacesPair<UnityEditor.Build.IPreprocessBuild, UnityEditor.Build.IPreprocessBuildWithReport> (System.Collections.Generic.List`1<UnityEditor.Build.IPreprocessBuild>,System.Action`1<UnityEditor.Build.IPreprocessBuild>,System.Collections.Generic.List`1<UnityEditor.Build.IPreprocessBuildWithReport>,System.Action`1<UnityEditor.Build.IPreprocessBuildWithReport>,bool)
UnityEditor.Build.BuildPipelineInterfaces:OnBuildPreProcess (UnityEditor.Build.Reporting.BuildReport)
UnityEditor.BuildPipeline:BuildPlayerInternalNoCheck (string[],string,string,UnityEditor.BuildTargetGroup,UnityEditor.BuildTarget,int,UnityEditor.BuildOptions,string[],bool)
UnityEditor.BuildPipeline:BuildPlayerInternal (string[],string,string,UnityEditor.BuildTargetGroup,UnityEditor.BuildTarget,int,UnityEditor.BuildOptions,string[])
UnityEditor.BuildPipeline:BuildPlayer (string[],string,string,UnityEditor.BuildTargetGroup,UnityEditor.BuildTarget,int,UnityEditor.BuildOptions,string[])
UnityEditor.BuildPipeline:BuildPlayer (UnityEditor.BuildPlayerOptions)
BuildCommand:BuildStandaloneWindows64 () (at Assets/ERL/Editor/BuildCommand.cs:16)

(Filename: ./Library/PackageCache/com.unity.xr.arfoundation@238c430a5976/Editor/Simulation/SimulationSettingsBuildProcessor.cs Line: 121)

Start importing Assets/StreamingAssets/RuntimeActionBindings.json using Guid(4aab6fb7ee415fa418388a3c830812db) (DefaultImporter) -> (artifact id: 'f78bed691d8ee532cec1c8a7c439a48f') in 0.0844149 seconds
Start importing Assets/Resources/PerformanceTestRunSettings.json using Guid(c8cef095f3df13e49b69ddf890ace342) (TextScriptImporter) -> (artifact id: '058f6ba7383ebda8f2e322dd93d7f5f2') in 0.0214213 seconds
Start importing Assets/Resources/PerformanceTestRunInfo.json using Guid(7f3791db6f5f78b49836e75f92a94f65) (TextScriptImporter) -> (artifact id: 'f29b908ce5d69639cce556b9b006b539') in 0.0227633 seconds
Refreshing native plugins compatible for Editor in 25.42 ms, found 20 plugins.
Preloading 2 native plugins for Editor in 0.07 ms.
Asset Pipeline Refresh (id=417ef1f9bb2ffda408bbe70de4fe574d): Total: 0.734 seconds - Initiated by RefreshV2(NoUpdateAssetOptions)
	Summary:
		Imports: total=3 (actual=3, local cache=0, cache server=0)
		Asset DB Process Time: managed=4 ms, native=293 ms
		Asset DB Callback time: managed=404 ms, native=31 ms
		Scripting: domain reloads=0, domain reload time=0 ms, compile time=0 ms, other=0 ms
		Project Asset Count: scripts=3205, non-scripts=5258
		Asset File Changes: new=3, changed=3, moved=0, deleted=0
		Scan Filter Count: 0
	InvokeCustomDependenciesCallbacks: 0.001ms
	InvokePackagesCallback: 0.001ms
	ApplyChangesToAssetFolders: 0.406ms
	Scan: 46.714ms
	OnSourceAssetsModified: 1.061ms
	CategorizeAssetsWithTransientArtifact: 0.015ms
	ProcessAssetsWithTransientArtifactChanges: 0.212ms
	CategorizeAssets: 78.551ms
	ImportOutOfDateAssets: 135.744ms (0.773ms without children)
		ImportManagerImport: 131.911ms (2.089ms without children)
			ImportInProcess: 129.765ms
			UpdateCategorizedAssets: 0.057ms
		ReloadNativeAssets: 0.276ms
		UnloadImportedAssets: 0.246ms
		ReloadImportedAssets: 0.001ms
		EnsureUptoDateAssetsAreRegisteredWithGuidPM: 1.885ms
		InitializingProgressBar: 0.006ms
		PostProcessAllAssetNotificationsAddChangedAssets: 0.001ms
		OnDemandSchedulerStart: 0.645ms
	PostProcessAllAssets: 406.009ms
	Hotreload: 28.361ms
	GatherAllCurrentPrimaryArtifactRevisions: 0.451ms
	UnloadStreamsBegin: 4.314ms
	PersistCurrentRevisions: 0.426ms
	UnloadStreamsEnd: 0.001ms
	Untracked: 31.450ms

[Meta] Native plugin included in build because of enabled MetaXRFeature: Packages/com.meta.xr.sdk.core/Plugins/Win64OpenXR/OVRPlugin.dll
UnityEngine.Debug:ExtractStackTraceNoAlloc (byte*,int,string)
UnityEngine.StackTraceUtility:ExtractStackTrace ()
UnityEngine.DebugLogHandler:Internal_Log (UnityEngine.LogType,UnityEngine.LogOption,string,UnityEngine.Object)
UnityEngine.DebugLogHandler:LogFormat (UnityEngine.LogType,UnityEngine.Object,string,object[])
UnityEngine.Logger:LogFormat (UnityEngine.LogType,string,object[])
UnityEngine.Debug:LogFormat (string,object[])
OVRGradleGeneration:OnPreprocessBuild (UnityEditor.Build.Reporting.BuildReport) (at ./Library/PackageCache/com.meta.xr.sdk.core@503a72ca5496/Editor/OVRGradleGeneration.cs:172)
UnityEditor.Build.BuildPipelineInterfaces/<>c__DisplayClass16_0:<OnBuildPreProcess>b__1 (UnityEditor.Build.IPreprocessBuildWithReport)
UnityEditor.Build.BuildPipelineInterfaces:InvokeCallbackInterfacesPair<UnityEditor.Build.IPreprocessBuild, UnityEditor.Build.IPreprocessBuildWithReport> (System.Collections.Generic.List`1<UnityEditor.Build.IPreprocessBuild>,System.Action`1<UnityEditor.Build.IPreprocessBuild>,System.Collections.Generic.List`1<UnityEditor.Build.IPreprocessBuildWithReport>,System.Action`1<UnityEditor.Build.IPreprocessBuildWithReport>,bool)
UnityEditor.Build.BuildPipelineInterfaces:OnBuildPreProcess (UnityEditor.Build.Reporting.BuildReport)
UnityEditor.BuildPipeline:BuildPlayerInternalNoCheck (string[],string,string,UnityEditor.BuildTargetGroup,UnityEditor.BuildTarget,int,UnityEditor.BuildOptions,string[],bool)
UnityEditor.BuildPipeline:BuildPlayerInternal (string[],string,string,UnityEditor.BuildTargetGroup,UnityEditor.BuildTarget,int,UnityEditor.BuildOptions,string[])
UnityEditor.BuildPipeline:BuildPlayer (string[],string,string,UnityEditor.BuildTargetGroup,UnityEditor.BuildTarget,int,UnityEditor.BuildOptions,string[])
UnityEditor.BuildPipeline:BuildPlayer (UnityEditor.BuildPlayerOptions)
BuildCommand:BuildStandaloneWindows64 () (at Assets/ERL/Editor/BuildCommand.cs:16)

(Filename: ./Library/PackageCache/com.meta.xr.sdk.core@503a72ca5496/Editor/OVRGradleGeneration.cs Line: 172)

Start importing ProjectSettings/ProjectSettings.asset using Guid(00000000000000004000000000000000) (LibraryAssetImporter) -> (artifact id: '7bb6508fbed582aee56ad531ec0697b6') in 0.0039462 seconds
Start importing ProjectSettings/GraphicsSettings.asset using Guid(00000000000000006100000000000000) (LibraryAssetImporter) -> (artifact id: '3d4cfc55f39c7c903a18dde81beb1e37') in 0.0022452 seconds
Start importing Assets/Settings/Project Configuration/Standalone Performant Preset.asset using Guid(d0e2fc18fe036412f8223b3b3d9ad574) (NativeFormatImporter) -> (artifact id: '311f43354659b8f0be1df58ef4fc3dd4') in 0.0021775 seconds
Start importing Assets/Settings/Project Configuration/Standalone Balanced Preset.asset using Guid(e1260c1148f6143b28bae5ace5e9c5d1) (NativeFormatImporter) -> (artifact id: 'b7c0f53254fc7f58932d40c17c457ca2') in 0.0020421 seconds
Start importing Assets/XR/Settings/OpenXRPackageSettings.asset using Guid(136958f90a130274b8b70a31eed352fb) (NativeFormatImporter) -> (artifact id: 'b8fafed13b90245d69f7e9162aeb0b4d') in 0.002589 seconds
Start importing Assets/Settings/Project Configuration/UniversalRenderPipelineGlobalSettings.asset using Guid(7b26219ebb561da4b81aaac65aa6392d) (NativeFormatImporter) -> (artifact id: '327941b25224bd2fcc48fd90023a3c32') in 0.0025883 seconds
Start importing Assets/Settings/URP-HighFidelity.asset using Guid(7b7fd9122c28c4d15b667c7040e3b3fd) (NativeFormatImporter) -> (artifact id: '7b808721ee893edd4f19211755d0d008') in 0.0021233 seconds
Shader 'Meta/MRUK/Scene/HighlightsAndShadows': fallback shader 'Off' not found
Shader Hidden/ProbeVolume/VoxelizeScene is not supported: GPU does not support conservative rasterization
Shader 'Oculus/OVRMRCameraFrameLit': fallback shader 'Alpha-Diffuse' not found
Refreshing native plugins compatible for Editor in 103.22 ms, found 20 plugins.
Preloading 2 native plugins for Editor in 0.07 ms.
Asset Pipeline Refresh (id=39941d5c627c3584a99e8e45c4906a31): Total: 0.563 seconds - Initiated by StopAssetImportingV2(NoUpdateAssetOptions)
	Summary:
		Imports: total=7 (actual=7, local cache=0, cache server=0)
		Asset DB Process Time: managed=0 ms, native=182 ms
		Asset DB Callback time: managed=12 ms, native=367 ms
		Scripting: domain reloads=0, domain reload time=0 ms, compile time=0 ms, other=0 ms
		Project Asset Count: scripts=3205, non-scripts=5258
		Asset File Changes: new=0, changed=1, moved=0, deleted=0
		Scan Filter Count: 0
	InvokeCustomDependenciesCallbacks: 0.001ms
	InvokePackagesCallback: 0.001ms
	ApplyChangesToAssetFolders: 0.402ms
	Scan: 22.996ms
	OnSourceAssetsModified: 0.064ms
	CategorizeAssetsWithTransientArtifact: 0.023ms
	ProcessAssetsWithTransientArtifactChanges: 0.223ms
	CategorizeAssets: 110.230ms
	ImportOutOfDateAssets: 29.893ms (0.863ms without children)
		ImportManagerImport: 21.936ms (1.670ms without children)
			ImportInProcess: 20.153ms
			UpdateCategorizedAssets: 0.113ms
		ReloadNativeAssets: 0.396ms
		UnloadImportedAssets: 0.605ms
		ReloadImportedAssets: 0.330ms
		EnsureUptoDateAssetsAreRegisteredWithGuidPM: 3.149ms
		InitializingProgressBar: 0.008ms
		PostProcessAllAssetNotificationsAddChangedAssets: 0.002ms
		OnDemandSchedulerStart: 2.604ms
	PostProcessAllAssets: 383.030ms
	Hotreload: 103.946ms
	GatherAllCurrentPrimaryArtifactRevisions: 0.827ms
	UnloadStreamsBegin: 0.005ms
	PersistCurrentRevisions: 0.770ms
	UnloadStreamsEnd: 0.003ms
	Untracked: -89.193ms

Starting: D:\Program Files\6000.1.5f1\Editor\Data\bee_backend.exe --ipc --defer-dag-verification --dagfile="Library/Bee/1900b0aEDbgSkipCompile.dag" --continue-on-failure --profile="Library/Bee/backend1.traceevents" ScriptAssembliesAndTypeDB
WorkingDir: D:/EchoXRTest/EchoRacerLive
ExitCode: 0 Duration: 3s605ms
[3/4        3s] BuildPlayerDataGenerator Library/BuildPlayerData/Editor/TypeDb-All.json
Field 'System.Numerics.Vector2 SixLabors.Fonts.GlyphInstance/ControlPointCollection::SecondControlPoint' from 'D:\EchoXRTest\EchoRacerLive\Library\PackageCache\com.unity.testtools.codecoverage@205a02cbcb39\lib\ReportGenerator\ReportGeneratorMerged.dll', exception Failed to resolve System.Numerics.Vector2

Field 'System.Numerics.Vector2 SixLabors.Fonts.GlyphInstance/ControlPointCollection::ThirdControlPoint' from 'D:\EchoXRTest\EchoRacerLive\Library\PackageCache\com.unity.testtools.codecoverage@205a02cbcb39\lib\ReportGenerator\ReportGeneratorMerged.dll', exception Failed to resolve System.Numerics.Vector2

Field 'System.Numerics.Vector4 SixLabors.ImageSharp.ComplexVector4::Real' from 'D:\EchoXRTest\EchoRacerLive\Library\PackageCache\com.unity.testtools.codecoverage@205a02cbcb39\lib\ReportGenerator\ReportGeneratorMerged.dll', exception Failed to resolve System.Numerics.Vector4

Field 'System.Numerics.Vector4 SixLabors.ImageSharp.ComplexVector4::Imaginary' from 'D:\EchoXRTest\EchoRacerLive\Library\PackageCache\com.unity.testtools.codecoverage@205a02cbcb39\lib\ReportGenerator\ReportGeneratorMerged.dll', exception Failed to resolve System.Numerics.Vector4

Field 'System.Numerics.Vector4 SixLabors.ImageSharp.Formats.Jpeg.Components.Block8x8F::V0L' from 'D:\EchoXRTest\EchoRacerLive\Library\PackageCache\com.unity.testtools.codecoverage@205a02cbcb39\lib\ReportGenerator\ReportGeneratorMerged.dll', exception Failed to resolve System.Numerics.Vector4

Field 'System.Numerics.Vector4 SixLabors.ImageSharp.Formats.Jpeg.Components.Block8x8F::V0R' from 'D:\EchoXRTest\EchoRacerLive\Library\PackageCache\com.unity.testtools.codecoverage@205a02cbcb39\lib\ReportGenerator\ReportGeneratorMerged.dll', exception Failed to resolve System.Numerics.Vector4

Field 'System.Numerics.Vector4 SixLabors.ImageSharp.Formats.Jpeg.Components.Block8x8F::V1L' from 'D:\EchoXRTest\EchoRacerLive\Library\PackageCache\com.unity.testtools.codecoverage@205a02cbcb39\lib\ReportGenerator\ReportGeneratorMerged.dll', exception Failed to resolve System.Numerics.Vector4

Field 'System.Numerics.Vector4 SixLabors.ImageSharp.Formats.Jpeg.Components.Block8x8F::V1R' from 'D:\EchoXRTest\EchoRacerLive\Library\PackageCache\com.unity.testtools.codecoverage@205a02cbcb39\lib\ReportGenerator\ReportGeneratorMerged.dll', exception Failed to resolve System.Numerics.Vector4

Field 'System.Numerics.Vector4 SixLabors.ImageSharp.Formats.Jpeg.Components.Block8x8F::V2L' from 'D:\EchoXRTest\EchoRacerLive\Library\PackageCache\com.unity.testtools.codecoverage@205a02cbcb39\lib\ReportGenerator\ReportGeneratorMerged.dll', exception Failed to resolve System.Numerics.Vector4

Field 'System.Numerics.Vector4 SixLabors.ImageSharp.Formats.Jpeg.Components.Block8x8F::V2R' from 'D:\EchoXRTest\EchoRacerLive\Library\PackageCache\com.unity.testtools.codecoverage@205a02cbcb39\lib\ReportGenerator\ReportGeneratorMerged.dll', exception Failed to resolve System.Numerics.Vector4

Field 'System.Numerics.Vector4 SixLabors.ImageSharp.Formats.Jpeg.Components.Block8x8F::V3L' from 'D:\EchoXRTest\EchoRacerLive\Library\PackageCache\com.unity.testtools.codecoverage@205a02cbcb39\lib\ReportGenerator\ReportGeneratorMerged.dll', exception Failed to resolve System.Numerics.Vector4

Field 'System.Numerics.Vector4 SixLabors.ImageSharp.Formats.Jpeg.Components.Block8x8F::V3R' from 'D:\EchoXRTest\EchoRacerLive\Library\PackageCache\com.unity.testtools.codecoverage@205a02cbcb39\lib\ReportGenerator\ReportGeneratorMerged.dll', exception Failed to resolve System.Numerics.Vector4

Field 'System.Numerics.Vector4 SixLabors.ImageSharp.Formats.Jpeg.Components.Block8x8F::V4L' from 'D:\EchoXRTest\EchoRacerLive\Library\PackageCache\com.unity.testtools.codecoverage@205a02cbcb39\lib\ReportGenerator\ReportGeneratorMerged.dll', exception Failed to resolve System.Numerics.Vector4

Field 'System.Numerics.Vector4 SixLabors.ImageSharp.Formats.Jpeg.Components.Block8x8F::V4R' from 'D:\EchoXRTest\EchoRacerLive\Library\PackageCache\com.unity.testtools.codecoverage@205a02cbcb39\lib\ReportGenerator\ReportGeneratorMerged.dll', exception Failed to resolve System.Numerics.Vector4

Field 'System.Numerics.Vector4 SixLabors.ImageSharp.Formats.Jpeg.Components.Block8x8F::V5L' from 'D:\EchoXRTest\EchoRacerLive\Library\PackageCache\com.unity.testtools.codecoverage@205a02cbcb39\lib\ReportGenerator\ReportGeneratorMerged.dll', exception Failed to resolve System.Numerics.Vector4

Field 'System.Numerics.Vector4 SixLabors.ImageSharp.Formats.Jpeg.Components.Block8x8F::V5R' from 'D:\EchoXRTest\EchoRacerLive\Library\PackageCache\com.unity.testtools.codecoverage@205a02cbcb39\lib\ReportGenerator\ReportGeneratorMerged.dll', exception Failed to resolve System.Numerics.Vector4

Field 'System.Numerics.Vector4 SixLabors.ImageSharp.Formats.Jpeg.Components.Block8x8F::V6L' from 'D:\EchoXRTest\EchoRacerLive\Library\PackageCache\com.unity.testtools.codecoverage@205a02cbcb39\lib\ReportGenerator\ReportGeneratorMerged.dll', exception Failed to resolve System.Numerics.Vector4

Field 'System.Numerics.Vector4 SixLabors.ImageSharp.Formats.Jpeg.Components.Block8x8F::V6R' from 'D:\EchoXRTest\EchoRacerLive\Library\PackageCache\com.unity.testtools.codecoverage@205a02cbcb39\lib\ReportGenerator\ReportGeneratorMerged.dll', exception Failed to resolve System.Numerics.Vector4

Field 'System.Numerics.Vector4 SixLabors.ImageSharp.Formats.Jpeg.Components.Block8x8F::V7L' from 'D:\EchoXRTest\EchoRacerLive\Library\PackageCache\com.unity.testtools.codecoverage@205a02cbcb39\lib\ReportGenerator\ReportGeneratorMerged.dll', exception Failed to resolve System.Numerics.Vector4

Field 'System.Numerics.Vector4 SixLabors.ImageSharp.Formats.Jpeg.Components.Block8x8F::V7R' from 'D:\EchoXRTest\EchoRacerLive\Library\PackageCache\com.unity.testtools.codecoverage@205a02cbcb39\lib\ReportGenerator\ReportGeneratorMerged.dll', exception Failed to resolve System.Numerics.Vector4

Field 'System.Numerics.Vector4 SixLabors.ImageSharp.Formats.Jpeg.Components.Decoder.ColorConverters.JpegColorConverter/Vector4Octet::V0' from 'D:\EchoXRTest\EchoRacerLive\Library\PackageCache\com.unity.testtools.codecoverage@205a02cbcb39\lib\ReportGenerator\ReportGeneratorMerged.dll', exception Failed to resolve System.Numerics.Vector4

Field 'System.Numerics.Vector4 SixLabors.ImageSharp.Formats.Jpeg.Components.Decoder.ColorConverters.JpegColorConverter/Vector4Octet::V1' from 'D:\EchoXRTest\EchoRacerLive\Library\PackageCache\com.unity.testtools.codecoverage@205a02cbcb39\lib\ReportGenerator\ReportGeneratorMerged.dll', exception Failed to resolve System.Numerics.Vector4

Field 'System.Numerics.Vector4 SixLabors.ImageSharp.Formats.Jpeg.Components.Decoder.ColorConverters.JpegColorConverter/Vector4Octet::V2' from 'D:\EchoXRTest\EchoRacerLive\Library\PackageCache\com.unity.testtools.codecoverage@205a02cbcb39\lib\ReportGenerator\ReportGeneratorMerged.dll', exception Failed to resolve System.Numerics.Vector4

Field 'System.Numerics.Vector4 SixLabors.ImageSharp.Formats.Jpeg.Components.Decoder.ColorConverters.JpegColorConverter/Vector4Octet::V3' from 'D:\EchoXRTest\EchoRacerLive\Library\PackageCache\com.unity.testtools.codecoverage@205a02cbcb39\lib\ReportGenerator\ReportGeneratorMerged.dll', exception Failed to resolve System.Numerics.Vector4

Field 'System.Numerics.Vector4 SixLabors.ImageSharp.Formats.Jpeg.Components.Decoder.ColorConverters.JpegColorConverter/Vector4Octet::V4' from 'D:\EchoXRTest\EchoRacerLive\Library\PackageCache\com.unity.testtools.codecoverage@205a02cbcb39\lib\ReportGenerator\ReportGeneratorMerged.dll', exception Failed to resolve System.Numerics.Vector4

Field 'System.Numerics.Vector4 SixLabors.ImageSharp.Formats.Jpeg.Components.Decoder.ColorConverters.JpegColorConverter/Vector4Octet::V5' from 'D:\EchoXRTest\EchoRacerLive\Library\PackageCache\com.unity.testtools.codecoverage@205a02cbcb39\lib\ReportGenerator\ReportGeneratorMerged.dll', exception Failed to resolve System.Numerics.Vector4

Field 'System.Numerics.Vector4 SixLabors.ImageSharp.Formats.Jpeg.Components.Decoder.ColorConverters.JpegColorConverter/Vector4Octet::V6' from 'D:\EchoXRTest\EchoRacerLive\Library\PackageCache\com.unity.testtools.codecoverage@205a02cbcb39\lib\ReportGenerator\ReportGeneratorMerged.dll', exception Failed to resolve System.Numerics.Vector4

Field 'System.Numerics.Vector4 SixLabors.ImageSharp.Formats.Jpeg.Components.Decoder.ColorConverters.JpegColorConverter/Vector4Octet::V7' from 'D:\EchoXRTest\EchoRacerLive\Library\PackageCache\com.unity.testtools.codecoverage@205a02cbcb39\lib\ReportGenerator\ReportGeneratorMerged.dll', exception Failed to resolve System.Numerics.Vector4

Field 'System.Numerics.Vector4 SixLabors.ImageSharp.Tuples.Vector4Pair::A' from 'D:\EchoXRTest\EchoRacerLive\Library\PackageCache\com.unity.testtools.codecoverage@205a02cbcb39\lib\ReportGenerator\ReportGeneratorMerged.dll', exception Failed to resolve System.Numerics.Vector4

Field 'System.Numerics.Vector4 SixLabors.ImageSharp.Tuples.Vector4Pair::B' from 'D:\EchoXRTest\EchoRacerLive\Library\PackageCache\com.unity.testtools.codecoverage@205a02cbcb39\lib\ReportGenerator\ReportGeneratorMerged.dll', exception Failed to resolve System.Numerics.Vector4
*** Tundra build success (3.49 seconds), 1 items updated, 4 evaluated
Asset Pipeline Refresh (id=ff289c96c809b864c99e36813538cc3e): Total: 0.003 seconds - Initiated by RefreshV2(NoUpdateAssetOptions)
[ScriptCompilation] Requested script compilation because: Recompiling scripts for player build.
BuildPlayer: start building target 19
Starting: D:\Program Files\6000.1.5f1\Editor\Data\bee_backend.exe --ipc --defer-dag-verification --dagfile="Library/Bee/1900b0aP.dag" --continue-on-failure --profile="Library/Bee/backend1.traceevents" ScriptAssembliesAndTypeDB
WorkingDir: D:/EchoXRTest/EchoRacerLive
Total cache size 268409604
Total cache size after purge 268409604, took 00:00:00.8931412
Assets\ERL\Scripts\M2MqttUnity\Scripts\M2MqttUnityClientNetwork.cs(211,30): warning CS0168: The variable 'e' is declared but never used
Assets\ERL\Scripts\M2Mqtt\MqttClient.cs(695,30): warning CS0168: The variable 'e' is declared but never used
Assets\ERL\Scripts\RestClient\Scripts\Core\Singletons\Singleton.cs(15,32): warning CS0618: 'Object.FindObjectsOfType(Type)' is obsolete: 'Object.FindObjectsOfType has been deprecated. Use Object.FindObjectsByType instead which lets you decide whether you need the results sorted or not.  FindObjectsOfType sorts the results by InstanceID, but if you do not need this using FindObjectSortMode.None is considerably faster.'
Assets\ERL\Scripts\RestClient\Scripts\Core\RestWebClient.cs(58,20): warning CS0618: 'UnityWebRequest.isNetworkError' is obsolete: 'UnityWebRequest.isNetworkError is deprecated. Use (UnityWebRequest.result == UnityWebRequest.Result.ConnectionError) instead.'
Assets\ERL\Scripts\Car\CarPositionLiveSubscriber.cs(174,17): warning CS0219: The variable 'rotationFix' is assigned but its value is never used
Assets\ERL\Scripts\RestClient\Scripts\Core\RestWebClient.cs(99,20): warning CS0618: 'UnityWebRequest.isNetworkError' is obsolete: 'UnityWebRequest.isNetworkError is deprecated. Use (UnityWebRequest.result == UnityWebRequest.Result.ConnectionError) instead.'
Assets\ERL\Scripts\RestClient\Scripts\Core\RestWebClient.cs(144,20): warning CS0618: 'UnityWebRequest.isNetworkError' is obsolete: 'UnityWebRequest.isNetworkError is deprecated. Use (UnityWebRequest.result == UnityWebRequest.Result.ConnectionError) instead.'
Assets\ERL\Scripts\RestClient\Scripts\Core\RestWebClient.cs(173,20): warning CS0618: 'UnityWebRequest.isNetworkError' is obsolete: 'UnityWebRequest.isNetworkError is deprecated. Use (UnityWebRequest.result == UnityWebRequest.Result.ConnectionError) instead.'
Assets\ERL\Scripts\M2Mqtt\MqttClient.cs(2487,47): warning CS0168: The variable 'e' is declared but never used
Assets\ERL\Scripts\Track\RacingLineGeneratorV2.cs(69,53): warning CS0067: The event 'RacingLineGeneratorV2.OnCheckpointTriggered' is never used
ExitCode: 0 Duration: 14s
[ 427/1167  0s] WriteResponseFile Library/Bee/artifacts/rsp/4747638433968585886.rsp
[ 911/1167  1s] ILPP-Configuration Library/ilpp-configuration.nevergeneratedoutput
[ 995/1167  0s] CopyFiles Library/Bee/PlayerScriptAssemblies/Unity.XR.OpenXR.Features.MetaQuestSupport.dll
[ 996/1167  0s] CopyFiles Library/Bee/PlayerScriptAssemblies/UnityEngine.UI.dll
[ 997/1167  0s] CopyFiles Library/Bee/PlayerScriptAssemblies/Unity.XR.CoreUtils.dll
[ 998/1167  0s] CopyFiles Library/Bee/PlayerScriptAssemblies/AssistantCoreSDKRuntime.dll
[ 999/1167  0s] CopyFiles Library/Bee/PlayerScriptAssemblies/Unity.XR.OpenXR.Features.RuntimeDebugger.dll
[1000/1167  0s] CopyFiles Library/Bee/PlayerScriptAssemblies/meta.xr.mrutilitykit.dll
[1001/1167  0s] CopyFiles Library/Bee/PlayerScriptAssemblies/Oculus.Interaction.UnityXR.dll
[1002/1167  0s] CopyFiles Library/Bee/PlayerScriptAssemblies/Unity.RenderPipelines.Core.Runtime.Shared.dll
[1003/1167  0s] CopyFiles Library/Bee/PlayerScriptAssemblies/Unity.AI.Navigation.dll
[1004/1167  0s] CopyFiles Library/Bee/PlayerScriptAssemblies/VoiceSDK.Telemetry.Runtime.dll
[1005/1167  0s] CopyFiles Library/Bee/PlayerScriptAssemblies/Unity.XR.OpenXR.Features.OculusQuestSupport.dll
[1006/1167  0s] CopyFiles Library/Bee/PlayerScriptAssemblies/Meta.XR.MultiplayerBlocks.Fusion.dll
[1007/1167  0s] CopyFiles Library/Bee/PlayerScriptAssemblies/Oculus.Interaction.OVR.dll
[1008/1167  0s] CopyFiles Library/Bee/PlayerScriptAssemblies/Meta.XR.MultiplayerBlocks.Shared.dll
[1009/1167  0s] CopyFiles Library/Bee/PlayerScriptAssemblies/Unity.XR.Hands.dll
[1010/1167  0s] CopyFiles Library/Bee/PlayerScriptAssemblies/Meta.XR.ImmersiveDebugger.Interface.dll
[1011/1167  0s] CopyFiles Library/Bee/PlayerScriptAssemblies/VoiceSDK.Runtime.Composer.dll
[1012/1167  0s] CopyFiles Library/Bee/PlayerScriptAssemblies/Meta.Wit.Composer.dll
[1013/1167  0s] CopyFiles Library/Bee/PlayerScriptAssemblies/Meta.WitAi.dll
[1014/1167  0s] CopyFiles Library/Bee/PlayerScriptAssemblies/Unity.Splines.Examples.dll
[1015/1167  0s] CopyFiles Library/Bee/PlayerScriptAssemblies/Unity.RenderPipeline.Universal.ShaderLibrary.dll
[1016/1167  0s] CopyFiles Library/Bee/PlayerScriptAssemblies/Unity.XR.Interaction.Toolkit.Samples.Hands.dll
[1017/1167  0s] CopyFiles Library/Bee/PlayerScriptAssemblies/Unity.XR.OpenXR.dll
[1018/1167  0s] CopyFiles Library/Bee/PlayerScriptAssemblies/Unity.XR.OpenXR.Features.MockRuntime.dll
[1019/1167  0s] CopyFiles Library/Bee/PlayerScriptAssemblies/Meta.VoiceSDK.Mic.Other.dll
[1020/1167  0s] CopyFiles Library/Bee/PlayerScriptAssemblies/Meta.Net.endel.nativewebsocket.dll
[1021/1167  0s] CopyFiles Library/Bee/PlayerScriptAssemblies/Unity.TextMeshPro.dll
[1022/1167  0s] CopyFiles Library/Bee/PlayerScriptAssemblies/Unity.XR.Simulation.dll
[1023/1167  0s] CopyFiles Library/Bee/PlayerScriptAssemblies/Oculus.Interaction.OVR.Samples.dll
[1024/1167  0s] CopyFiles Library/Bee/PlayerScriptAssemblies/Unity.XR.Hands.Samples.VisualizerSample.dll
[1025/1167  0s] CopyFiles Library/Bee/PlayerScriptAssemblies/Meta.XR.Audio.dll
[1026/1167  0s] CopyFiles Library/Bee/PlayerScriptAssemblies/Oculus.Haptics.dll
[1027/1167  0s] CopyFiles Library/Bee/PlayerScriptAssemblies/Meta.XR.ImmersiveDebugger.dll
[1028/1167  0s] CopyFiles Library/Bee/PlayerScriptAssemblies/Unity.Mathematics.dll
[1029/1167  0s] CopyFiles Library/Bee/PlayerScriptAssemblies/Meta.WitAi.TTS.dll
[1030/1167  0s] CopyFiles Library/Bee/PlayerScriptAssemblies/Unity.RenderPipelines.Universal.Config.Runtime.dll
[1031/1167  0s] CopyFiles Library/Bee/PlayerScriptAssemblies/Unity.XR.Interaction.Toolkit.Samples.StarterAssets.dll
[1032/1167  0s] CopyFiles Library/Bee/PlayerScriptAssemblies/Unity.VisualScripting.Flow.dll
[1033/1167  0s] CopyFiles Library/Bee/PlayerScriptAssemblies/Unity.XR.Interaction.Toolkit.Samples.InteractionSimulator.dll
[1034/1167  0s] CopyFiles Library/Bee/PlayerScriptAssemblies/Unity.XR.Management.dll
[1035/1167  0s] CopyFiles Library/Bee/PlayerScriptAssemblies/Meta.XR.EnvironmentDepth.dll
[1036/1167  0s] CopyFiles Library/Bee/PlayerScriptAssemblies/Unity.RenderPipelines.GPUDriven.Runtime.dll
[1037/1167  0s] CopyFiles Library/Bee/PlayerScriptAssemblies/Fusion.Unity.dll
[1038/1167  0s] CopyFiles Library/Bee/PlayerScriptAssemblies/MRTemplate.dll
[1039/1167  0s] CopyFiles Library/Bee/PlayerScriptAssemblies/Unity.Rendering.LightTransport.Runtime.dll
[1040/1167  0s] CopyFiles Library/Bee/PlayerScriptAssemblies/AssistantVoiceCommandCommon.dll
[1041/1167  0s] CopyFiles Library/Bee/PlayerScriptAssemblies/VoiceSDK.Runtime.dll
[1042/1167  0s] CopyFiles Library/Bee/PlayerScriptAssemblies/Unity.Splines.dll
[1043/1167  0s] CopyFiles Library/Bee/PlayerScriptAssemblies/Oculus.Platform.dll
[1044/1167  0s] CopyFiles Library/Bee/PlayerScriptAssemblies/Unity.RenderPipelines.Universal.Runtime.dll
[1045/1167  0s] CopyFiles Library/Bee/PlayerScriptAssemblies/Unity.VisualScripting.Core.dll
[1046/1167  0s] CopyFiles Library/Bee/PlayerScriptAssemblies/Unity.XR.ARFoundation.dll
[1047/1167  0s] CopyFiles Library/Bee/PlayerScriptAssemblies/Oculus.VR.dll
[1048/1167  0s] CopyFiles Library/Bee/PlayerScriptAssemblies/Unity.RenderPipelines.Universal.2D.Runtime.dll
[1049/1167  0s] CopyFiles Library/Bee/PlayerScriptAssemblies/Meta.Voice.Opus.dll
[1050/1167  0s] CopyFiles Library/Bee/PlayerScriptAssemblies/VoiceSDK.Dictation.Runtime.dll
[1051/1167  0s] CopyFiles Library/Bee/PlayerScriptAssemblies/Unity.RenderPipelines.Universal.Shaders.dll
[1052/1167  0s] CopyFiles Library/Bee/PlayerScriptAssemblies/Meta.Voice.NLayer.dll
[1053/1167  0s] CopyFiles Library/Bee/PlayerScriptAssemblies/Unity.Collections.dll
[1054/1167  0s] CopyFiles Library/Bee/PlayerScriptAssemblies/Unity.Tutorials.Core.dll
[1055/1167  0s] CopyFiles Library/Bee/PlayerScriptAssemblies/Unity.InputSystem.dll
[1056/1167  0s] CopyFiles Library/Bee/PlayerScriptAssemblies/UnityEngine.XR.LegacyInputHelpers.dll
[1057/1167  0s] CopyFiles Library/Bee/PlayerScriptAssemblies/Meta.Voice.Hub.Runtime.dll
[1058/1167  0s] CopyFiles Library/Bee/PlayerScriptAssemblies/Meta.XR.BuildingBlocks.dll
[1059/1167  0s] CopyFiles Library/Bee/PlayerScriptAssemblies/Unity.RenderPipelines.Core.Runtime.dll
[1060/1167  0s] CopyFiles Library/Bee/PlayerScriptAssemblies/Oculus.Interaction.Samples.dll
[1061/1167  0s] CopyFiles Library/Bee/PlayerScriptAssemblies/Unity.RenderPipelines.Core.ShaderLibrary.dll
[1062/1167  0s] CopyFiles Library/Bee/PlayerScriptAssemblies/Unity.XR.ARFoundation.InternalUtils.dll
[1063/1167  0s] CopyFiles Library/Bee/PlayerScriptAssemblies/Meta.Wit.Dictation.dll
[1064/1167  0s] CopyFiles Library/Bee/PlayerScriptAssemblies/Unity.XR.ARFoundation.VisualScripting.dll
[1065/1167  0s] CopyFiles Library/Bee/PlayerScriptAssemblies/Unity.Burst.dll
[1066/1167  0s] CopyFiles Library/Bee/PlayerScriptAssemblies/Unity.VisualScripting.State.dll
[1067/1167  0s] CopyFiles Library/Bee/PlayerScriptAssemblies/Unity.InputSystem.ForUI.dll
[1068/1167  0s] CopyFiles Library/Bee/PlayerScriptAssemblies/Unity.RenderPipelines.ShaderGraph.ShaderGraphLibrary.dll
[1069/1167  0s] CopyFiles Library/Bee/PlayerScriptAssemblies/Oculus.Interaction.dll
[1070/1167  0s] CopyFiles Library/Bee/PlayerScriptAssemblies/Meta.VoiceSDK.Mic.Common.dll
[1071/1167  0s] CopyFiles Library/Bee/PlayerScriptAssemblies/Unity.Multiplayer.Center.Common.dll
[1072/1167  0s] CopyFiles Library/Bee/PlayerScriptAssemblies/Unity.XR.Interaction.Toolkit.Samples.ARStarterAssets.dll
[1073/1167  0s] CopyFiles Library/Bee/PlayerScriptAssemblies/Unity.XR.Interaction.Toolkit.dll
[1074/1167  0s] CopyFiles Library/Bee/PlayerScriptAssemblies/Unity.XR.ARSubsystems.dll
[1075/1167  0s] CopyFiles Library/Bee/PlayerScriptAssemblies/Unity.XR.OpenXR.Features.ConformanceAutomation.dll
[1076/1167  0s] CopyFiles Library/Bee/PlayerScriptAssemblies/UnityEngine.SpatialTracking.dll
[1077/1167  0s] CopyFiles Library/Bee/PlayerScriptAssemblies/Meta.WitAi.Lib.dll
[1078/1167  0s] CopyFiles Library/Bee/PlayerScriptAssemblies/AssistantCoreSDKRuntime.pdb
[1079/1167  0s] CopyFiles Library/Bee/PlayerScriptAssemblies/Unity.XR.OpenXR.Features.MetaQuestSupport.pdb
[1080/1167  0s] CopyFiles Library/Bee/PlayerScriptAssemblies/Unity.RenderPipelines.Core.Runtime.Shared.pdb
[1081/1167  0s] CopyFiles Library/Bee/PlayerScriptAssemblies/Unity.XR.OpenXR.Features.RuntimeDebugger.pdb
[1082/1167  0s] CopyFiles Library/Bee/PlayerScriptAssemblies/Unity.AI.Navigation.pdb
[1083/1167  0s] CopyFiles Library/Bee/PlayerScriptAssemblies/Meta.Wit.Composer.pdb
[1084/1167  0s] CopyFiles Library/Bee/PlayerScriptAssemblies/Meta.XR.MultiplayerBlocks.Shared.pdb
[1085/1167  0s] CopyFiles Library/Bee/PlayerScriptAssemblies/Meta.XR.ImmersiveDebugger.Interface.pdb
[1086/1167  0s] CopyFiles Library/Bee/PlayerScriptAssemblies/Meta.WitAi.pdb
[1087/1167  0s] CopyFiles Library/Bee/PlayerScriptAssemblies/Unity.XR.Interaction.Toolkit.Samples.Hands.pdb
[1088/1167  0s] CopyFiles Library/Bee/PlayerScriptAssemblies/Oculus.Interaction.OVR.pdb
[1089/1167  0s] CopyFiles Library/Bee/PlayerScriptAssemblies/Unity.RenderPipeline.Universal.ShaderLibrary.pdb
[1090/1167  0s] CopyFiles Library/Bee/PlayerScriptAssemblies/Unity.XR.OpenXR.Features.MockRuntime.pdb
[1091/1167  0s] CopyFiles Library/Bee/PlayerScriptAssemblies/Meta.Net.endel.nativewebsocket.pdb
[1092/1167  0s] CopyFiles Library/Bee/PlayerScriptAssemblies/Meta.XR.Audio.pdb
[1093/1167  0s] CopyFiles Library/Bee/PlayerScriptAssemblies/VoiceSDK.Runtime.Composer.pdb
[1094/1167  0s] CopyFiles Library/Bee/PlayerScriptAssemblies/Meta.XR.ImmersiveDebugger.pdb
[1095/1167  0s] CopyFiles Library/Bee/PlayerScriptAssemblies/Unity.Tutorials.Core.pdb
[1096/1167  0s] CopyFiles Library/Bee/PlayerScriptAssemblies/Unity.RenderPipelines.Universal.Config.Runtime.pdb
[1097/1167  0s] CopyFiles Library/Bee/PlayerScriptAssemblies/Unity.XR.Interaction.Toolkit.Samples.InteractionSimulator.pdb
[1098/1167  0s] CopyFiles Library/Bee/PlayerScriptAssemblies/Meta.XR.EnvironmentDepth.pdb
[1099/1167  0s] CopyFiles Library/Bee/PlayerScriptAssemblies/Unity.XR.OpenXR.pdb
[1100/1167  0s] CopyFiles Library/Bee/PlayerScriptAssemblies/MRTemplate.pdb
[1101/1167  0s] CopyFiles Library/Bee/PlayerScriptAssemblies/VoiceSDK.Runtime.pdb
[1102/1167  0s] CopyFiles Library/Bee/PlayerScriptAssemblies/Oculus.Haptics.pdb
[1103/1167  0s] CopyFiles Library/Bee/PlayerScriptAssemblies/Unity.XR.Hands.Samples.VisualizerSample.pdb
[1104/1167  0s] CopyFiles Library/Bee/PlayerScriptAssemblies/Meta.WitAi.TTS.pdb
[1105/1167  0s] CopyFiles Library/Bee/PlayerScriptAssemblies/Unity.RenderPipelines.Universal.2D.Runtime.pdb
[1106/1167  0s] CopyFiles Library/Bee/PlayerScriptAssemblies/Unity.RenderPipelines.Universal.Shaders.pdb
[1107/1167  0s] CopyFiles Library/Bee/PlayerScriptAssemblies/Unity.Collections.pdb
[1108/1167  0s] CopyFiles Library/Bee/PlayerScriptAssemblies/Unity.XR.ARFoundation.pdb
[1109/1167  0s] CopyFiles Library/Bee/PlayerScriptAssemblies/Meta.XR.BuildingBlocks.pdb
[1110/1167  0s] CopyFiles Library/Bee/PlayerScriptAssemblies/Unity.VisualScripting.Core.pdb
[1111/1167  0s] CopyFiles Library/Bee/PlayerScriptAssemblies/Unity.XR.Interaction.Toolkit.Samples.StarterAssets.pdb
[1112/1167  0s] CopyFiles Library/Bee/PlayerScriptAssemblies/Unity.XR.ARFoundation.VisualScripting.pdb
[1113/1167  0s] CopyFiles Library/Bee/PlayerScriptAssemblies/Unity.VisualScripting.State.pdb
[1114/1167  0s] CopyFiles Library/Bee/PlayerScriptAssemblies/Unity.InputSystem.ForUI.pdb
[1115/1167  0s] CopyFiles Library/Bee/PlayerScriptAssemblies/Meta.VoiceSDK.Mic.Common.pdb
[1116/1167  0s] CopyFiles Library/Bee/PlayerScriptAssemblies/Unity.XR.Interaction.Toolkit.Samples.ARStarterAssets.pdb
[1117/1167  0s] CopyFiles Library/Bee/PlayerScriptAssemblies/Unity.Multiplayer.Center.Common.pdb
[1118/1167  0s] CopyFiles Library/Bee/PlayerScriptAssemblies/UnityEngine.SpatialTracking.pdb
[1119/1167  0s] CopyFiles Library/Bee/PlayerScriptAssemblies/Meta.WitAi.Lib.pdb
[1120/1167  0s] CopyFiles Library/Bee/PlayerScriptAssemblies/meta.xr.mrutilitykit.pdb
[1121/1167  0s] CopyFiles Library/Bee/PlayerScriptAssemblies/Unity.Rendering.LightTransport.Runtime.pdb
[1122/1167  0s] CopyFiles Library/Bee/PlayerScriptAssemblies/Unity.XR.OpenXR.Features.OculusQuestSupport.pdb
[1123/1167  0s] CopyFiles Library/Bee/PlayerScriptAssemblies/Unity.XR.Hands.pdb
[1124/1167  0s] CopyFiles Library/Bee/PlayerScriptAssemblies/Unity.RenderPipelines.Universal.Runtime.pdb
[1125/1167  0s] CopyFiles Library/Bee/PlayerScriptAssemblies/UnityEngine.UI.pdb
[1126/1167  0s] CopyFiles Library/Bee/PlayerScriptAssemblies/Meta.XR.MultiplayerBlocks.Fusion.pdb
[1127/1167  0s] CopyFiles Library/Bee/PlayerScriptAssemblies/Unity.Mathematics.pdb
[1128/1167  0s] CopyFiles Library/Bee/PlayerScriptAssemblies/Meta.Voice.NLayer.pdb
[1129/1167  0s] CopyFiles Library/Bee/PlayerScriptAssemblies/Unity.XR.Management.pdb
[1130/1167  0s] CopyFiles Library/Bee/PlayerScriptAssemblies/Unity.XR.Simulation.pdb
[1131/1167  0s] CopyFiles Library/Bee/PlayerScriptAssemblies/Unity.TextMeshPro.pdb
[1132/1167  0s] CopyFiles Library/Bee/PlayerScriptAssemblies/Unity.InputSystem.pdb
[1133/1167  0s] CopyFiles Library/Bee/PlayerScriptAssemblies/Unity.RenderPipelines.Core.Runtime.pdb
[1134/1167  0s] CopyFiles Library/Bee/PlayerScriptAssemblies/Meta.Voice.Hub.Runtime.pdb
[1135/1167  0s] CopyFiles Library/Bee/PlayerScriptAssemblies/Unity.XR.ARFoundation.InternalUtils.pdb
[1136/1167  0s] CopyFiles Library/Bee/PlayerScriptAssemblies/Unity.RenderPipelines.Core.ShaderLibrary.pdb
[1137/1167  0s] CopyFiles Library/Bee/PlayerScriptAssemblies/Oculus.Interaction.Samples.pdb
[1138/1167  0s] CopyFiles Library/Bee/PlayerScriptAssemblies/Meta.VoiceSDK.Mic.Other.pdb
[1139/1167  0s] CopyFiles Library/Bee/PlayerScriptAssemblies/Unity.XR.ARSubsystems.pdb
[1140/1167  0s] CopyFiles Library/Bee/PlayerScriptAssemblies/Unity.RenderPipelines.GPUDriven.Runtime.pdb
[1141/1167  0s] CopyFiles Library/Bee/PlayerScriptAssemblies/Unity.RenderPipelines.ShaderGraph.ShaderGraphLibrary.pdb
[1142/1167  0s] CopyFiles Library/Bee/PlayerScriptAssemblies/Oculus.Interaction.UnityXR.pdb
[1143/1167  0s] CopyFiles Library/Bee/PlayerScriptAssemblies/Unity.Splines.pdb
[1144/1167  0s] CopyFiles Library/Bee/PlayerScriptAssemblies/Meta.Voice.Opus.pdb
[1145/1167  0s] CopyFiles Library/Bee/PlayerScriptAssemblies/Oculus.Interaction.OVR.Samples.pdb
[1146/1167  0s] CopyFiles Library/Bee/PlayerScriptAssemblies/UnityEngine.XR.LegacyInputHelpers.pdb
[1147/1167  0s] CopyFiles Library/Bee/PlayerScriptAssemblies/VoiceSDK.Dictation.Runtime.pdb
[1148/1167  0s] CopyFiles Library/Bee/PlayerScriptAssemblies/Oculus.Platform.pdb
[1149/1167  0s] CopyFiles Library/Bee/PlayerScriptAssemblies/Unity.XR.CoreUtils.pdb
[1150/1167  0s] CopyFiles Library/Bee/PlayerScriptAssemblies/VoiceSDK.Telemetry.Runtime.pdb
[1151/1167  0s] CopyFiles Library/Bee/PlayerScriptAssemblies/Meta.Wit.Dictation.pdb
[1152/1167  0s] CopyFiles Library/Bee/PlayerScriptAssemblies/Oculus.Interaction.pdb
[1153/1167  0s] CopyFiles Library/Bee/PlayerScriptAssemblies/Unity.XR.Interaction.Toolkit.pdb
[1154/1167  0s] CopyFiles Library/Bee/PlayerScriptAssemblies/Unity.XR.OpenXR.Features.ConformanceAutomation.pdb
[1155/1167  0s] CopyFiles Library/Bee/PlayerScriptAssemblies/Fusion.Unity.pdb
[1156/1167  0s] CopyFiles Library/Bee/PlayerScriptAssemblies/AssistantVoiceCommandCommon.pdb
[1157/1167  0s] CopyFiles Library/Bee/PlayerScriptAssemblies/Unity.Burst.pdb
[1158/1167  0s] CopyFiles Library/Bee/PlayerScriptAssemblies/Unity.Splines.Examples.pdb
[1159/1167  0s] CopyFiles Library/Bee/PlayerScriptAssemblies/Oculus.VR.pdb
[1160/1167  0s] CopyFiles Library/Bee/PlayerScriptAssemblies/Unity.VisualScripting.Flow.pdb
[1161/1167  2s] Csc Library/Bee/artifacts/1900b0aP.dag/Assembly-CSharp.dll (+2 others)
Assets\ERL\Scripts\M2MqttUnity\Scripts\M2MqttUnityClientNetwork.cs(211,30): warning CS0168: The variable 'e' is declared but never used

Assets\ERL\Scripts\M2Mqtt\MqttClient.cs(695,30): warning CS0168: The variable 'e' is declared but never used

Assets\ERL\Scripts\RestClient\Scripts\Core\Singletons\Singleton.cs(15,32): warning CS0618: 'Object.FindObjectsOfType(Type)' is obsolete: 'Object.FindObjectsOfType has been deprecated. Use Object.FindObjectsByType instead which lets you decide whether you need the results sorted or not.  FindObjectsOfType sorts the results by InstanceID, but if you do not need this using FindObjectSortMode.None is considerably faster.'

Assets\ERL\Scripts\RestClient\Scripts\Core\RestWebClient.cs(58,20): warning CS0618: 'UnityWebRequest.isNetworkError' is obsolete: 'UnityWebRequest.isNetworkError is deprecated. Use (UnityWebRequest.result == UnityWebRequest.Result.ConnectionError) instead.'

Assets\ERL\Scripts\Car\CarPositionLiveSubscriber.cs(174,17): warning CS0219: The variable 'rotationFix' is assigned but its value is never used

Assets\ERL\Scripts\RestClient\Scripts\Core\RestWebClient.cs(99,20): warning CS0618: 'UnityWebRequest.isNetworkError' is obsolete: 'UnityWebRequest.isNetworkError is deprecated. Use (UnityWebRequest.result == UnityWebRequest.Result.ConnectionError) instead.'

Assets\ERL\Scripts\RestClient\Scripts\Core\RestWebClient.cs(144,20): warning CS0618: 'UnityWebRequest.isNetworkError' is obsolete: 'UnityWebRequest.isNetworkError is deprecated. Use (UnityWebRequest.result == UnityWebRequest.Result.ConnectionError) instead.'

Assets\ERL\Scripts\RestClient\Scripts\Core\RestWebClient.cs(173,20): warning CS0618: 'UnityWebRequest.isNetworkError' is obsolete: 'UnityWebRequest.isNetworkError is deprecated. Use (UnityWebRequest.result == UnityWebRequest.Result.ConnectionError) instead.'

Assets\ERL\Scripts\M2Mqtt\MqttClient.cs(2487,47): warning CS0168: The variable 'e' is declared but never used

Assets\ERL\Scripts\Track\RacingLineGeneratorV2.cs(69,53): warning CS0067: The event 'RacingLineGeneratorV2.OnCheckpointTriggered' is never used
[1162/1167  1s] ILPostProcess Library/Bee/artifacts/1900b0aP.dag/post-processed/Assembly-CSharp.dll (+pdb)
Processing assembly Library/Bee/artifacts/1900b0aP.dag/Assembly-CSharp.dll, with 120 defines and 287 references

processors: Fusion.CodeGen.ILWeaverBindings, Unity.Jobs.CodeGen.JobsILPostProcessor, zzzUnity.Burst.CodeGen.BurstILPostProcessor

running Fusion.CodeGen.ILWeaverBindings

running Unity.Jobs.CodeGen.JobsILPostProcessor

running zzzUnity.Burst.CodeGen.BurstILPostProcessor
[1163/1167  0s] CopyFiles Library/Bee/PlayerScriptAssemblies/Assembly-CSharp.pdb
[1164/1167  0s] CopyFiles Library/Bee/PlayerScriptAssemblies/Assembly-CSharp.dll
[1166/1167  2s] BuildPlayerDataGenerator Library/BuildPlayerData/Player/RuntimeInitializeOnLoads.json (+1 other)
*** Tundra build success (14.56 seconds), 173 items updated, 1167 evaluated
Total cache size 268409604
Total cache size after purge 268409604, took 00:00:00.7191326
Rebuilding Data files because Assets/Resources/PerformanceTestRunSettings.json is dirty (hash)
Opening scene 'Assets/ERL/Scenes/ERLServerStartup.unity'
Unloading 4 Unused Serialized files (Serialized files now loaded: 0)
Loaded scene 'Assets/ERL/Scenes/ERLServerStartup.unity'
	Deserialize:            0.699 ms
	Integration:            422.397 ms
	Integration of assets:  0.002 ms
	Thread Wait Time:       0.011 ms
	Total Operation Time:   423.109 ms
Unloading 165 unused Assets / (0.6 MB). Loaded Objects now: 14166.
Memory consumption went from 316.6 MB to 316.0 MB.
Total: 23.577400 ms (FindLiveObjects: 1.176400 ms CreateObjectMapping: 1.958200 ms MarkObjects: 19.838900 ms  DeleteObjects: 0.602700 ms)

Created GICache directory at C:/Users/Tony/AppData/LocalLow/Unity/Caches/GiCache. Took: 0.014s, timestamps: [50.252 - 50.265]
Opening scene 'Assets/ERL/Scenes/ERLClientStartup.unity'
Unloading 331 Unused Serialized files (Serialized files now loaded: 0)
Loaded scene 'Assets/ERL/Scenes/ERLClientStartup.unity'
	Deserialize:            0.587 ms
	Integration:            369.412 ms
	Integration of assets:  0.001 ms
	Thread Wait Time:       0.032 ms
	Total Operation Time:   370.032 ms
Unloading 4416 unused Assets / (13.1 MB). Loaded Objects now: 14182.
Memory consumption went from 332.9 MB to 319.8 MB.
Total: 29.130900 ms (FindLiveObjects: 1.299900 ms CreateObjectMapping: 1.667800 ms MarkObjects: 21.187400 ms  DeleteObjects: 4.974400 ms)

Opening scene 'Assets/ERL/Scenes/ERLRace.unity'
Unloading 5 Unused Serialized files (Serialized files now loaded: 0)
Loaded scene 'Assets/ERL/Scenes/ERLRace.unity'
	Deserialize:            25.503 ms
	Integration:            631.736 ms
	Integration of assets:  0.606 ms
	Thread Wait Time:       0.032 ms
	Total Operation Time:   657.877 ms
Unloading 10 unused Assets / (6.6 KB). Loaded Objects now: 19692.
Memory consumption went from 357.2 MB to 357.2 MB.
Total: 25.197400 ms (FindLiveObjects: 1.746100 ms CreateObjectMapping: 1.907500 ms MarkObjects: 21.408400 ms  DeleteObjects: 0.134100 ms)



Mono dependencies included in the build
Dependency assembly - Meta.XR.ImmersiveDebugger.dll
Dependency assembly - System.ComponentModel.dll
Dependency assembly - Unity.Splines.Examples.dll
Dependency assembly - Microsoft.Build.Utilities.v4.0.dll
Dependency assembly - Meta.XR.MultiplayerBlocks.Shared.dll
Dependency assembly - Oculus.Platform.dll
Dependency assembly - System.Security.Cryptography.Primitives.dll
Dependency assembly - Mono.Messaging.dll
Dependency assembly - System.Json.dll
Dependency assembly - Fusion.Runtime.dll
Dependency assembly - System.Threading.Timer.dll
Dependency assembly - WebMatrix.Data.dll
Dependency assembly - Unity.RenderPipelines.Core.ShaderLibrary.dll
Dependency assembly - Unity.RenderPipeline.Universal.ShaderLibrary.dll
Dependency assembly - System.Drawing.Primitives.dll
Dependency assembly - System.Threading.AccessControl.dll
Dependency assembly - System.Security.Claims.dll
Dependency assembly - Unity.XR.Interaction.Toolkit.dll
Dependency assembly - Unity.RenderPipelines.GPUDriven.Runtime.dll
Dependency assembly - System.Reactive.Interfaces.dll
Dependency assembly - System.Configuration.Install.dll
Dependency assembly - I18N.MidEast.dll
Dependency assembly - System.Data.Entity.dll
Dependency assembly - Meta.Voice.NLayer.dll
Dependency assembly - System.Reactive.Experimental.dll
Dependency assembly - System.Security.Cryptography.Encryption.dll
Dependency assembly - System.Security.dll
Dependency assembly - Mono.Cairo.dll
Dependency assembly - System.IO.dll
Dependency assembly - System.Runtime.CompilerServices.VisualC.dll
Dependency assembly - System.Security.Cryptography.Csp.dll
Dependency assembly - System.Xml.XPath.XDocument.dll
Dependency assembly - System.Net.Http.Formatting.dll
Dependency assembly - Fusion.Common.dll
Dependency assembly - System.Security.SecureString.dll
Dependency assembly - System.IO.Compression.FileSystem.dll
Dependency assembly - Unity.Splines.dll
Dependency assembly - System.ComponentModel.Composition.dll
Dependency assembly - System.DirectoryServices.dll
Dependency assembly - Meta.XR.MultiplayerBlocks.Fusion.dll
Dependency assembly - Microsoft.Build.Tasks.v4.0.dll
Dependency assembly - System.Runtime.Serialization.Xml.dll
Dependency assembly - System.Web.RegularExpressions.dll
Dependency assembly - Unity.XR.Interaction.Toolkit.Samples.InteractionSimulator.dll
Dependency assembly - Oculus.Interaction.OVR.Samples.dll
Dependency assembly - System.Security.Cryptography.ProtectedData.dll
Dependency assembly - IBM.Data.DB2.dll
Dependency assembly - System.Runtime.Numerics.dll
Dependency assembly - Meta.Net.endel.nativewebsocket.dll
Dependency assembly - System.Security.Principal.dll
Dependency assembly - System.Data.Linq.dll
Dependency assembly - System.Globalization.Extensions.dll
Dependency assembly - System.AppContext.dll
Dependency assembly - System.Web.WebPages.Deployment.dll
Dependency assembly - System.IdentityModel.dll
Dependency assembly - Fusion.Log.dll
Dependency assembly - System.Diagnostics.Process.dll
Dependency assembly - System.Runtime.Serialization.dll
Dependency assembly - System.Security.Cryptography.Encoding.dll
Dependency assembly - System.Security.Cryptography.Cng.dll
Dependency assembly - System.Threading.Tasks.Dataflow.dll
Dependency assembly - Photon3Unity3D.dll
Dependency assembly - System.Security.Cryptography.DeriveBytes.dll
Dependency assembly - System.Xaml.dll
Dependency assembly - System.IO.FileSystem.Watcher.dll
Dependency assembly - Oculus.Interaction.OVR.dll
Dependency assembly - System.Security.Cryptography.Encryption.ECDiffieHellman.dll
Dependency assembly - System.Web.Http.WebHost.dll
Dependency assembly - System.ServiceModel.Security.dll
Dependency assembly - System.Reactive.Observable.Aliases.dll
Dependency assembly - System.Buffers.dll
Dependency assembly - System.Data.Common.dll
Dependency assembly - Unity.RenderPipelines.Core.Runtime.Shared.dll
Dependency assembly - Unity.RenderPipelines.Universal.Runtime.dll
Dependency assembly - System.Text.Encoding.CodePages.dll
Dependency assembly - System.ServiceModel.Duplex.dll
Dependency assembly - Meta.VoiceSDK.Mic.Common.dll
Dependency assembly - Unity.RenderPipelines.Universal.Shaders.dll
Dependency assembly - System.Net.Primitives.dll
Dependency assembly - System.Reflection.DispatchProxy.dll
Dependency assembly - UnityEngine.XR.LegacyInputHelpers.dll
Dependency assembly - System.Xml.dll
Dependency assembly - System.Xml.XPath.dll
Dependency assembly - System.Workflow.ComponentModel.dll
Dependency assembly - System.Security.Cryptography.RandomNumberGenerator.dll
Dependency assembly - System.Security.Cryptography.Algorithms.dll
Dependency assembly - Mono.Data.Sqlite.dll
Dependency assembly - Oculus.Interaction.UnityXR.dll
Dependency assembly - Microsoft.Build.Framework.dll
Dependency assembly - System.Drawing.Design.dll
Dependency assembly - System.ComponentModel.TypeConverter.dll
Dependency assembly - Mono.Messaging.RabbitMQ.dll
Dependency assembly - Unity.XR.ARFoundation.InternalUtils.dll
Dependency assembly - System.Threading.dll
Dependency assembly - Fusion.Realtime.dll
Dependency assembly - netstandard.dll
Dependency assembly - System.Web.ApplicationServices.dll
Dependency assembly - System.Workflow.Runtime.dll
Dependency assembly - System.Collections.Specialized.dll
Dependency assembly - Unity.XR.Interaction.Toolkit.Samples.ARStarterAssets.dll
Dependency assembly - System.Reflection.Emit.dll
Dependency assembly - System.Net.Http.dll
Dependency assembly - Mono.Parallel.dll
Dependency assembly - System.Runtime.DurableInstancing.dll
Dependency assembly - Meta.Voice.Hub.Runtime.dll
Dependency assembly - Mono.Management.dll
Dependency assembly - System.Resources.ReaderWriter.dll
Dependency assembly - System.Web.Extensions.dll
Dependency assembly - System.ServiceProcess.dll
Dependency assembly - PEAPI.dll
Dependency assembly - System.Web.WebPages.Razor.dll
Dependency assembly - AssistantVoiceCommandCommon.dll
Dependency assembly - UnityEngine.UI.dll
Dependency assembly - meta.xr.mrutilitykit.dll
Dependency assembly - System.Runtime.Loader.dll
Dependency assembly - System.Text.Encoding.Extensions.dll
Dependency assembly - System.Messaging.dll
Dependency assembly - System.Security.Cryptography.OpenSsl.dll
Dependency assembly - Unity.Collections.dll
Dependency assembly - System.Net.Utilities.dll
Dependency assembly - System.Threading.Tasks.dll
Dependency assembly - System.IO.FileSystem.DriveInfo.dll
Dependency assembly - System.Resources.Writer.dll
Dependency assembly - System.ServiceModel.Activation.dll
Dependency assembly - MRTemplate.dll
Dependency assembly - System.Runtime.Remoting.dll
Dependency assembly - Unity.VisualScripting.State.dll
Dependency assembly - System.Text.Encoding.dll
Dependency assembly - Unity.RenderPipelines.Universal.Config.Runtime.dll
Dependency assembly - System.Security.Cryptography.Encryption.Aes.dll
Dependency assembly - System.Xml.XmlSerializer.dll
Dependency assembly - System.Threading.Thread.dll
Dependency assembly - System.IO.MemoryMappedFiles.dll
Dependency assembly - System.Runtime.Serialization.Primitives.dll
Dependency assembly - System.IO.Compression.dll
Dependency assembly - System.IO.IsolatedStorage.dll
Dependency assembly - System.Management.dll
Dependency assembly - cscompmgd.dll
Dependency assembly - Unity.VisualScripting.Flow.dll
Dependency assembly - System.Net.Security.dll
Dependency assembly - System.Xml.XmlDocument.dll
Dependency assembly - System.ValueTuple.dll
Dependency assembly - Mono.XBuild.Tasks.dll
Dependency assembly - Microsoft.Web.Infrastructure.dll
Dependency assembly - System.Diagnostics.Tools.dll
Dependency assembly - System.Globalization.Calendars.dll
Dependency assembly - System.Xml.Serialization.dll
Dependency assembly - Mono.Security.dll
Dependency assembly - System.Threading.ThreadPool.dll
Dependency assembly - Unity.Burst.dll
Dependency assembly - System.Security.Cryptography.X509Certificates.dll
Dependency assembly - Unity.XR.Management.dll
Dependency assembly - websocket-sharp.dll
Dependency assembly - Unity.RenderPipelines.Universal.2D.Runtime.dll
Dependency assembly - System.Runtime.Handles.dll
Dependency assembly - Unity.XR.OpenXR.Features.MockRuntime.dll
Dependency assembly - System.Deployment.dll
Dependency assembly - Oculus.Haptics.dll
Dependency assembly - Mono.WebBrowser.dll
Dependency assembly - System.Resources.ResourceManager.dll
Dependency assembly - Mono.Http.dll
Dependency assembly - System.Xml.Linq.dll
Dependency assembly - NanoSockets.dll
Dependency assembly - Unity.Collections.LowLevel.ILSupport.dll
Dependency assembly - System.Diagnostics.Debug.dll
Dependency assembly - System.Security.Cryptography.Hashing.dll
Dependency assembly - System.Web.Extensions.Design.dll
Dependency assembly - Meta.WitAi.dll
Dependency assembly - Unity.XR.ARFoundation.VisualScripting.dll
Dependency assembly - System.Net.NetworkInformation.dll
Dependency assembly - Unity.Mathematics.dll
Dependency assembly - System.dll
Dependency assembly - System.Runtime.InteropServices.RuntimeInformation.dll
Dependency assembly - System.ServiceModel.Primitives.dll
Dependency assembly - Mono.Profiler.Log.dll
Dependency assembly - System.Data.Services.dll
Dependency assembly - Meta.Voice.Opus.dll
Dependency assembly - Unity.InputSystem.dll
Dependency assembly - RabbitMQ.Client.dll
Dependency assembly - SystemWebTestShim.dll
Dependency assembly - CustomMarshalers.dll
Dependency assembly - Mono.Security.Win32.dll
Dependency assembly - System.Diagnostics.StackTrace.dll
Dependency assembly - Meta.WitAi.Lib.dll
Dependency assembly - System.Resources.Reader.dll
Dependency assembly - System.Security.AccessControl.dll
Dependency assembly - System.IdentityModel.Selectors.dll
Dependency assembly - System.Web.Razor.dll
Dependency assembly - Microsoft.CSharp.dll
Dependency assembly - I18N.CJK.dll
Dependency assembly - System.Runtime.Extensions.dll
Dependency assembly - System.Core.dll
Dependency assembly - System.Diagnostics.TraceSource.dll
Dependency assembly - System.Windows.Forms.dll
Dependency assembly - VoiceSDK.Dictation.Runtime.dll
Dependency assembly - System.Runtime.Serialization.Formatters.Soap.dll
Dependency assembly - monodoc.dll
Dependency assembly - System.Security.Principal.Windows.dll
Dependency assembly - System.Net.Mail.dll
Dependency assembly - System.Security.Cryptography.Hashing.Algorithms.dll
Dependency assembly - Oculus.VR.dll
Dependency assembly - System.Design.dll
Dependency assembly - System.ServiceModel.Web.dll
Dependency assembly - System.Reactive.Windows.Threading.dll
Dependency assembly - I18N.Rare.dll
Dependency assembly - Mono.C5.dll
Dependency assembly - System.Data.SqlClient.dll
Dependency assembly - Accessibility.dll
Dependency assembly - Assembly-CSharp.dll
Dependency assembly - System.Linq.Parallel.dll
Dependency assembly - System.Data.Services.Client.dll
Dependency assembly - SMDiagnostics.dll
Dependency assembly - Unity.XR.OpenXR.dll
Dependency assembly - Mono.Options.dll
Dependency assembly - System.Net.WebSockets.dll
Dependency assembly - System.Net.Http.WebRequest.dll
Dependency assembly - System.Numerics.dll
Dependency assembly - System.Web.Mobile.dll
Dependency assembly - System.ObjectModel.dll
Dependency assembly - Unity.XR.OpenXR.Features.OculusQuestSupport.dll
Dependency assembly - Meta.VoiceSDK.Mic.Other.dll
Dependency assembly - Meta.Wit.Dictation.dll
Dependency assembly - System.IO.FileSystem.Primitives.dll
Dependency assembly - System.Web.DynamicData.dll
Dependency assembly - Microsoft.Win32.Registry.AccessControl.dll
Dependency assembly - System.Linq.Queryable.dll
Dependency assembly - Meta.XR.EnvironmentDepth.dll
Dependency assembly - System.Net.dll
Dependency assembly - System.ServiceProcess.ServiceController.dll
Dependency assembly - System.Transactions.dll
Dependency assembly - VoiceSDK.Runtime.dll
Dependency assembly - System.Collections.dll
Dependency assembly - System.Reflection.dll
Dependency assembly - Unity.XR.Interaction.Toolkit.Samples.StarterAssets.dll
Dependency assembly - Meta.XR.ImmersiveDebugger.Interface.dll
Dependency assembly - System.Web.WebPages.dll
Dependency assembly - Mono.Posix.dll
Dependency assembly - System.Reactive.Linq.dll
Dependency assembly - System.Security.Cryptography.Pkcs.dll
Dependency assembly - Meta.WitAi.TTS.dll
Dependency assembly - System.Net.Http.Rtc.dll
Dependency assembly - System.Runtime.InteropServices.dll
Dependency assembly - System.ServiceModel.dll
Dependency assembly - System.Diagnostics.TraceEvent.dll
Dependency assembly - System.IO.Pipes.dll
Dependency assembly - Unity.Tutorials.Core.dll
Dependency assembly - Novell.Directory.Ldap.dll
Dependency assembly - System.IO.UnmanagedMemoryStream.dll
Dependency assembly - System.Xml.XDocument.dll
Dependency assembly - Unity.XR.OpenXR.Features.MetaQuestSupport.dll
Dependency assembly - Fusion.Sockets.dll
Dependency assembly - System.Text.RegularExpressions.dll
Dependency assembly - System.Security.Cryptography.Encryption.ECDsa.dll
Dependency assembly - Unity.XR.Hands.dll
Dependency assembly - Unity.RenderPipelines.ShaderGraph.ShaderGraphLibrary.dll
Dependency assembly - Unity.XR.OpenXR.Features.ConformanceAutomation.dll
Dependency assembly - Unity.Burst.Unsafe.dll
Dependency assembly - System.Net.NameResolution.dll
Dependency assembly - System.Runtime.Serialization.Formatters.dll
Dependency assembly - Unity.Rendering.LightTransport.Runtime.dll
Dependency assembly - ICSharpCode.SharpZipLib.dll
Dependency assembly - Microsoft.Build.dll
Dependency assembly - Meta.XR.BuildingBlocks.dll
Dependency assembly - System.Runtime.dll
Dependency assembly - I18N.Other.dll
Dependency assembly - System.Diagnostics.TextWriterTraceListener.dll
Dependency assembly - System.ServiceModel.Http.dll
Dependency assembly - System.Dynamic.dll
Dependency assembly - System.Xml.XPath.XmlDocument.dll
Dependency assembly - WindowsBase.dll
Dependency assembly - System.Reactive.Runtime.Remoting.dll
Dependency assembly - System.Diagnostics.FileVersionInfo.dll
Dependency assembly - System.ServiceModel.Internals.dll
Dependency assembly - System.Json.Microsoft.dll
Dependency assembly - Meta.XR.Audio.dll
Dependency assembly - System.Reflection.Context.dll
Dependency assembly - System.Collections.Concurrent.dll
Dependency assembly - System.EnterpriseServices.dll
Dependency assembly - System.Diagnostics.Tracing.dll
Dependency assembly - System.Reflection.Emit.Lightweight.dll
Dependency assembly - System.ComponentModel.DataAnnotations.dll
Dependency assembly - Unity.Multiplayer.Center.Common.dll
Dependency assembly - System.Threading.Overlapped.dll
Dependency assembly - System.Workflow.Activities.dll
Dependency assembly - System.Net.Cache.dll
Dependency assembly - Oculus.Interaction.dll
Dependency assembly - System.Web.Mvc.dll
Dependency assembly - System.Globalization.dll
Dependency assembly - Mono.Simd.dll
Dependency assembly - System.Reflection.Primitives.dll
Dependency assembly - Microsoft.Build.Engine.dll
Dependency assembly - System.Configuration.dll
Dependency assembly - System.ServiceModel.Routing.dll
Dependency assembly - Mono.CompilerServices.SymbolWriter.dll
Dependency assembly - System.Windows.Forms.DataVisualization.dll
Dependency assembly - I18N.dll
Dependency assembly - Mono.Data.Tds.dll
Dependency assembly - System.Net.ServicePoint.dll
Dependency assembly - System.Numerics.Vectors.dll
Dependency assembly - System.IO.FileSystem.AccessControl.dll
Dependency assembly - Meta.Wit.Composer.dll
Dependency assembly - System.ComponentModel.Primitives.dll
Dependency assembly - System.Reactive.Windows.Forms.dll
Dependency assembly - System.Web.Services.dll
Dependency assembly - System.Net.Sockets.dll
Dependency assembly - System.Threading.Tasks.Parallel.dll
Dependency assembly - Unity.XR.Hands.Samples.VisualizerSample.dll
Dependency assembly - Unity.XR.ARFoundation.dll
Dependency assembly - VoiceSDK.Telemetry.Runtime.dll
Dependency assembly - Unity.TextMeshPro.dll
Dependency assembly - Mono.Btls.Interface.dll
Dependency assembly - System.Console.dll
Dependency assembly - System.Reactive.Providers.dll
Dependency assembly - System.Web.Abstractions.dll
Dependency assembly - Unity.InputSystem.ForUI.dll
Dependency assembly - System.DirectoryServices.Protocols.dll
Dependency assembly - System.Net.Requests.dll
Dependency assembly - AssistantCoreSDKRuntime.dll
Dependency assembly - Unity.XR.OpenXR.Features.RuntimeDebugger.dll
Dependency assembly - System.Memory.dll
Dependency assembly - Unity.AI.Navigation.dll
Dependency assembly - I18N.West.dll
Dependency assembly - System.IO.FileSystem.dll
Dependency assembly - System.Reactive.Debugger.dll
Dependency assembly - System.Web.Http.SelfHost.dll
Dependency assembly - System.ServiceModel.Discovery.dll
Dependency assembly - System.Runtime.Caching.dll
Dependency assembly - System.Threading.Tasks.Extensions.dll
Dependency assembly - Fusion.Unity.dll
Dependency assembly - Unity.XR.CoreUtils.dll
Dependency assembly - UnityEngine.SpatialTracking.dll
Dependency assembly - Unity.VisualScripting.Core.dll
Dependency assembly - System.Net.HttpListener.dll
Dependency assembly - System.Reflection.TypeExtensions.dll
Dependency assembly - Unity.XR.Simulation.dll
Dependency assembly - System.Diagnostics.Contracts.dll
Dependency assembly - System.Data.dll
Dependency assembly - Unity.XR.Interaction.Toolkit.Samples.Hands.dll
Dependency assembly - System.Xml.ReaderWriter.dll
Dependency assembly - System.ServiceModel.NetTcp.dll
Dependency assembly - Mono.CSharp.dll
Dependency assembly - System.Reactive.PlatformServices.dll
Dependency assembly - System.Reflection.Extensions.dll
Dependency assembly - System.Xml.Xsl.Primitives.dll
Dependency assembly - Commons.Xml.Relaxng.dll
Dependency assembly - System.ComponentModel.EventBasedAsync.dll
Dependency assembly - Mono.Tasklets.dll
Dependency assembly - mscorlib.dll
Dependency assembly - System.ComponentModel.Annotations.dll
Dependency assembly - System.IO.Compression.ZipFile.dll
Dependency assembly - System.Web.Http.dll
Dependency assembly - System.Drawing.dll
Dependency assembly - System.Net.Ping.dll
Dependency assembly - Unity.RenderPipelines.Core.Runtime.dll
Dependency assembly - System.Linq.Expressions.dll
Dependency assembly - System.Web.dll
Dependency assembly - System.Web.Routing.dll
Dependency assembly - System.Windows.dll
Dependency assembly - Microsoft.VisualC.dll
Dependency assembly - Unity.XR.ARSubsystems.dll
Dependency assembly - Newtonsoft.Json.dll
Dependency assembly - VoiceSDK.Runtime.Composer.dll
Dependency assembly - System.Collections.NonGeneric.dll
Dependency assembly - Oculus.Interaction.Samples.dll
Dependency assembly - System.Runtime.Serialization.Json.dll
Dependency assembly - System.Security.Cryptography.RSA.dll
Dependency assembly - System.Net.AuthenticationManager.dll
Dependency assembly - System.Data.OracleClient.dll
Dependency assembly - Microsoft.Win32.Primitives.dll
Dependency assembly - System.Data.DataSetExtensions.dll
Dependency assembly - System.Net.WebSockets.Client.dll
Dependency assembly - System.Net.WebHeaderCollection.dll
Dependency assembly - Unity.VisualScripting.Antlr3.Runtime.dll
Dependency assembly - System.Dynamic.Runtime.dll
Dependency assembly - System.Linq.dll
Dependency assembly - System.Runtime.InteropServices.WindowsRuntime.dll
Dependency assembly - Microsoft.Win32.Registry.dll
Dependency assembly - System.Reactive.Core.dll
Dependency assembly - System.Reflection.Emit.ILGeneration.dll

Unloading 135 Unused Serialized files (Serialized files now loaded: 0)
Unloading 3312 unused Assets / (52.9 MB). Loaded Objects now: 14235.
Memory consumption went from 398.3 MB to 345.3 MB.
Total: 32.221500 ms (FindLiveObjects: 1.401900 ms CreateObjectMapping: 2.152100 ms MarkObjects: 21.103100 ms  DeleteObjects: 7.554100 ms)

Unloading 1 Unused Serialized files (Serialized files now loaded: 0)
Unloading 0 unused Assets / (2.2 KB). Loaded Objects now: 14237.
Memory consumption went from 329.3 MB to 329.3 MB.
Total: 23.441600 ms (FindLiveObjects: 1.011900 ms CreateObjectMapping: 0.906100 ms MarkObjects: 21.489100 ms  DeleteObjects: 0.033200 ms)

Unloading 5 Unused Serialized files (Serialized files now loaded: 0)
Unloading 157 unused Assets / (139.1 MB). Loaded Objects now: 14237.
Memory consumption went from 471.4 MB to 332.3 MB.
Total: 40.707800 ms (FindLiveObjects: 1.021500 ms CreateObjectMapping: 1.240600 ms MarkObjects: 21.416400 ms  DeleteObjects: 17.027900 ms)

Compiling compute shader "ProbeVolumeSamplingDebugPositionNormal"
    starting stripping...
    finished in 0.01 seconds. 1 of 1 variants left
    1 variants, starting compilation...
    finished in 0.00 seconds. Local cache hits 1, remote cache hits 0, compiled 0 variants
Compiling compute shader "VrsTexture"
    starting stripping...
    finished in 0.00 seconds. 24 of 24 variants left
    24 variants, starting compilation...
    finished in 0.00 seconds. Local cache hits 24, remote cache hits 0, compiled 0 variants
Compiling compute shader "CopyDepthTexture"
    starting stripping...
    finished in 0.00 seconds. 1 of 1 variants left
    1 variants, starting compilation...
    finished in 0.00 seconds. Local cache hits 1, remote cache hits 0, compiled 0 variants
Script attached to 'FusionAvatarSdk28Plus' in asset 'Packages/com.meta.xr.sdk.core/Scripts/BuildingBlocks/MultiplayerBlocks/PhotonFusion/NetworkedAvatar/Prefabs/FusionAvatarSdk28Plus.prefab' is missing or no valid script is attached.
UnityEngine.Debug:ExtractStackTraceNoAlloc (byte*,int,string)
UnityEngine.StackTraceUtility:ExtractStackTrace ()
UnityEditor.BuildPipeline:BuildPlayerInternalNoCheck (string[],string,string,UnityEditor.BuildTargetGroup,UnityEditor.BuildTarget,int,UnityEditor.BuildOptions,string[],bool)
UnityEditor.BuildPipeline:BuildPlayerInternal (string[],string,string,UnityEditor.BuildTargetGroup,UnityEditor.BuildTarget,int,UnityEditor.BuildOptions,string[])
UnityEditor.BuildPipeline:BuildPlayer (string[],string,string,UnityEditor.BuildTargetGroup,UnityEditor.BuildTarget,int,UnityEditor.BuildOptions,string[])
UnityEditor.BuildPipeline:BuildPlayer (UnityEditor.BuildPlayerOptions)
BuildCommand:BuildStandaloneWindows64 () (at Assets/ERL/Editor/BuildCommand.cs:16)

[Assets/ERL/Editor/BuildCommand.cs line 16]

Script attached to 'FusionAvatarSdk28Plus' in asset 'Packages/com.meta.xr.sdk.core/Scripts/BuildingBlocks/MultiplayerBlocks/PhotonFusion/NetworkedAvatar/Prefabs/FusionAvatarSdk28Plus.prefab' is missing or no valid script is attached.
UnityEngine.Debug:ExtractStackTraceNoAlloc (byte*,int,string)
UnityEngine.StackTraceUtility:ExtractStackTrace ()
UnityEditor.BuildPipeline:BuildPlayerInternalNoCheck (string[],string,string,UnityEditor.BuildTargetGroup,UnityEditor.BuildTarget,int,UnityEditor.BuildOptions,string[],bool)
UnityEditor.BuildPipeline:BuildPlayerInternal (string[],string,string,UnityEditor.BuildTargetGroup,UnityEditor.BuildTarget,int,UnityEditor.BuildOptions,string[])
UnityEditor.BuildPipeline:BuildPlayer (string[],string,string,UnityEditor.BuildTargetGroup,UnityEditor.BuildTarget,int,UnityEditor.BuildOptions,string[])
UnityEditor.BuildPipeline:BuildPlayer (UnityEditor.BuildPlayerOptions)
BuildCommand:BuildStandaloneWindows64 () (at Assets/ERL/Editor/BuildCommand.cs:16)

[Assets/ERL/Editor/BuildCommand.cs line 16]

Starting: D:\Program Files\6000.1.5f1\Editor\Data\bee_backend.exe --ipc --dagfile="Library/Bee/Playerdf51000c.dag" --profile="Library/Bee/backend1.traceevents" Player
WorkingDir: D:/EchoXRTest/EchoRacerLive
DisplayProgressbar: Incremental Player Build
D:/EchoXRTest/EchoRacerLive/Library/PackageCache/com.unity.burst@59eb6f11d242/.Runtime\bcl.exe exited after 5661 ms.
stdout:
Starting 1 library requests
Done
stderr:

Starting: D:\Program Files\6000.1.5f1\Editor\Data\Tools\netcorerun\netcorerun.exe "D:\Program Files\6000.1.5f1\Editor\Data\PlaybackEngines\WindowsStandaloneSupport\WinPlayerBuildProgram.exe" "D:/Program Files/6000.1.5f1/Editor/Data/PlaybackEngines/WindowsStandaloneSupport/Bee;D:/Program Files/6000.1.5f1/Editor/Data/Tools/BuildPipeline" "Library/Bee/Playerdf51000c.dag.json" "Library/Bee/Playerdf51000c-inputdata.json" "Library\Bee\buildprogram0.traceevents"
WorkingDir: D:/EchoXRTest/EchoRacerLive
ExitCode: 4 Duration: 12s
ExitCode: 0 Duration: 0s437ms
Starting: D:\Program Files\6000.1.5f1\Editor\Data\bee_backend.exe --ipc --dagfile="Library/Bee/Playerdf51000c.dag" --dagfilejson="Library\Bee\Playerdf51000c.dag.json" --profile="Library/Bee/backend2.traceevents" Player
WorkingDir: D:/EchoXRTest/EchoRacerLive
ExitCode: 0 Duration: 0s171ms
Refreshing native plugins compatible for Editor in 26.08 ms, found 20 plugins.
Refreshing native plugins compatible for Editor in 26.49 ms, found 20 plugins.
Preloading 2 native plugins for Editor in 0.06 ms.
Asset Pipeline Refresh (id=3339043d0237f3c4dadba7487e664d7c): Total: 0.133 seconds - Initiated by RefreshV2(NoUpdateAssetOptions)
Failed to move the asset (Assets\XR\Temp\XRSimulationPreferences.asset) to a temporary location: Cannot move asset from Assets/XR/Temp/XRSimulationPreferences.asset to Assets/XR/UserSimulationSettings/Resources/XRSimulationPreferences.asset. Destination path name does already exist
UnityEngine.Debug:ExtractStackTraceNoAlloc (byte*,int,string)
UnityEngine.StackTraceUtility:ExtractStackTrace ()
UnityEngine.DebugLogHandler:Internal_Log (UnityEngine.LogType,UnityEngine.LogOption,string,UnityEngine.Object)
UnityEngine.DebugLogHandler:LogFormat (UnityEngine.LogType,UnityEngine.Object,string,object[])
UnityEngine.Logger:Log (UnityEngine.LogType,object)
UnityEngine.Debug:LogWarning (object)
UnityEditor.XR.Simulation.SimulationSettingsBuildProcessor:TryMoveAsset (string,string) (at ./Library/PackageCache/com.unity.xr.arfoundation@238c430a5976/Editor/Simulation/SimulationSettingsBuildProcessor.cs:121)
UnityEditor.XR.Simulation.SimulationSettingsBuildProcessor:OnPostprocessBuild (UnityEditor.Build.Reporting.BuildReport) (at ./Library/PackageCache/com.unity.xr.arfoundation@238c430a5976/Editor/Simulation/SimulationSettingsBuildProcessor.cs:64)
UnityEditor.Build.BuildPipelineInterfaces/<>c__DisplayClass19_0:<OnBuildPostProcess>b__1 (UnityEditor.Build.IPostprocessBuildWithReport)
UnityEditor.Build.BuildPipelineInterfaces:InvokeCallbackInterfacesPair<UnityEditor.Build.IPostprocessBuild, UnityEditor.Build.IPostprocessBuildWithReport> (System.Collections.Generic.List`1<UnityEditor.Build.IPostprocessBuild>,System.Action`1<UnityEditor.Build.IPostprocessBuild>,System.Collections.Generic.List`1<UnityEditor.Build.IPostprocessBuildWithReport>,System.Action`1<UnityEditor.Build.IPostprocessBuildWithReport>,bool)
UnityEditor.Build.BuildPipelineInterfaces:OnBuildPostProcess (UnityEditor.Build.Reporting.BuildReport)
UnityEditor.BuildPipeline:BuildPlayerInternalNoCheck (string[],string,string,UnityEditor.BuildTargetGroup,UnityEditor.BuildTarget,int,UnityEditor.BuildOptions,string[],bool)
UnityEditor.BuildPipeline:BuildPlayerInternal (string[],string,string,UnityEditor.BuildTargetGroup,UnityEditor.BuildTarget,int,UnityEditor.BuildOptions,string[])
UnityEditor.BuildPipeline:BuildPlayer (string[],string,string,UnityEditor.BuildTargetGroup,UnityEditor.BuildTarget,int,UnityEditor.BuildOptions,string[])
UnityEditor.BuildPipeline:BuildPlayer (UnityEditor.BuildPlayerOptions)
BuildCommand:BuildStandaloneWindows64 () (at Assets/ERL/Editor/BuildCommand.cs:16)

(Filename: ./Library/PackageCache/com.unity.xr.arfoundation@238c430a5976/Editor/Simulation/SimulationSettingsBuildProcessor.cs Line: 121)

Failed to move the asset (Assets\XR\Temp\XRSimulationRuntimeSettings.asset) to a temporary location: Cannot move asset from Assets/XR/Temp/XRSimulationRuntimeSettings.asset to Assets/XR/Resources/XRSimulationRuntimeSettings.asset. Destination path name does already exist
UnityEngine.Debug:ExtractStackTraceNoAlloc (byte*,int,string)
UnityEngine.StackTraceUtility:ExtractStackTrace ()
UnityEngine.DebugLogHandler:Internal_Log (UnityEngine.LogType,UnityEngine.LogOption,string,UnityEngine.Object)
UnityEngine.DebugLogHandler:LogFormat (UnityEngine.LogType,UnityEngine.Object,string,object[])
UnityEngine.Logger:Log (UnityEngine.LogType,object)
UnityEngine.Debug:LogWarning (object)
UnityEditor.XR.Simulation.SimulationSettingsBuildProcessor:TryMoveAsset (string,string) (at ./Library/PackageCache/com.unity.xr.arfoundation@238c430a5976/Editor/Simulation/SimulationSettingsBuildProcessor.cs:121)
UnityEditor.XR.Simulation.SimulationSettingsBuildProcessor:OnPostprocessBuild (UnityEditor.Build.Reporting.BuildReport) (at ./Library/PackageCache/com.unity.xr.arfoundation@238c430a5976/Editor/Simulation/SimulationSettingsBuildProcessor.cs:64)
UnityEditor.Build.BuildPipelineInterfaces/<>c__DisplayClass19_0:<OnBuildPostProcess>b__1 (UnityEditor.Build.IPostprocessBuildWithReport)
UnityEditor.Build.BuildPipelineInterfaces:InvokeCallbackInterfacesPair<UnityEditor.Build.IPostprocessBuild, UnityEditor.Build.IPostprocessBuildWithReport> (System.Collections.Generic.List`1<UnityEditor.Build.IPostprocessBuild>,System.Action`1<UnityEditor.Build.IPostprocessBuild>,System.Collections.Generic.List`1<UnityEditor.Build.IPostprocessBuildWithReport>,System.Action`1<UnityEditor.Build.IPostprocessBuildWithReport>,bool)
UnityEditor.Build.BuildPipelineInterfaces:OnBuildPostProcess (UnityEditor.Build.Reporting.BuildReport)
UnityEditor.BuildPipeline:BuildPlayerInternalNoCheck (string[],string,string,UnityEditor.BuildTargetGroup,UnityEditor.BuildTarget,int,UnityEditor.BuildOptions,string[],bool)
UnityEditor.BuildPipeline:BuildPlayerInternal (string[],string,string,UnityEditor.BuildTargetGroup,UnityEditor.BuildTarget,int,UnityEditor.BuildOptions,string[])
UnityEditor.BuildPipeline:BuildPlayer (string[],string,string,UnityEditor.BuildTargetGroup,UnityEditor.BuildTarget,int,UnityEditor.BuildOptions,string[])
UnityEditor.BuildPipeline:BuildPlayer (UnityEditor.BuildPlayerOptions)
BuildCommand:BuildStandaloneWindows64 () (at Assets/ERL/Editor/BuildCommand.cs:16)

(Filename: ./Library/PackageCache/com.unity.xr.arfoundation@238c430a5976/Editor/Simulation/SimulationSettingsBuildProcessor.cs Line: 121)

Refreshing native plugins compatible for Editor in 25.03 ms, found 20 plugins.
Preloading 2 native plugins for Editor in 0.06 ms.
Asset Pipeline Refresh (id=ee0c224d873ed8745a7be882d241974c): Total: 0.116 seconds - Initiated by RefreshV2(NoUpdateAssetOptions)
Start importing ProjectSettings/ProjectSettings.asset using Guid(00000000000000004000000000000000) (LibraryAssetImporter) -> (artifact id: '93d962d08136bc1926b332a04518812c') in 0.0144647 seconds
Refreshing native plugins compatible for Editor in 72.31 ms, found 20 plugins.
Preloading 2 native plugins for Editor in 0.06 ms.
Asset Pipeline Refresh (id=97828812c04c3a64a82bb2d94b2ea50e): Total: 0.188 seconds - Initiated by StopAssetImportingV2(NoUpdateAssetOptions)
Asset Pipeline Refresh (id=db418ddd94fed9b4f9d4a9df7c20d83e): Total: 0.016 seconds - Initiated by RefreshV2(NoUpdateAssetOptions)
Start importing ProjectSettings/ProjectSettings.asset using Guid(00000000000000004000000000000000) (LibraryAssetImporter) -> (artifact id: '93d962d08136bc1926b332a04518812c') in 0.0023541 seconds
Refreshing native plugins compatible for Editor in 31.27 ms, found 20 plugins.
Preloading 2 native plugins for Editor in 0.09 ms.
Asset Pipeline Refresh (id=fa326fa9e867f4640a65c27ddaedcac2): Total: 0.076 seconds - Initiated by StopAssetImportingV2(NoUpdateAssetOptions)
Total cache size 268409604
Total cache size after purge 268409604, took 00:00:00.9474142
Refreshing native plugins compatible for Editor in 24.29 ms, found 20 plugins.
Preloading 2 native plugins for Editor in 0.07 ms.

-------------------------------------------------------------------------------
Build Report
Uncompressed usage by category (Percentages based on user generated assets only):
Textures               534.9 kb	 3.4% 
Meshes                 613.9 kb	 4.0% 
Animations             32.1 kb	 0.2% 
Sounds                 86.7 kb	 0.6% 
Shaders                0.0 kb	 0.0% 
Other Assets           13.1 mb	 86.3% 
Levels                 0.0 kb	 0.0% 
File headers           306.4 kb	 2.0% 
Total User Assets      15.2 mb	 100.0% 
Complete build size    129.7 mb
Used Assets and files from the Resources folder, sorted by uncompressed size:
 268.2 kb	 0.2% Assets/MRTemplateAssets/Fonts/Inter/Inter-Regular_SDF_NoBackfaceCulling.asset
 268.2 kb	 0.2% Assets/MRTemplateAssets/Fonts/Inter/Inter-Regular_SDF.asset
 138.5 kb	 0.1% Assets/Samples/XR Hands/1.5.1/HandVisualizer/Models/RightHand.fbx
 138.5 kb	 0.1% Assets/Samples/XR Hands/1.5.1/HandVisualizer/Models/LeftHand.fbx
 131.0 kb	 0.1% Assets/MRTemplateAssets/Sprites/CoachingCards/SpriteSheet_Tap.png
 127.8 kb	 0.1% Assets/TextMesh Pro/Resources/Sprite Assets/InlineIcons.png
 124.1 kb	 0.1% Assets/Samples/XR Interaction Toolkit/3.2.0/XR Interaction Simulator/UI/XR Interaction Simulator UI.prefab
 110.4 kb	 0.1% Assets/Samples/XR Hands/1.5.1/HandVisualizer/Models/RightHandAndroidXR.fbx
 110.4 kb	 0.1% Assets/Samples/XR Hands/1.5.1/HandVisualizer/Models/LeftHandAndroidXR.fbx
 75.5 kb	 0.1% Assets/MRTemplateAssets/Audio/Goal.wav
 59.1 kb	 0.0% Packages/com.unity.render-pipelines.core/Runtime/Debugging/Prefabs/Widgets/DebugUIHandlerRenderingLayerField.prefab
 59.1 kb	 0.0% Packages/com.unity.render-pipelines.core/Runtime/Debugging/Prefabs/Widgets/DebugUIBitField.prefab
 49.5 kb	 0.0% Assets/Samples/XR Interaction Toolkit/3.1.2/Starter Assets/Models/Pinch_Pointer_LOD0.fbx
 44.9 kb	 0.0% Assets/MRTemplateAssets/Models/UI/SpatialPanelManipulatorModel.fbx
 42.9 kb	 0.0% Assets/Samples/XR Interaction Toolkit/3.1.2/Starter Assets/XRI Default Input Actions.inputactions
 40.5 kb	 0.0% Assets/MRTemplateAssets/Sprites/CoachingCards/SpriteSheet.png
 33.7 kb	 0.0% Packages/com.unity.render-pipelines.core/Runtime/Vrs/Shaders/VrsTexture.compute
 29.2 kb	 0.0% Assets/TextMesh Pro/Resources/Fonts & Materials/LiberationSans SDF.asset
 20.4 kb	 0.0% Assets/TextMesh Pro/Resources/Sprite Assets/MixedIndexTest.asset
 18.0 kb	 0.0% Assets/Samples/XR Interaction Toolkit/3.1.2/Starter Assets/DemoSceneAssets/Sprites/LegibilityMask.png
 17.6 kb	 0.0% Assets/Photon/Fusion/Runtime/Statistics/Resources/FusionStatsResources/FusionStatsRenderPanel.prefab
 12.0 kb	 0.0% Assets/MRTemplateAssets/Fonts/Inter/Inter-Regular SDF RQ + 5.asset
 11.3 kb	 0.0% Assets/MRTemplateAssets/Sprites/Icons/Atlas_Icons_ARF_Features.png
 11.0 kb	 0.0% Assets/MRTemplateAssets/Models/SittingCylinder.fbx
 10.9 kb	 0.0% Assets/XR/Settings/OpenXRPackageSettings.asset
 10.3 kb	 0.0% Assets/MRTemplateAssets/Models/Totem_3.fbx
 9.3 kb	 0.0% Packages/com.unity.render-pipelines.core/Runtime/Debugging/Prefabs/Widgets/DebugUIPanel.prefab
 8.9 kb	 0.0% Assets/MRTemplateAssets/Prefabs/OcclusionPrefabs/TotemFloatingTorus - Occlusion.prefab
 8.4 kb	 0.0% Assets/MRTemplateAssets/Prefabs/AR/ARBoundingBox.prefab
 8.3 kb	 0.0% Assets/MRTemplateAssets/Prefabs/UI/TapVisualization.prefab
 8.3 kb	 0.0% Assets/Photon/Fusion/Runtime/Statistics/Resources/FusionStatsResources/NetworkObjectStatistics.prefab
 8.2 kb	 0.0% Assets/MRTemplateAssets/Models/Totem_2.fbx
 7.9 kb	 0.0% Assets/MRTemplateAssets/Prefabs/Blaster/Confetti.prefab
 7.8 kb	 0.0% Assets/MRTemplateAssets/Models/Totem_1.fbx
 7.7 kb	 0.0% Assets/Samples/XR Interaction Toolkit/3.2.0/XR Interaction Simulator/XR Interaction Simulator Controls.inputactions
 7.7 kb	 0.0% Assets/Samples/XR Interaction Toolkit/3.2.0/XR Interaction Simulator/XR Interaction Simulator.prefab
 7.3 kb	 0.0% Assets/MRTemplateAssets/Prefabs/TotemBlaster.prefab
 7.2 kb	 0.0% Assets/Samples/XR Interaction Toolkit/3.1.2/Starter Assets/DemoSceneAssets/Audio/Button Pop.wav
 6.5 kb	 0.0% Packages/com.unity.render-pipelines.core/Runtime/Debugging/Prefabs/Widgets/DebugUIColor.prefab
 6.1 kb	 0.0% Packages/com.unity.render-pipelines.core/Runtime/Debugging/Prefabs/Widgets/DebugUIVector4.prefab
 6.0 kb	 0.0% Assets/Photon/Fusion/Runtime/Statistics/Prefabs/SingleStatistics.prefab
 5.8 kb	 0.0% Packages/com.meta.xr.sdk.voice/Lib/Wit.ai/Resources/witai_texts_en-us.json
 5.7 kb	 0.0% Assets/MRTemplateAssets/Sprites/Icons/UI_Icon_Atlas.png
 5.7 kb	 0.0% Resources/unity_builtin_extra
 5.2 kb	 0.0% Packages/com.unity.render-pipelines.core/Runtime/Debugging/Prefabs/Widgets/DebugUIVector3.prefab
 5.1 kb	 0.0% Assets/Samples/XR Interaction Toolkit/3.2.0/XR Interaction Simulator/XR Interaction Controller Controls.inputactions
 5.1 kb	 0.0% Assets/Photon/Fusion/Runtime/Statistics/Prefabs/NOStatGraph.prefab
 4.8 kb	 0.0% Packages/com.unity.xr.arfoundation/Assets/Prefabs/DefaultSimulationEnvironment.prefab
 4.8 kb	 0.0% Assets/MRTemplateAssets/Prefabs/OcclusionPrefabs/TotemKinetic - Occlusion.prefab
 4.5 kb	 0.0% Packages/com.unity.render-pipelines.core/Runtime/Debugging/Prefabs/Resources/DebugUICanvas.prefab
 4.4 kb	 0.0% Packages/com.unity.render-pipelines.core/Runtime/Debugging/Prefabs/Widgets/DebugUIUIntField.prefab
 4.4 kb	 0.0% Packages/com.unity.render-pipelines.core/Runtime/Debugging/Prefabs/Widgets/DebugUIIntField.prefab
 4.3 kb	 0.0% Packages/com.unity.render-pipelines.core/Runtime/Debugging/Prefabs/Widgets/DebugUIVector2.prefab
 4.1 kb	 0.0% Packages/com.unity.render-pipelines.core/Runtime/Debugging/Prefabs/Widgets/DebugUIFloatField.prefab
 3.9 kb	 0.0% Assets/Resources/PerformanceTestRunInfo.json
 3.8 kb	 0.0% Assets/ERL/Prefabs/Game/Cars/SimulatedCar.prefab
 3.6 kb	 0.0% Assets/MRTemplateAssets/Sprites/CoachingCards/TapAnim.anim
 3.6 kb	 0.0% Assets/Samples/XR Interaction Toolkit/3.1.2/Starter Assets/Models/UniversalController.fbx
 3.4 kb	 0.0% Assets/MRTemplateAssets/Sprites/CoachingCards/RoomSetupAnimation.anim
 3.3 kb	 0.0% Assets/TextMesh Pro/Resources/Fonts & Materials/LiberationSans SDF - Fallback.asset
 3.2 kb	 0.0% Assets/ERL/Models/garage.fbx
 3.2 kb	 0.0% Assets/TextMesh Pro/Resources/Sprite Assets/EmojiOne.asset
 3.1 kb	 0.0% Packages/com.meta.xr.sdk.voice/Lib/Wit.ai/Resources/ping.png
 3.0 kb	 0.0% Assets/MRTemplateAssets/Sprites/Icons/Info.png
 3.0 kb	 0.0% Assets/Samples/XR Interaction Toolkit/3.1.2/Hands Interaction Demo/Materials/Unity_Hand_Medium.mat
 2.9 kb	 0.0% Assets/ERL/Prefabs/Game/Cars/LiveCar.prefab
 2.8 kb	 0.0% Packages/com.unity.render-pipelines.core/Runtime/Debugging/Prefabs/Widgets/DebugUIObjectPopupField.prefab
 2.8 kb	 0.0% Assets/DefaultVolumeProfile.asset
 2.8 kb	 0.0% Assets/MRTemplateAssets/Prefabs/SittingCylinderOffset.prefab
 2.7 kb	 0.0% Assets/Settings/Project Configuration/UniversalRenderPipelineGlobalSettings.asset
 2.7 kb	 0.0% Assets/ERL/Prefabs/Game/Cars/GhostCar.prefab
 2.6 kb	 0.0% Packages/com.unity.render-pipelines.core/Runtime/Debugging/Prefabs/Widgets/DebugUIObjectList.prefab
 2.6 kb	 0.0% Packages/com.unity.render-pipelines.core/Runtime/Debugging/Prefabs/Widgets/DebugUIEnumField.prefab
 2.6 kb	 0.0% Packages/com.meta.xr.sdk.voice/Lib/Wit.ai/Resources/wit-ai-title.png
 2.5 kb	 0.0% Assets/Samples/XR Interaction Toolkit/3.1.2/Starter Assets/Animations/ArrowBounce.anim
 2.5 kb	 0.0% Assets/Samples/XR Hands/1.5.1/HandVisualizer/Materials/TransparentRed.mat
 2.5 kb	 0.0% Assets/MRTemplateAssets/Audio/ButtonClick.wav
 2.5 kb	 0.0% Assets/ARCADE - FREE Racing Car/Meshes/ARCADE - FREE Racing Car.fbx
 2.4 kb	 0.0% Packages/com.unity.render-pipelines.core/Runtime/Debugging/Prefabs/Widgets/DebugUIFoldout.prefab
 2.4 kb	 0.0% Packages/com.unity.render-pipelines.core/Runtime/Debugging/Prefabs/Widgets/DebugUIRow.prefab
 2.4 kb	 0.0% Assets/Samples/XR Hands/1.5.1/HandVisualizer/Materials/White.mat
 2.4 kb	 0.0% Assets/Samples/XR Hands/1.5.1/HandVisualizer/Materials/Green.mat
 2.4 kb	 0.0% Assets/Samples/XR Hands/1.5.1/HandVisualizer/Materials/Red.mat
 2.4 kb	 0.0% Assets/Samples/XR Hands/1.5.1/HandVisualizer/Materials/Blue.mat
 2.3 kb	 0.0% Assets/TextMesh Pro/Resources/Style Sheets/Default Style Sheet.asset
 2.3 kb	 0.0% Assets/Samples/XR Interaction Toolkit/3.1.2/Starter Assets/Materials/Controller_Grey.mat
 2.2 kb	 0.0% Assets/MRTemplateAssets/Sprites/Icons/IconBoundingBox.png
 2.1 kb	 0.0% Assets/Samples/XR Interaction Toolkit/3.1.2/Starter Assets/Materials/Controller_White.mat
 2.1 kb	 0.0% Assets/ERL/Prefabs/Game/RaceTrack.prefab
 2.1 kb	 0.0% Packages/com.meta.xr.sdk.core/Scripts/BuildingBlocks/MultiplayerBlocks/PhotonFusion/PlayerNameTag/Prefabs/NetworkedRig.prefab
 2.0 kb	 0.0% Assets/Photon/Fusion/Resources/NetworkProjectConfig.fusion
 2.0 kb	 0.0% Assets/Samples/XR Interaction Toolkit/3.1.2/Starter Assets/Materials/Telport Anchor.mat
 2.0 kb	 0.0% Assets/Samples/XR Hands/1.5.1/HandVisualizer/Prefabs/Joint.prefab
 1.8 kb	 0.0% Assets/MRTemplateAssets/Materials/UI/TmpOverlayMaterial.mat
 1.8 kb	 0.0% Assets/MRTemplateAssets/Sprites/UI/Round_Radius_10.png
 1.7 kb	 0.0% Packages/com.unity.render-pipelines.core/Runtime/Debugging/Prefabs/Widgets/DebugUIToggleHistory.prefab
 1.7 kb	 0.0% Packages/com.unity.render-pipelines.core/Runtime/Debugging/Prefabs/Widgets/DebugUIToggle.prefab
 1.7 kb	 0.0% Assets/Samples/XR Interaction Toolkit/3.2.0/XR Interaction Simulator/UI/Controller/ControllerLeft.png
 1.7 kb	 0.0% Packages/com.unity.xr.arfoundation/Assets/InputActions/XR Simulation Input Actions.inputactions
 1.7 kb	 0.0% Assets/ARCADE - FREE Racing Car/Materials/Color Variations/AFRC_Mat_Col1.mat
 1.7 kb	 0.0% Assets/ERL/Materials/mat_startline.mat
 1.7 kb	 0.0% Assets/MRTemplateAssets/Materials/UI/RingsSeed.mat
 1.7 kb	 0.0% Assets/ERL/Materials/mat_tape.mat
 1.7 kb	 0.0% Assets/ARCADE - FREE Racing Car/Materials/AFRC_Emission.mat
 1.7 kb	 0.0% Assets/Samples/XR Interaction Toolkit/3.2.0/XR Interaction Simulator/UI/Controller/ControllerRight.png
 1.6 kb	 0.0% Assets/TextMesh Pro/Resources/Fonts & Materials/LiberationSans SDF - Drop Shadow.mat
 1.6 kb	 0.0% Assets/Samples/XR Interaction Toolkit/3.1.2/Starter Assets/Materials/FresnelHighlight.mat
 1.6 kb	 0.0% Packages/com.meta.xr.mrutilitykit/Core/Resources/CopyDepthTexture.compute
 1.6 kb	 0.0% Assets/TextMesh Pro/Resources/Fonts & Materials/LiberationSans SDF - Outline.mat
 1.6 kb	 0.0% Assets/MRTemplateAssets/Audio/ButtonHover.wav
 1.5 kb	 0.0% Assets/Photon/Fusion/Assemblies/Fusion.Runtime.dll
 1.5 kb	 0.0% Assets/Samples/XR Interaction Toolkit/3.2.0/XR Interaction Simulator/Hand Expressions/Resting Expression Capture.asset
 1.5 kb	 0.0% Assets/Samples/XR Interaction Toolkit/3.2.0/XR Interaction Simulator/Hand Expressions/Thumb Expression Capture.asset
 1.5 kb	 0.0% Assets/Samples/XR Interaction Toolkit/3.2.0/XR Interaction Simulator/Hand Expressions/Poke Expression Capture.asset
 1.5 kb	 0.0% Assets/Samples/XR Interaction Toolkit/3.2.0/XR Interaction Simulator/Hand Expressions/Pinch Expression Capture.asset
 1.5 kb	 0.0% Assets/Samples/XR Interaction Toolkit/3.2.0/XR Interaction Simulator/Hand Expressions/Open Expression Capture.asset
 1.5 kb	 0.0% Assets/Samples/XR Interaction Toolkit/3.2.0/XR Interaction Simulator/Hand Expressions/Grab Expression Capture.asset
 1.5 kb	 0.0% Assets/Samples/XR Interaction Toolkit/3.2.0/XR Interaction Simulator/Hand Expressions/Fist Expression Capture.asset
 1.5 kb	 0.0% Assets/MRTemplateAssets/MRTemplateInputActions.inputactions
 1.4 kb	 0.0% Assets/Samples/XR Interaction Toolkit/3.2.0/XR Interaction Simulator/UI/Controller/BothControllers.png
 1.4 kb	 0.0% Assets/MRTemplateAssets/Prefabs/AR/TriAxes.prefab
 1.4 kb	 0.0% Assets/MRTemplateAssets/Materials/AR/ARF_OcclusionMaterial.mat
 1.4 kb	 0.0% Packages/com.unity.render-pipelines.core/Runtime/Debugging/Prefabs/Widgets/DebugUIProgressBar.prefab
 1.4 kb	 0.0% Packages/com.unity.render-pipelines.core/Runtime/Debugging/Prefabs/Widgets/DebugUIGroup.prefab
 1.3 kb	 0.0% Assets/Samples/XR Interaction Toolkit/3.1.2/Starter Assets/Prefabs/Teleport/Climb Teleport Arrow.prefab
 1.3 kb	 0.0% Assets/Samples/XR Interaction Toolkit/3.2.0/XR Interaction Simulator/XR Interaction Hand Controls.inputactions
 1.3 kb	 0.0% Assets/MRTemplateAssets/Materials/Primitive/Interactables_6.mat
 1.3 kb	 0.0% Assets/MRTemplateAssets/Materials/Primitive/Interactables_5.mat
 1.3 kb	 0.0% Assets/MRTemplateAssets/Materials/Primitive/Interactables_4.mat
 1.3 kb	 0.0% Assets/MRTemplateAssets/Materials/AR/Shadow.mat
 1.3 kb	 0.0% Assets/Samples/XR Interaction Toolkit/3.2.0/XR Interaction Simulator/UI/Translate/TranslateUp.png
 1.3 kb	 0.0% Assets/Samples/XR Interaction Toolkit/3.2.0/XR Interaction Simulator/UI/Translate/TranslateDown.png
 1.2 kb	 0.0% Packages/com.unity.render-pipelines.universal/Shaders/Debug/ProbeVolumeSamplingDebugPositionNormal.compute
 1.2 kb	 0.0% Assets/Samples/XR Interaction Toolkit/3.2.0/XR Interaction Simulator/UI/Headset/HeadsetOutline@2x.png
 1.2 kb	 0.0% Packages/com.unity.render-pipelines.core/Runtime/Debugging/Prefabs/Widgets/DebugUIButton.prefab
 1.2 kb	 0.0% Assets/MRTemplateAssets/Materials/Primitive/Static.mat
 1.2 kb	 0.0% Assets/Samples/XR Interaction Toolkit/3.2.0/XR Interaction Simulator/UI/Controller/RightControllerOutline@2x.png
 1.2 kb	 0.0% Assets/Samples/XR Interaction Toolkit/3.2.0/XR Interaction Simulator/UI/Hands/LeftHandOutline@2x.png
 1.2 kb	 0.0% Packages/com.meta.xr.sdk.voice/Lib/Wit.ai/Resources/witai.png
 1.2 kb	 0.0% Packages/com.meta.xr.sdk.core/Scripts/ImmersiveDebugger/UserInterface/Resources/Materials/TextureDiffused.mat
 1.2 kb	 0.0% Packages/com.meta.xr.sdk.core/Editor/BuildingBlocks/BlockData/Shared/Material/SharedMaterial.mat
 1.2 kb	 0.0% Assets/MRTemplateAssets/Sprites/UI/Circle_60x60_Vertical.png
 1.2 kb	 0.0% Assets/MRTemplateAssets/Sprites/UI/Circle_60x60_Horizontal.png
 1.2 kb	 0.0% Assets/Samples/XR Interaction Toolkit/3.2.0/XR Interaction Simulator/UI/Controller/RightController.png
 1.2 kb	 0.0% Packages/com.unity.xr.arfoundation/Assets/Materials/SimulationLitGray.mat
 1.2 kb	 0.0% Assets/Samples/XR Interaction Toolkit/3.2.0/XR Interaction Simulator/UI/Hands/Hands.png
 1.2 kb	 0.0% Packages/com.meta.xr.sdk.core/Scripts/BuildingBlocks/MultiplayerBlocks/Shared/Colocation/ColocationPackage/Prefabs/SpatialAnchor.prefab
 1.2 kb	 0.0% Assets/MRTemplateAssets/Materials/AR/ZMaterial.mat
 1.2 kb	 0.0% Assets/MRTemplateAssets/Materials/AR/YMaterial.mat
 1.2 kb	 0.0% Assets/MRTemplateAssets/Materials/AR/XMaterial.mat
 1.2 kb	 0.0% Assets/Samples/XR Interaction Toolkit/3.2.0/XR Interaction Simulator/UI/Hands/Hand_Right.png
 1.2 kb	 0.0% Assets/MRTemplateAssets/Sprites/UI/TooltipCarret_4x.png
 1.2 kb	 0.0% Assets/MRTemplateAssets/Sprites/UI/Round_Radius_10_Outline.png
 1.2 kb	 0.0% Assets/Samples/XR Interaction Toolkit/3.2.0/XR Interaction Simulator/UI/Hands/Hand_Left.png
 1.2 kb	 0.0% Assets/Photon/Fusion/Runtime/Statistics/StatsIcons/FusionStatsGearIcon.png
 1.1 kb	 0.0% Assets/MRTemplateAssets/Sprites/UI/Round_Radius_10_Top.png
 1.1 kb	 0.0% Assets/MRTemplateAssets/Sprites/UI/Round_Radius_10_Bottom.png
 1.1 kb	 0.0% Assets/MRTemplateAssets/Materials/AR/BoundingBoxVerticalEdgeGradientMaterial.mat
 1.1 kb	 0.0% Assets/MRTemplateAssets/Materials/UI/UIOverlayMaterial.mat
 1.1 kb	 0.0% Assets/MRTemplateAssets/Materials/AR/PlaneMaterial.mat
 1.1 kb	 0.0% Assets/Samples/XR Interaction Toolkit/3.2.0/XR Interaction Simulator/UI/Controller/LeftControllerOutline@2x.png
 1.1 kb	 0.0% Assets/Samples/XR Interaction Toolkit/3.2.0/XR Interaction Simulator/UI/Hands/Pinch.png
 1.1 kb	 0.0% Assets/MRTemplateAssets/Materials/AR/BoundingBoxBottomEdgeGradientMaterial.mat
 1.1 kb	 0.0% Assets/MRTemplateAssets/Materials/AR/BoundingBoxTopEdgeGradientMaterial.mat
 1.1 kb	 0.0% Assets/MRTemplateAssets/Materials/AR/BoundingBoxFaceMaterial.mat
 1.1 kb	 0.0% Assets/Samples/XR Interaction Toolkit/3.2.0/XR Interaction Simulator/UI/Controller/LeftController.png
 1.1 kb	 0.0% Assets/Samples/XR Interaction Toolkit/3.1.2/Starter Assets/Prefabs/Teleport/Blocking Teleport Reticle.prefab
 1.1 kb	 0.0% Assets/Samples/XR Interaction Toolkit/3.2.0/XR Interaction Simulator/UI/Hands/RightHandOutline@2x.png
 1.0 kb	 0.0% Assets/Samples/Splines/2.7.2/Spline Examples (requires Shader Graph package)/Resources/Road.mat
 1.0 kb	 0.0% Assets/Samples/XR Interaction Toolkit/3.2.0/XR Interaction Simulator/UI/Highlight/RoundedHighlight.png
 1.0 kb	 0.0% Assets/Samples/XR Interaction Toolkit/3.2.0/XR Interaction Simulator/UI/Headset/HeadsetOutline.png
 1.0 kb	 0.0% Packages/com.meta.xr.sdk.voice/Resources/voicesdk_texts_en-us.json
 1.0 kb	 0.0% Assets/Photon/Fusion/Runtime/Statistics/StatsIcons/FusionStatsResetIcon.png
 1.0 kb	 0.0% Assets/Photon/Fusion/Runtime/Statistics/Prefabs/FusionStatsSimpleButton.prefab
 1.0 kb	 0.0% Assets/MRTemplateAssets/Prefabs/AR/ARPlane.prefab
 1.0 kb	 0.0% Assets/Samples/XR Interaction Toolkit/3.2.0/XR Interaction Simulator/UI/Hands/RightHandOutlineThin@2x.png
 1.0 kb	 0.0% Assets/Samples/XR Interaction Toolkit/3.2.0/XR Interaction Simulator/UI/Hands/Grab.png
 0.9 kb	 0.0% Packages/com.unity.render-pipelines.core/Runtime/Debugging/Prefabs/Widgets/DebugUIEnumHistory.prefab
 0.9 kb	 0.0% Assets/Samples/XR Interaction Toolkit/3.2.0/XR Interaction Simulator/UI/Hands/Poke.png
 0.9 kb	 0.0% Packages/com.unity.render-pipelines.core/Runtime/Debugging/Prefabs/Widgets/DebugUIValuePersistent.prefab
 0.9 kb	 0.0% Packages/com.unity.render-pipelines.core/Runtime/Debugging/Prefabs/Widgets/DebugUIValueTuple.prefab
 0.9 kb	 0.0% Packages/com.unity.render-pipelines.core/Runtime/Debugging/Prefabs/Resources/DebugUIPersistentCanvas.prefab
 0.9 kb	 0.0% Packages/com.unity.render-pipelines.core/Runtime/Debugging/Prefabs/Widgets/DebugUIObject.prefab
 0.9 kb	 0.0% Packages/com.unity.render-pipelines.core/Runtime/Debugging/Prefabs/Widgets/DebugUIValue.prefab
 0.9 kb	 0.0% Assets/Samples/XR Interaction Toolkit/3.2.0/XR Interaction Simulator/UI/Hands/LeftHandOutlineThin@2x.png
 0.9 kb	 0.0% Assets/Samples/XR Interaction Toolkit/3.2.0/XR Interaction Simulator/UI/Highlight/highlight_rect_horizontal.png
 0.9 kb	 0.0% Packages/com.unity.render-pipelines.core/Runtime/Debugging/Prefabs/Widgets/DebugUIMessageBox.prefab
 0.9 kb	 0.0% Assets/Samples/XR Interaction Toolkit/3.2.0/XR Interaction Simulator/UI/Rotate/LeftRotate@2x.png
 0.9 kb	 0.0% Assets/Samples/XR Interaction Toolkit/3.2.0/XR Interaction Simulator/UI/Highlight/highlight_rect_vertical.png
 0.9 kb	 0.0% Assets/Samples/XR Interaction Toolkit/3.2.0/XR Interaction Simulator/UI/Highlight/highlight_head.png
 0.9 kb	 0.0% Assets/MRTemplateAssets/Materials/UI/VideoTexture.mat
 0.8 kb	 0.0% Assets/Samples/XR Interaction Toolkit/3.2.0/XR Interaction Simulator/UI/Rotate/RightRotate@2x.png
 0.8 kb	 0.0% Assets/Samples/XR Interaction Toolkit/3.2.0/XR Interaction Simulator/UI/Translate/TranslateRight@2x.png
 0.8 kb	 0.0% Assets/Samples/XR Interaction Toolkit/3.2.0/XR Interaction Simulator/UI/Rotate/BackRotate@2x.png
 0.8 kb	 0.0% Assets/Samples/XR Interaction Toolkit/3.2.0/XR Interaction Simulator/UI/Translate/TranslateLeft@2x.png
 0.8 kb	 0.0% Assets/Samples/XR Interaction Toolkit/3.2.0/XR Interaction Simulator/UI/Rotate/ForwardRotate@2x.png
 0.8 kb	 0.0% Assets/MRTemplateAssets/Sprites/Icons/Play.png
 0.8 kb	 0.0% Assets/ERL/CarControlMappings/EchoRacerControls.inputactions
 0.8 kb	 0.0% Packages/com.unity.render-pipelines.universal/Runtime/Data/PostProcessData.asset
 0.8 kb	 0.0% Assets/Photon/Fusion/Runtime/Statistics/StatsIcons/FusionStatsToggleArrowIcon.png
 0.8 kb	 0.0% Assets/Photon/Fusion/Runtime/Statistics/FusionStatsGraphMaterial.mat
 0.8 kb	 0.0% Assets/ERL/Prefabs/Game/PlayerPrefab.prefab
 0.8 kb	 0.0% Assets/Samples/XR Interaction Toolkit/3.1.2/Starter Assets/Prefabs/Teleport/Directional Teleport Reticle.prefab
 0.8 kb	 0.0% Assets/Samples/XR Interaction Toolkit/3.2.0/XR Interaction Simulator/UI/Modes/MirrorMode@2x.png
 0.7 kb	 0.0% Assets/Samples/XR Interaction Toolkit/3.2.0/XR Interaction Simulator/UI/Translate/TranslateBack@2x.png
 0.7 kb	 0.0% Assets/Samples/XR Interaction Toolkit/3.2.0/XR Interaction Simulator/UI/Translate/TranslateForward@2x.png
 0.7 kb	 0.0% Assets/MRTemplateAssets/Sprites/Icons/Chevron.png
 0.7 kb	 0.0% Assets/Samples/XR Interaction Toolkit/3.1.2/Starter Assets/DemoSceneAssets/Sprites/Forward.png
 0.7 kb	 0.0% Assets/Samples/XR Interaction Toolkit/3.1.2/Starter Assets/Materials/UI-NoZTest.mat
 0.7 kb	 0.0% Assets/Samples/XR Interaction Toolkit/3.1.2/Starter Assets/AffordanceThemes/PokeSphereColor.asset
 0.7 kb	 0.0% Assets/Samples/XR Interaction Toolkit/3.1.2/Hands Interaction Demo/AffordanceThemes/HandEdgeColor.asset
 0.7 kb	 0.0% Assets/Samples/XR Interaction Toolkit/3.1.2/Hands Interaction Demo/AffordanceThemes/FingerColor.asset
 0.6 kb	 0.0% Packages/com.meta.xr.sdk.voice/Lib/Wit.ai/Resources/continue-with-fb.png
 0.6 kb	 0.0% Assets/Samples/XR Interaction Toolkit/3.1.2/AR Starter Assets/ARDemoSceneAssets/Sprites/Button - Rounded Square BG.png
 0.6 kb	 0.0% Assets/Photon/Fusion/Runtime/Statistics/StatsIcons/FusionStatsCancelIcon.png
 0.6 kb	 0.0% Packages/com.unity.render-pipelines.core/Runtime/Debugging/Prefabs/Textures/UIFoldoutOpened.png
 0.6 kb	 0.0% Assets/Samples/XR Interaction Toolkit/3.2.0/XR Interaction Simulator/UI/Rotate/RotateRightArrow.png
 0.6 kb	 0.0% Assets/Samples/XR Interaction Toolkit/3.2.0/XR Interaction Simulator/UI/Rotate/RotateLeftArrow.png
 0.6 kb	 0.0% Packages/com.unity.render-pipelines.core/Runtime/Debugging/Prefabs/Textures/UIFoldoutClosed.png
 0.6 kb	 0.0% Packages/com.unity.render-pipelines.core/Runtime/Debugging/Prefabs/Textures/UICheckMark.png
 0.6 kb	 0.0% Assets/Samples/XR Interaction Toolkit/3.2.0/XR Interaction Simulator/UI/Rotate/RotateUpArrow.png
 0.6 kb	 0.0% Assets/Samples/XR Interaction Toolkit/3.2.0/XR Interaction Simulator/UI/Rotate/RotateDownArrow.png
 0.6 kb	 0.0% Assets/Samples/XR Interaction Toolkit/3.2.0/XR Interaction Simulator/UI/General/SwitchIcon.png
 0.6 kb	 0.0% Assets/MRTemplateAssets/Sprites/CoachingCards/CoachingStep1.png
 0.6 kb	 0.0% Packages/com.unity.render-pipelines.core/Runtime/Debugging/Prefabs/Textures/UIElement8px.png
 0.6 kb	 0.0% Packages/com.meta.xr.sdk.core/Textures/bar_background_semi_rounded.png
 0.6 kb	 0.0% Packages/com.meta.xr.sdk.core/Scripts/ImmersiveDebugger/UserInterface/Resources/Textures/icon_background_02.png
 0.6 kb	 0.0% Assets/Photon/Fusion/Editor/EditorResources/Fusion-script-header.png
 0.6 kb	 0.0% Packages/com.meta.xr.sdk.core/Textures/bar_background.png
 0.6 kb	 0.0% Packages/com.meta.xr.sdk.core/Scripts/ImmersiveDebugger/UserInterface/Resources/Textures/panel_background.png
 0.6 kb	 0.0% Packages/com.meta.xr.sdk.core/Scripts/ImmersiveDebugger/UserInterface/Resources/Textures/icon_background.png
 0.5 kb	 0.0% Packages/com.unity.render-pipelines.core/Runtime/Debugging/Prefabs/Textures/White1px.png
 0.5 kb	 0.0% Assets/Samples/XR Hands/1.5.1/HandVisualizer/Prefabs/VelocityPrefab.prefab
 0.5 kb	 0.0% Packages/com.meta.xr.sdk.core/Scripts/BuildingBlocks/MultiplayerBlocks/Shared/Colocation/ColocationPackage/Prefabs/AnchorForward.mat
 0.5 kb	 0.0% Packages/com.meta.xr.sdk.core/Scripts/BuildingBlocks/MultiplayerBlocks/Shared/Colocation/ColocationPackage/Prefabs/AnchorLeft.mat
 0.5 kb	 0.0% Packages/com.meta.xr.sdk.core/Scripts/BuildingBlocks/MultiplayerBlocks/Shared/Colocation/ColocationPackage/Prefabs/AnchorUp.mat
 0.5 kb	 0.0% Packages/com.meta.xr.sdk.core/Scripts/BuildingBlocks/MultiplayerBlocks/PhotonFusion/Colocation/Prefabs/FusionColocationDriver.prefab
 0.5 kb	 0.0% Assets/Samples/XR Interaction Toolkit/3.1.2/Starter Assets/Materials/Flat Blue.mat
 0.5 kb	 0.0% Packages/com.meta.xr.sdk.core/Scripts/BuildingBlocks/MultiplayerBlocks/PhotonFusion/NetworkedAvatar/Prefabs/FusionAvatarSdk28Plus.prefab
 0.5 kb	 0.0% Assets/MRTemplateAssets/Themes/EdgeColorAffordanceTheme.asset
 0.5 kb	 0.0% Assets/Settings/URP-HighFidelity-Renderer.asset
 0.5 kb	 0.0% Assets/MRTemplateAssets/Themes/ColorAffordanceTheme.asset
 0.5 kb	 0.0% Assets/Photon/Fusion/Assemblies/Fusion.Realtime.dll
 0.5 kb	 0.0% Assets/Settings/Project Configuration/Standalone Performant Preset.asset
 0.5 kb	 0.0% Assets/Settings/Project Configuration/Standalone Balanced Preset.asset
 0.5 kb	 0.0% Assets/Photon/Fusion/Assemblies/Fusion.Common.dll
 0.4 kb	 0.0% Assets/Settings/URP-HighFidelity.asset
 0.4 kb	 0.0% Assets/MRTemplateAssets/Sprites/CoachingCards/SpriteSheet_0.controller
 0.4 kb	 0.0% Assets/Samples/XR Interaction Toolkit/3.1.2/Starter Assets/Animations/Climb Teleport Arrow.controller
 0.4 kb	 0.0% Packages/com.unity.render-pipelines.core/Runtime/Debugging/Prefabs/Widgets/DebugUIVBox.prefab
 0.4 kb	 0.0% Packages/com.unity.render-pipelines.core/Runtime/Debugging/Prefabs/Widgets/DebugUIHBox.prefab
 0.4 kb	 0.0% Assets/Samples/XR Interaction Toolkit/3.1.2/Hands Interaction Demo/AffordanceThemes/PinchPointLocalTransformOffset.asset
 0.4 kb	 0.0% Assets/MRTemplateAssets/Sprites/CoachingCards/SpriteSheet_Tap_0.controller
 0.4 kb	 0.0% Built-in Sprite: 
 0.4 kb	 0.0% Assets/Samples/XR Interaction Toolkit/3.1.2/Starter Assets/Models/BlinkVisual.fbx
 0.4 kb	 0.0% Assets/ERL/Prefabs/ServerStartup.prefab
 0.4 kb	 0.0% Assets/Samples/XR Interaction Toolkit/3.1.2/Starter Assets/Models/Reticle_Torus.fbx
 0.4 kb	 0.0% Assets/ERL/Prefabs/Runners/Server_Runner.prefab
 0.4 kb	 0.0% Packages/com.meta.xr.sdk.core/Scripts/BuildingBlocks/MultiplayerBlocks/PhotonFusion/NetworkedAvatar/Prefabs/FusionAvatar.prefab
 0.4 kb	 0.0% Assets/Settings/Project Configuration/Performant URP Renderer Config.asset
 0.3 kb	 0.0% Assets/Settings/Project Configuration/Balanced URP Renderer Config.asset
 0.3 kb	 0.0% Assets/MRTemplateAssets/Themes/AudioAffordanceTheme.asset
 0.3 kb	 0.0% Assets/TextMesh Pro/Resources/LineBreaking Following Characters.txt
 0.3 kb	 0.0% Assets/Samples/XR Interaction Toolkit/3.1.2/Hands Interaction Demo/AffordanceThemes/PinchPointUniformScaleScale.asset
 0.3 kb	 0.0% Assets/MRTemplateAssets/Themes/BlendShapeAffordanceTheme.asset
 0.3 kb	 0.0% Assets/Samples/XR Interaction Toolkit/3.1.2/Starter Assets/AffordanceThemes/PokeSphereInteraction.asset
 0.3 kb	 0.0% Assets/TextMesh Pro/Resources/TMP Settings.asset
 0.3 kb	 0.0% Assets/Samples/XR Interaction Toolkit/3.1.2/Hands Interaction Demo/AffordanceThemes/PinchPointBlendShape.asset
 0.3 kb	 0.0% Assets/ERL/Prefabs/ClientStartup.prefab
 0.3 kb	 0.0% Packages/com.meta.xr.sdk.core/Scripts/ImmersiveDebugger/UserInterface/Resources/Fonts/RobotoMono-VariableFont_wght.ttf
 0.3 kb	 0.0% Assets/Samples/XR Interaction Toolkit/3.1.2/Starter Assets/Filters/AnyGazedAtTeleportAnchorFilter.asset
 0.2 kb	 0.0% Assets/Samples/XR Interaction Toolkit/3.2.0/XR Interaction Simulator/Scripts/XRInteractionSimulatorInputFeedbackUI.cs
 0.2 kb	 0.0% Assets/XR/Resources/XRSimulationRuntimeSettings.asset
 0.2 kb	 0.0% Assets/Samples/XR Interaction Toolkit/3.2.0/XR Interaction Simulator/Scripts/XRInteractionSimulatorPlayModeMenu.cs
 0.2 kb	 0.0% Packages/com.unity.xr.interaction.toolkit/Runtime/Utilities/Tweenables/SmartTweenableVariables/SmartFollowQuaternionTweenableVariable.cs
 0.2 kb	 0.0% Packages/com.unity.xr.interaction.toolkit/Runtime/AffordanceSystem/Receiver/Rendering/Vector4MaterialPropertyAffordanceReceiver.cs
 0.2 kb	 0.0% Packages/com.unity.xr.interaction.toolkit/Runtime/AffordanceSystem/Receiver/Rendering/Vector3MaterialPropertyAffordanceReceiver.cs
 0.2 kb	 0.0% Packages/com.unity.xr.interaction.toolkit/Runtime/AffordanceSystem/Receiver/Rendering/Vector2MaterialPropertyAffordanceReceiver.cs
 0.2 kb	 0.0% Packages/com.unity.xr.interaction.toolkit/Runtime/AffordanceSystem/Receiver/Rendering/ColorGradientLineRendererAffordanceReceiver.cs
 0.2 kb	 0.0% Assets/Samples/XR Interaction Toolkit/3.1.2/Starter Assets/Scripts/TeleportVolumeAnchorAffordanceStateLink.cs
 0.2 kb	 0.0% Packages/com.unity.xr.interaction.toolkit/Runtime/Locomotion/Teleportation/TeleportVolumeDestinationSettingsDatumProperty.cs
 0.2 kb	 0.0% Packages/com.unity.xr.interaction.toolkit/Runtime/AffordanceSystem/Receiver/Transformation/UniformTransformScaleAffordanceReceiver.cs
 0.2 kb	 0.0% Packages/com.unity.xr.interaction.toolkit/Runtime/Utilities/Tweenables/SmartTweenableVariables/SmartFollowVector3TweenableVariable.cs
 0.2 kb	 0.0% Packages/com.unity.xr.interaction.toolkit/Runtime/AffordanceSystem/Receiver/Rendering/FloatMaterialPropertyAffordanceReceiver.cs
 0.2 kb	 0.0% Packages/com.unity.xr.interaction.toolkit/Runtime/AffordanceSystem/Receiver/Rendering/ColorMaterialPropertyAffordanceReceiver.cs
 0.2 kb	 0.0% Assets/Samples/XR Interaction Toolkit/3.1.2/Starter Assets/Scripts/ClimbTeleportDestinationIndicator.cs
 0.2 kb	 0.0% Assets/Samples/XR Interaction Toolkit/3.1.2/AR Starter Assets/Scripts/ARFeatheredPlaneMeshVisualizer.cs
 0.2 kb	 0.0% Assets/ERL/Prefabs/Runners/Client_Runner.prefab
 0.2 kb	 0.0% Packages/com.unity.xr.interaction.toolkit/Runtime/AffordanceSystem/Receiver/Primitives/QuaternionEulerAffordanceReceiver.cs
 0.2 kb	 0.0% Packages/com.unity.render-pipelines.universal/Runtime/Debug/UniversalRenderPipelineVolumeDebugSettings.deprecated.cs
 0.2 kb	 0.0% Assets/Scenes/SampleScene/ReflectionProbe-0.exr
 0.2 kb	 0.0% Assets/Samples/XR Interaction Toolkit/3.1.2/Starter Assets/Scripts/RotationAxisLockGrabTransformer.cs
 0.2 kb	 0.0% Assets/Samples/XR Interaction Toolkit/3.1.2/Hands Interaction Demo/Scripts/LocalPositionOffsetAffordanceReceiver.cs
 0.2 kb	 0.0% Packages/com.unity.xr.interaction.toolkit/Runtime/Locomotion/Teleportation/TeleportVolumeDestinationSettingsDatum.cs
 0.2 kb	 0.0% Packages/com.unity.xr.interaction.toolkit/Runtime/Inputs/Readers/XRInputDeviceInputTrackingStateValueReader.cs
 0.2 kb	 0.0% Packages/com.unity.xr.interaction.toolkit/Runtime/AffordanceSystem/State/Provider/XRInteractableAffordanceStateProvider.cs
 0.2 kb	 0.0% Assets/XRI/Settings/Resources/InteractionLayerSettings.asset
 0.2 kb	 0.0% Packages/com.unity.xr.arfoundation/Runtime/VisualScripting/Units/Events/MessageListeners/Deprecated/AREnvironmentProbeManagerListener.deprecated.cs
 0.2 kb	 0.0% Packages/com.unity.xr.arfoundation/Runtime/VisualScripting/Units/Events/EventUnits/Deprecated/EnvironmentProbesChangedEventUnit.deprecated.cs
 0.2 kb	 0.0% Assets/Samples/XR Interaction Toolkit/3.1.2/Starter Assets/Scripts/ControllerInputActionManager.cs
 0.2 kb	 0.0% Assets/Samples/XR Interaction Toolkit/3.1.2/Starter Assets/DemoSceneAssets/Scripts/MultiAnchorTeleportReticle.cs
 0.2 kb	 0.0% Packages/com.unity.xr.interaction.toolkit/Runtime/Locomotion/Teleportation/TeleportVolumeDestinationSettings.cs
 0.2 kb	 0.0% Packages/com.unity.xr.interaction.toolkit/Runtime/Locomotion/Teleportation/FurthestTeleportationAnchorFilter.cs
 0.2 kb	 0.0% Packages/com.unity.xr.interaction.toolkit/Runtime/Inputs/Haptics/XRInputDeviceHapticImpulseChannelGroup.cs
 0.2 kb	 0.0% Packages/com.unity.xr.interaction.toolkit/Runtime/AffordanceSystem/State/Provider/XRInteractorAffordanceStateProvider.cs
 0.2 kb	 0.0% Packages/com.unity.xr.interaction.toolkit/Runtime/AffordanceSystem/Receiver/ISynchronousAffordanceStateReceiver.cs
 0.2 kb	 0.0% Packages/com.unity.xr.arfoundation/Runtime/VisualScripting/Units/Events/MessageListeners/Deprecated/ARTrackedObjectManagerListener.deprecated.cs
 0.2 kb	 0.0% Packages/com.unity.xr.arfoundation/Runtime/VisualScripting/Units/Events/EventUnits/Deprecated/TrackedObjectsChangedEventUnit.deprecated.cs
 0.2 kb	 0.0% Packages/com.unity.render-pipelines.universal/Runtime/RenderPipelineResources/UniversalRenderPipelineRuntimeXRResources.cs
 0.2 kb	 0.0% Packages/com.unity.render-pipelines.universal/Runtime/Debug/UniversalRenderPipelineVolumeDebugSettings.cs
 0.2 kb	 0.0% Packages/com.unity.render-pipelines.universal/Runtime/Debug/UniversalRenderPipelineDebugDisplaySettings.cs
 0.2 kb	 0.0% Assets/Samples/XR Interaction Toolkit/3.1.2/AR Starter Assets/Scripts/ARInteractorSpawnTrigger.cs
 0.2 kb	 0.0% Assets/Samples/XR Interaction Toolkit/3.1.2/AR Starter Assets/Scripts/ARContactSpawnTrigger.cs
 0.2 kb	 0.0% Assets/MRTemplateAssets/Materials/Skybox/Skybox01.png
 0.2 kb	 0.0% Packages/com.unity.xr.openxr/ConformanceAutomation/ConformanceAutomationFeature.cs
 0.2 kb	 0.0% Packages/com.unity.xr.interaction.toolkit/Runtime/AffordanceSystem/Receiver/Rendering/BlendShapeAffordanceReceiver.cs
 0.2 kb	 0.0% Packages/com.unity.xr.interaction.toolkit/Runtime/AffordanceSystem/Receiver/Primitives/Vector4AffordanceReceiver.cs
 0.2 kb	 0.0% Packages/com.unity.xr.interaction.toolkit/Runtime/AffordanceSystem/Receiver/Primitives/Vector3AffordanceReceiver.cs
 0.2 kb	 0.0% Packages/com.unity.xr.interaction.toolkit/Runtime/AffordanceSystem/Receiver/Primitives/Vector2AffordanceReceiver.cs
 0.2 kb	 0.0% Packages/com.unity.xr.interaction.toolkit/Runtime/AffordanceSystem/Receiver/Primitives/QuaternionAffordanceReceiver.cs
 0.2 kb	 0.0% Packages/com.unity.xr.arfoundation/Runtime/VisualScripting/Units/Events/MessageListeners/Deprecated/ARTrackedImageManagerListener.deprecated.cs
 0.2 kb	 0.0% Packages/com.unity.xr.arfoundation/Runtime/VisualScripting/Units/Events/MessageListeners/AREnvironmentProbesChangedListener.cs
 0.2 kb	 0.0% Packages/com.unity.xr.arfoundation/Runtime/VisualScripting/Units/Events/EventUnits/Deprecated/TrackedImagesChangedEventUnit.deprecated.cs
 0.2 kb	 0.0% Packages/com.unity.xr.arfoundation/Runtime/VisualScripting/Units/Events/EventUnits/AREnvironmentProbesChangedEventUnit.cs
 0.2 kb	 0.0% Packages/com.unity.render-pipelines.core/Runtime/RenderGraph/RenderGraphResourceAccelerationStructure.cs
 0.2 kb	 0.0% Assets/Samples/XR Interaction Toolkit/3.1.2/Starter Assets/Scripts/XRPokeFollowAffordance.cs
 0.2 kb	 0.0% Assets/Samples/XR Interaction Toolkit/3.1.2/Starter Assets/Scripts/MaterialPipelineHandler.cs
 0.2 kb	 0.0% Assets/Samples/XR Interaction Toolkit/3.1.2/Hands Interaction Demo/Scripts/Vector3ScaleAffordanceReceiver.cs
 0.2 kb	 0.0% Assets/Samples/XR Interaction Toolkit/3.1.2/Hands Interaction Demo/Scripts/HideObjectWhenInteractorBlocked.cs
 0.2 kb	 0.0% Assets/Samples/XR Interaction Toolkit/3.1.2/Hands Interaction Demo/Scripts/HandsOneEuroFilterPostProcessor.cs
 0.2 kb	 0.0% Packages/com.unity.xr.interaction.toolkit/Runtime/Utilities/Tweenables/Primitives/QuaternionTweenableVariable.cs
 0.2 kb	 0.0% Packages/com.unity.xr.interaction.toolkit/Runtime/Locomotion/Teleportation/TeleportationMultiAnchorVolume.cs
 0.2 kb	 0.0% Packages/com.unity.xr.interaction.toolkit/Runtime/Locomotion/Teleportation/ITeleportationVolumeAnchorFilter.cs
 0.2 kb	 0.0% Packages/com.unity.xr.interaction.toolkit/Runtime/Locomotion/Teleportation/GazeTeleportationAnchorFilter.cs
 0.2 kb	 0.0% Packages/com.unity.xr.interaction.toolkit/Runtime/Locomotion/Teleportation/BaseTeleportationInteractable.cs
 0.2 kb	 0.0% Packages/com.unity.xr.interaction.toolkit/Runtime/Inputs/Simulation/Hands/XRDeviceSimulatorHandsSubsystem.cs
 0.2 kb	 0.0% Packages/com.unity.xr.interaction.toolkit/Runtime/Inputs/Simulation/Hands/XRDeviceSimulatorHandsProvider.cs
 0.2 kb	 0.0% Packages/com.unity.xr.interaction.toolkit/Runtime/Inputs/Readers/XRInputDeviceQuaternionValueReader.cs
 0.2 kb	 0.0% Packages/com.unity.xr.interaction.toolkit/Runtime/Inputs/Haptics/XRInputDeviceHapticImpulseProvider.cs
 0.2 kb	 0.0% Packages/com.unity.xr.interaction.toolkit/Runtime/Inputs/Haptics/XRInputDeviceHapticImpulseChannel.cs
 0.2 kb	 0.0% Packages/com.unity.xr.interaction.toolkit/Runtime/AffordanceSystem/Theme/Primitives/Vector4AffordanceThemeDatum.cs
 0.2 kb	 0.0% Packages/com.unity.xr.interaction.toolkit/Runtime/AffordanceSystem/Theme/Primitives/Vector3AffordanceThemeDatum.cs
 0.2 kb	 0.0% Packages/com.unity.xr.interaction.toolkit/Runtime/AffordanceSystem/Theme/Primitives/Vector2AffordanceThemeDatum.cs
 0.2 kb	 0.0% Packages/com.unity.xr.interaction.toolkit/Runtime/AffordanceSystem/Theme/Primitives/FloatAffordanceThemeDatum.cs
 0.2 kb	 0.0% Packages/com.unity.xr.interaction.toolkit/Runtime/AffordanceSystem/Theme/Primitives/ColorAffordanceThemeDatum.cs
 0.2 kb	 0.0% Packages/com.unity.xr.interaction.toolkit/Runtime/AffordanceSystem/Receiver/IAsyncAffordanceStateReceiver.cs
 0.2 kb	 0.0% Packages/com.unity.xr.interaction.toolkit/Runtime/AR/Inputs/TouchscreenGestureInputControllerState.cs
 0.2 kb	 0.0% Packages/com.unity.xr.arfoundation/Runtime/VisualScripting/Units/Events/MessageListeners/Deprecated/ARPointCloudManagerListener.deprecated.cs
 0.2 kb	 0.0% Packages/com.unity.xr.arfoundation/Runtime/VisualScripting/Units/Events/MessageListeners/Deprecated/ARParticipantManagerListener.deprecated.cs
 0.2 kb	 0.0% Packages/com.unity.xr.arfoundation/Runtime/VisualScripting/Units/Events/MessageListeners/Deprecated/ARHumanBodyManagerListener.deprecated.cs
 0.2 kb	 0.0% Packages/com.unity.xr.arfoundation/Runtime/VisualScripting/Units/Events/EventUnits/Deprecated/PointCloudsChangedEventUnit.deprecated.cs
 0.2 kb	 0.0% Packages/com.unity.xr.arfoundation/Runtime/VisualScripting/Units/Events/EventUnits/Deprecated/ParticipantsChangedEventUnit.deprecated.cs
 0.2 kb	 0.0% Packages/com.unity.xr.arfoundation/Runtime/VisualScripting/Units/Events/EventUnits/Deprecated/HumanBodiesChangedEventUnit.deprecated.cs
 0.2 kb	 0.0% Packages/com.unity.xr.arfoundation/Runtime/InternalUtils/ShowInDebugInspectorOnlyAttribute.cs
 0.2 kb	 0.0% Packages/com.unity.render-pipelines.universal/Runtime/UniversalRenderPipelineGlobalSettings.cs
 0.2 kb	 0.0% Packages/com.unity.render-pipelines.universal/Runtime/RenderPipelineResources/UniversalRenderPipelineRuntimeTextures.cs
 0.2 kb	 0.0% Packages/com.unity.render-pipelines.universal/Runtime/RenderPipelineResources/UniversalRenderPipelineRuntimeShaders.cs
 0.2 kb	 0.0% Packages/com.unity.render-pipelines.universal/Runtime/RenderPipelineResources/UniversalRenderPipelineEditorMaterials.cs
 0.2 kb	 0.0% Packages/com.unity.render-pipelines.universal/Runtime/Debug/UniversalRenderPipelineDebugDisplayStats.cs
 0.2 kb	 0.0% Packages/com.meta.xr.sdk.interaction/Runtime/Sample/Scripts/PanelWithManipulators/PanelWithManipulatorsBorderAffordanceController.cs
 0.2 kb	 0.0% Assets/Samples/XR Interaction Toolkit/3.1.2/AR Starter Assets/ARDemoSceneAssets/Scripts/ARSampleMenuManager.cs
 0.2 kb	 0.0% Packages/com.unity.xr.interaction.toolkit/Runtime/Locomotion/ScriptableConstrainedBodyManipulator.cs
 0.2 kb	 0.0% Packages/com.unity.xr.interaction.toolkit/Runtime/Locomotion/CharacterControllerBodyManipulator.cs
 0.2 kb	 0.0% Packages/com.unity.xr.interaction.toolkit/Runtime/Interaction/Interactors/Visuals/ICurveInteractionDataProvider.cs
 0.2 kb	 0.0% Packages/com.unity.xr.interaction.toolkit/Runtime/Interaction/Interactables/IXRInteractionStrengthInteractable.cs
 0.2 kb	 0.0% Packages/com.unity.xr.interaction.toolkit/Runtime/AffordanceSystem/Theme/Audio/AudioAffordanceThemeDatum.cs
 0.2 kb	 0.0% Packages/com.unity.xr.interaction.toolkit/Runtime/AffordanceSystem/Rendering/MaterialPropertyBlockHelper.cs
 0.2 kb	 0.0% Packages/com.unity.xr.interaction.toolkit/Runtime/AffordanceSystem/Receiver/UI/ImageColorAffordanceReceiver.cs
 0.2 kb	 0.0% Packages/com.unity.xr.interaction.toolkit/Runtime/AffordanceSystem/Receiver/Primitives/FloatAffordanceReceiver.cs
 0.2 kb	 0.0% Packages/com.unity.xr.interaction.toolkit/Runtime/AffordanceSystem/Receiver/Primitives/ColorAffordanceReceiver.cs
 0.2 kb	 0.0% Packages/com.unity.xr.arfoundation/Runtime/VisualScripting/Units/Events/MessageListeners/ARTrackedObjectsChangedListener.cs
 0.2 kb	 0.0% Packages/com.unity.xr.arfoundation/Runtime/VisualScripting/Units/Events/MessageListeners/ARTrackedImagesChangedListener.cs
 0.2 kb	 0.0% Packages/com.unity.xr.arfoundation/Runtime/VisualScripting/Units/Events/MessageListeners/ARParticipantsChangedListener.cs
 0.2 kb	 0.0% Packages/com.unity.xr.arfoundation/Runtime/VisualScripting/Units/Events/EventUnits/ARTrackedObjectsChangedEventUnit.cs
 0.2 kb	 0.0% Packages/com.unity.xr.arfoundation/Runtime/VisualScripting/Units/Events/EventUnits/ARTrackedImagesChangedEventUnit.cs
 0.2 kb	 0.0% Packages/com.unity.xr.arfoundation/Runtime/VisualScripting/Units/Events/EventUnits/ARPointCloudsChangedEventUnit.cs
 0.2 kb	 0.0% Packages/com.unity.xr.arfoundation/Runtime/VisualScripting/Units/Events/EventUnits/ARParticipantsChangedEventUnit.cs
 0.2 kb	 0.0% Packages/com.unity.xr.arfoundation/Runtime/VisualScripting/Units/Events/EventUnits/ARHumanBodiesChangedEventUnit.cs
 0.2 kb	 0.0% Packages/com.unity.xr.arfoundation/Runtime/ARFoundation/MutableRuntimeReferenceImageLibraryExtensions.cs
 0.2 kb	 0.0% Packages/com.unity.render-pipelines.universal/Runtime/2D/Shadows/ShadowProvider/Providers/ShadowShape2DProvider_SpriteRenderer.cs
 0.2 kb	 0.0% Packages/com.unity.render-pipelines.core/Runtime/Stripping/RenderPipelineGraphicsSettingsStripperFetcher.cs
 0.2 kb	 0.0% Packages/com.unity.render-pipelines.core/Runtime/RenderGraph/IRenderGraphEnabledRenderPipeline.cs
 0.2 kb	 0.0% Packages/com.unity.multiplayer.center/Common/IOnboardingSectionAnalyticsProvider.cs
 0.2 kb	 0.0% Assets/Samples/XR Interaction Toolkit/3.1.2/Starter Assets/Scripts/DynamicMoveProvider.cs
 0.2 kb	 0.0% Assets/Samples/XR Interaction Toolkit/3.1.2/Starter Assets/Scripts/ControllerAnimator.cs
 0.2 kb	 0.0% Assets/Samples/XR Interaction Toolkit/3.1.2/Hands Interaction Demo/Scripts/ReleaseThresholdButtonReader.cs
 0.2 kb	 0.0% Assets/Samples/XR Interaction Toolkit/3.1.2/Hands Interaction Demo/Scripts/MetaSystemGestureDetector.cs
 0.2 kb	 0.0% Assets/MRTemplateAssets/Videos/OnboardingVideo.mp4
 0.2 kb	 0.0% Packages/com.unity.xr.openxr/RuntimeDebugger/RuntimeDebuggerOpenXRFeature.cs
 0.2 kb	 0.0% Packages/com.unity.xr.interaction.toolkit/Runtime/Utilities/Tweenables/Primitives/Vector4TweenableVariable.cs
 0.2 kb	 0.0% Packages/com.unity.xr.interaction.toolkit/Runtime/Utilities/Tweenables/Primitives/Vector3TweenableVariable.cs
 0.2 kb	 0.0% Packages/com.unity.xr.interaction.toolkit/Runtime/Utilities/Tweenables/Primitives/Vector2TweenableVariable.cs
 0.2 kb	 0.0% Packages/com.unity.xr.interaction.toolkit/Runtime/Utilities/Tweenables/Primitives/FloatTweenableVariable.cs
 0.2 kb	 0.0% Packages/com.unity.xr.interaction.toolkit/Runtime/Utilities/Tweenables/Primitives/ColorTweenableVariable.cs
 0.2 kb	 0.0% Packages/com.unity.xr.interaction.toolkit/Runtime/Interaction/Attributes/XRTargetEvaluatorEnabledAttribute.cs
 0.2 kb	 0.0% Packages/com.unity.xr.interaction.toolkit/Runtime/Inputs/Simulation/SimulatedHandExpressionManager.cs
 0.2 kb	 0.0% Packages/com.unity.xr.interaction.toolkit/Runtime/Inputs/Simulation/SimulatedDeviceLifecycleManager.cs
 0.2 kb	 0.0% Packages/com.unity.xr.interaction.toolkit/Runtime/Inputs/Readers/XRInputDeviceVector3ValueReader.cs
 0.2 kb	 0.0% Packages/com.unity.xr.interaction.toolkit/Runtime/Inputs/Readers/XRInputDeviceVector2ValueReader.cs
 0.2 kb	 0.0% Packages/com.unity.xr.interaction.toolkit/Runtime/Inputs/Readers/XRInputDeviceFloatValueReader.cs
 0.2 kb	 0.0% Packages/com.unity.xr.interaction.toolkit/Runtime/Inputs/Haptics/HapticImpulseSingleChannelGroup.cs
 0.2 kb	 0.0% Packages/com.unity.xr.interaction.toolkit/Runtime/Inputs/Haptics/HapticImpulseCommandChannelGroup.cs
 0.2 kb	 0.0% Packages/com.unity.xr.interaction.toolkit/Runtime/AffordanceSystem/State/Provider/BaseAffordanceStateProvider.cs
 0.2 kb	 0.0% Packages/com.unity.xr.interaction.toolkit/Runtime/AffordanceSystem/Receiver/Audio/AudioAffordanceReceiver.cs
 0.2 kb	 0.0% Packages/com.unity.xr.interaction.toolkit/Runtime/AR/Inputs/TouchscreenGestureInputLayoutLoader.cs
 0.2 kb	 0.0% Packages/com.unity.xr.interaction.toolkit/Runtime/AR/Inputs/TouchscreenGestureInputController.cs
 0.2 kb	 0.0% Packages/com.unity.xr.arfoundation/Runtime/VisualScripting/Units/Events/MessageListeners/Deprecated/ARPlaneManagerListener.deprecated.cs
 0.2 kb	 0.0% Packages/com.unity.xr.arfoundation/Runtime/VisualScripting/Units/Events/MessageListeners/Deprecated/ARAnchorManagerListener.deprecated.cs
 0.2 kb	 0.0% Packages/com.unity.xr.arfoundation/Runtime/VisualScripting/Units/Events/EventUnits/Deprecated/PlanesChangedEventUnit.deprecated.cs
 0.2 kb	 0.0% Packages/com.unity.xr.arfoundation/Runtime/VisualScripting/Units/Events/EventUnits/Deprecated/AnchorsChangedEventUnit.deprecated.cs
 0.2 kb	 0.0% Packages/com.unity.rendering.light-transport/Runtime/UnifiedRayTracing/Hardware/HardwareRayTracingAccelStruct.cs
 0.2 kb	 0.0% Packages/com.unity.render-pipelines.universal/Runtime/RenderPipelineResources/UniversalRenderPipelineEditorShaders.cs
 0.2 kb	 0.0% Packages/com.unity.render-pipelines.universal/Runtime/RenderPipelineResources/UniversalRenderPipelineEditorAssets.cs
 0.2 kb	 0.0% Packages/com.unity.render-pipelines.universal/Runtime/RenderPipelineResources/UniversalRenderPipelineDebugShaders.cs
 0.2 kb	 0.0% Packages/com.unity.render-pipelines.universal/Runtime/Passes/AdditionalLightsShadowCasterPass.cs
 0.2 kb	 0.0% Packages/com.unity.render-pipelines.universal/Runtime/Passes/AdditionalLightsShadowAtlasLayout.cs
 0.2 kb	 0.0% Packages/com.unity.render-pipelines.core/Runtime/Stripping/RenderPipelineGraphicsSettingsStripperReport.cs
 0.2 kb	 0.0% Packages/com.unity.render-pipelines.core/Runtime/RenderGraph/Compiler/NativePassCompiler.Debug.cs
 0.2 kb	 0.0% Packages/com.unity.render-pipelines.core/Runtime/GPUDriven/OcclusionCullingCommonShaderVariables.cs
 0.2 kb	 0.0% Packages/com.unity.render-pipelines.core/Runtime/GPUDriven/InstanceOcclusionCullerShaderVariables.cs
 0.2 kb	 0.0% Packages/com.meta.xr.sdk.interaction/Runtime/Sample/Scripts/PalmMenu/MatchNonDominantPalmWorldSpaceTransform.cs
 0.2 kb	 0.0% Packages/com.meta.xr.sdk.interaction/Runtime/Sample/Scripts/Locomotion/LocomotionTutorialAnimationUnityEventWrapper.cs
 0.2 kb	 0.0% Packages/com.meta.xr.sdk.core/Scripts/BuildingBlocks/SampleSpatialAnchorControllerScripts/SpatialAnchorLocalStorageManagerBuildingBlock.cs
 0.2 kb	 0.0% Packages/com.unity.xr.openxr/Runtime/Features/Extensions/XrPerformanceSettingsTypes.cs
 0.2 kb	 0.0% Packages/com.unity.xr.interaction.toolkit/Runtime/Utilities/RequireInterfaceAttribute.cs
 0.2 kb	 0.0% Packages/com.unity.xr.interaction.toolkit/Runtime/Locomotion/UnderCameraBodyPositionEvaluator.cs
 0.2 kb	 0.0% Packages/com.unity.xr.interaction.toolkit/Runtime/Locomotion/Movement/TwoHandedGrabMoveProvider.cs
 0.2 kb	 0.0% Packages/com.unity.xr.interaction.toolkit/Runtime/Locomotion/IConstrainedXRBodyManipulator.cs
 0.2 kb	 0.0% Packages/com.unity.xr.interaction.toolkit/Runtime/Locomotion/Comfort/TunnelingVignetteController.cs
 0.2 kb	 0.0% Packages/com.unity.xr.interaction.toolkit/Runtime/Locomotion/Climbing/ClimbSettingsDatumProperty.cs
 0.2 kb	 0.0% Packages/com.unity.xr.interaction.toolkit/Runtime/Interaction/Interactors/Visuals/XRInteractorReticleVisual.cs
 0.2 kb	 0.0% Packages/com.unity.xr.interaction.toolkit/Runtime/Interaction/Interactors/Visuals/IXRReticleDirectionProvider.cs
 0.2 kb	 0.0% Packages/com.unity.xr.interaction.toolkit/Runtime/Interaction/Interactors/IXRInteractionStrengthInteractor.cs
 0.2 kb	 0.0% Packages/com.unity.xr.interaction.toolkit/Runtime/Interaction/Interactables/Visuals/IXRInteractableCustomReticle.cs
 0.2 kb	 0.0% Packages/com.unity.xr.interaction.toolkit/Runtime/Inputs/Simulation/XRDeviceSimulatorLoader.deprecated.cs
 0.2 kb	 0.0% Packages/com.unity.xr.interaction.toolkit/Runtime/Inputs/Haptics/OpenXR/OpenXRHapticImpulseChannel.cs
 0.2 kb	 0.0% Packages/com.unity.xr.interaction.toolkit/Runtime/AffordanceSystem/Rendering/MaterialInstanceHelper.cs
 0.2 kb	 0.0% Packages/com.unity.xr.arfoundation/Runtime/VisualScripting/Units/Events/MessageListeners/Deprecated/ARFaceManagerListener.deprecated.cs
 0.2 kb	 0.0% Packages/com.unity.xr.arfoundation/Runtime/VisualScripting/Units/Events/MessageListeners/ARPointCloudsChangedListener.cs
 0.2 kb	 0.0% Packages/com.unity.xr.arfoundation/Runtime/VisualScripting/Units/Events/MessageListeners/ARHumanBodiesChangedListener.cs
 0.2 kb	 0.0% Packages/com.unity.xr.arfoundation/Runtime/VisualScripting/Units/Events/EventUnits/SessionStateChangedEventUnit.cs
 0.2 kb	 0.0% Packages/com.unity.xr.arfoundation/Runtime/VisualScripting/Units/Events/EventUnits/Deprecated/FacesChangedEventUnit.deprecated.cs
 0.2 kb	 0.0% Packages/com.unity.xr.arfoundation/Runtime/VisualScripting/Units/Events/EventUnits/CameraFrameReceivedEventUnit.cs
 0.2 kb	 0.0% Packages/com.unity.xr.arfoundation/Runtime/VisualScripting/Units/Events/EventUnits/ARAnchorsChangedEventUnit.cs
 0.2 kb	 0.0% Packages/com.unity.visualscripting/Runtime/VisualScripting.Core/Listeners/UI/UnityOnScrollbarValueChangedMessageListener.cs
 0.2 kb	 0.0% Packages/com.unity.visualscripting/Runtime/VisualScripting.Core/Listeners/UI/UnityOnScrollRectValueChangedMessageListener.cs
 0.2 kb	 0.0% Packages/com.unity.visualscripting/Runtime/VisualScripting.Core/Listeners/UI/UnityOnInputFieldValueChangedMessageListener.cs
 0.2 kb	 0.0% Packages/com.unity.visualscripting/Runtime/VisualScripting.Core/Listeners/UI/UnityOnDropdownValueChangedMessageListener.cs
 0.2 kb	 0.0% Packages/com.unity.visualscripting/Runtime/VisualScripting.Core/Listeners/MonoBehaviour/UnityOnTransformChildrenChangedMListener.cs
 0.2 kb	 0.0% Packages/com.unity.visualscripting/Runtime/VisualScripting.Core/Listeners/MonoBehaviour/UnityOnControllerColliderHitMessageListener.cs
 0.2 kb	 0.0% Packages/com.unity.render-pipelines.universal/Runtime/2D/Shadows/ShadowProvider/Providers/ShadowShape2DProvider_Collider.cs
 0.2 kb	 0.0% Packages/com.unity.render-pipelines.universal/Runtime/2D/CinemachineUniversalPixelPerfect.cs
 0.2 kb	 0.0% Packages/com.unity.render-pipelines.core/Runtime/Stripping/RenderPipelineGraphicsSettingsStripper.cs
 0.2 kb	 0.0% Packages/com.unity.render-pipelines.core/Runtime/RenderPipeline/RenderPipelineGraphicsSettingsContainer.cs
 0.2 kb	 0.0% Packages/com.unity.render-pipelines.core/Runtime/RenderGraph/Compiler/NativePassCompiler.cs
 0.2 kb	 0.0% Packages/com.unity.render-pipelines.core/Runtime/RenderGraph/Compiler/CompilerContextData.cs
 0.2 kb	 0.0% Packages/com.unity.render-pipelines.core/Runtime/Common/IVirtualTexturingEnabledRenderPipeline.cs
 0.2 kb	 0.0% Packages/com.unity.mathematics/Unity.Mathematics/Il2CppEagerStaticClassConstructionAttribute.cs
 0.2 kb	 0.0% Packages/com.meta.xr.sdk.interaction/Runtime/Scripts/PoseDetection/Debug/TransformFeatureVectorDebugParentVisual.cs
 0.2 kb	 0.0% Packages/com.meta.xr.sdk.interaction/Runtime/Scripts/Body/PoseDetection/BodyPoseComparerActiveStateDebugVisual.cs
 0.2 kb	 0.0% Packages/com.meta.xr.sdk.interaction.ovr/Runtime/Sample/Scripts/MultiModal/EnableOVRConcurrentHandsAndControllers.cs
 0.2 kb	 0.0% Assets/Samples/XR Interaction Toolkit/3.1.2/Starter Assets/Scripts/ObjectSpawner.cs
 0.2 kb	 0.0% Assets/Samples/XR Interaction Toolkit/3.1.2/Starter Assets/Scripts/GazeInputManager.cs
 0.2 kb	 0.0% Assets/Samples/XR Interaction Toolkit/3.1.2/Starter Assets/DemoSceneAssets/Scripts/IncrementUIText.cs
 0.2 kb	 0.0% Assets/Samples/XR Interaction Toolkit/3.1.2/Hands Interaction Demo/Scripts/ValueDerivedButtonReader.cs
 0.2 kb	 0.0% Assets/Samples/XR Interaction Toolkit/3.1.2/Hands Interaction Demo/HandsDemoSceneAssets/Scripts/PokeBlendShapeAnimator.cs
 0.2 kb	 0.0% Assets/Resources/ImmersiveDebuggerSettings.asset
 0.2 kb	 0.0% Assets/MRTemplateAssets/Materials/Skybox/Skybox01.mat
 0.2 kb	 0.0% Packages/com.unity.xr.openxr/Runtime/Features/Extensions/XrPerformanceSettingsFeature.cs
 0.2 kb	 0.0% Packages/com.unity.xr.openxr/OculusQuest/Runtime/OculusQuestFeature.cs
 0.2 kb	 0.0% Packages/com.unity.xr.interaction.toolkit/Runtime/Utilities/EditorComponentLocatorUtility.cs
 0.2 kb	 0.0% Packages/com.unity.xr.interaction.toolkit/Runtime/Locomotion/Teleportation/TeleportationProvider.cs
 0.2 kb	 0.0% Packages/com.unity.xr.interaction.toolkit/Runtime/Locomotion/Legacy/DeviceBasedContinuousTurnProvider.cs
 0.2 kb	 0.0% Packages/com.unity.xr.interaction.toolkit/Runtime/Locomotion/Legacy/DeviceBasedContinuousMoveProvider.cs
 0.2 kb	 0.0% Packages/com.unity.xr.interaction.toolkit/Runtime/Locomotion/Legacy/ActionBasedContinuousTurnProvider.cs
 0.2 kb	 0.0% Packages/com.unity.xr.interaction.toolkit/Runtime/Locomotion/Legacy/ActionBasedContinuousMoveProvider.cs
 0.2 kb	 0.0% Packages/com.unity.xr.interaction.toolkit/Runtime/Inputs/Simulation/XRSimulatedControllerState.cs
 0.2 kb	 0.0% Packages/com.unity.xr.interaction.toolkit/Runtime/Inputs/Simulation/XRInteractionSimulatorLoader.cs
 0.2 kb	 0.0% Packages/com.unity.xr.interaction.toolkit/Runtime/Inputs/Simulation/XRDeviceSimulatorSettings.cs
 0.2 kb	 0.0% Packages/com.unity.xr.interaction.toolkit/Runtime/Inputs/Simulation/SimulatedInputLayoutLoader.cs
 0.2 kb	 0.0% Packages/com.unity.xr.interaction.toolkit/Runtime/Inputs/Simulation/Hands/HandExpressionCapture.cs
 0.2 kb	 0.0% Packages/com.unity.xr.interaction.toolkit/Runtime/Inputs/Readers/XRInputDeviceButtonReader.cs
 0.2 kb	 0.0% Packages/com.unity.xr.interaction.toolkit/Runtime/Inputs/Readers/XRInputDeviceBoolValueReader.cs
 0.2 kb	 0.0% Packages/com.unity.xr.interaction.toolkit/Runtime/Inputs/InputActionPropertyExtensions.cs
 0.2 kb	 0.0% Packages/com.unity.xr.interaction.toolkit/Runtime/Inputs/Haptics/XRInputHapticImpulseProvider.cs
 0.2 kb	 0.0% Packages/com.unity.xr.interaction.toolkit/Runtime/Inputs/Haptics/IXRHapticImpulseChannelGroup.cs
 0.2 kb	 0.0% Packages/com.unity.xr.interaction.toolkit/Runtime/Inputs/Haptics/HapticImpulseCommandChannel.cs
 0.2 kb	 0.0% Packages/com.unity.xr.interaction.toolkit/Runtime/Inputs/Haptics/HapticControlActionManager.cs
 0.2 kb	 0.0% Packages/com.unity.xr.interaction.toolkit/Runtime/AffordanceSystem/State/Data/AffordanceStateShortcuts.cs
 0.2 kb	 0.0% Packages/com.unity.xr.interaction.toolkit/Runtime/AffordanceSystem/Receiver/IAffordanceStateReceiver.cs
 0.2 kb	 0.0% Packages/com.unity.xr.interaction.toolkit/Runtime/AR/Interactables/GestureTransformationUtility.deprecated.cs
 0.2 kb	 0.0% Packages/com.unity.xr.interaction.toolkit/Runtime/AR/Inputs/TouchscreenGestureInputLoader.cs
 0.2 kb	 0.0% Packages/com.unity.visualscripting/Runtime/VisualScripting.Core/Listeners/MonoBehaviour/UnityOnTransformParentChangedMListener.cs
 0.2 kb	 0.0% Packages/com.unity.visualscripting/Runtime/VisualScripting.Core/Dependencies/AssemblyQualifiedNameParser/ParsedAssemblyQualifiedName.cs
 0.2 kb	 0.0% Packages/com.unity.rendering.light-transport/Runtime/UnifiedRayTracing/UnifiedRayTracingException.cs
 0.2 kb	 0.0% Packages/com.unity.rendering.light-transport/Runtime/UnifiedRayTracing/Hardware/HardwareRayTracingBackend.cs
 0.2 kb	 0.0% Packages/com.unity.rendering.light-transport/Runtime/UnifiedRayTracing/Compute/ComputeRayTracingAccelStruct.cs
 0.2 kb	 0.0% Packages/com.unity.render-pipelines.universal/Runtime/VolumeRequiresRendererFeatures.cs
 0.2 kb	 0.0% Packages/com.unity.render-pipelines.universal/Runtime/UniversalAdditionalCameraData.cs
 0.2 kb	 0.0% Packages/com.unity.render-pipelines.universal/Runtime/Settings/URPDefaultVolumeProfileSetting.cs
 0.2 kb	 0.0% Packages/com.unity.render-pipelines.universal/Runtime/RendererFeatures/FullScreenPassRendererFeature.cs
 0.2 kb	 0.0% Packages/com.unity.render-pipelines.universal/Runtime/RendererFeatures/DisallowMultipleRendererFeature.cs
 0.2 kb	 0.0% Packages/com.unity.render-pipelines.universal/Runtime/RenderGraph/RenderGraphGraphicsAutomatedTests.cs
 0.2 kb	 0.0% Packages/com.unity.render-pipelines.universal/Runtime/Passes/ScreenSpaceAmbientOcclusionPass.cs
 0.2 kb	 0.0% Packages/com.unity.render-pipelines.universal/Runtime/Passes/MainLightShadowCasterPass.cs
 0.2 kb	 0.0% Packages/com.unity.render-pipelines.universal/Runtime/Passes/InvokeOnRenderObjectCallbackPass.cs
 0.2 kb	 0.0% Packages/com.unity.render-pipelines.universal/Runtime/Decal/Entities/DecalUpdateCullingGroupSystem.cs
 0.2 kb	 0.0% Packages/com.unity.render-pipelines.universal/Runtime/Debug/DebugDisplaySettingsRendering.cs
 0.2 kb	 0.0% Packages/com.unity.render-pipelines.core/Runtime/RenderGraph/RenderGraphUtilsResources.cs
 0.2 kb	 0.0% Packages/com.unity.render-pipelines.core/Runtime/Lighting/ProbeVolume/ProbeReferenceVolume.ReflProbeNormalization.cs
 0.2 kb	 0.0% Packages/com.unity.render-pipelines.core/Runtime/GPUDriven/OcclusionCullingDebugShaderVariables.cs
 0.2 kb	 0.0% Packages/com.meta.xr.sdk.interaction/Runtime/Sample/Scripts/PanelWithManipulators/OpacityFromAnimatedTransformController.cs
 0.2 kb	 0.0% Packages/com.meta.xr.sdk.core/Scripts/BuildingBlocks/PassthroughProjectionSurfaceBuildingBlock.cs
 0.2 kb	 0.0% Packages/com.unity.xr.openxr/Runtime/Features/Interactions/MetaQuestTouchProControllerProfile.cs
 0.2 kb	 0.0% Packages/com.unity.xr.openxr/Runtime/Features/Interactions/MetaQuestTouchPlusControllerProfile.cs
 0.2 kb	 0.0% Packages/com.unity.xr.interaction.toolkit/Runtime/UI/TrackedDevicePhysicsRaycaster.cs
 0.2 kb	 0.0% Packages/com.unity.xr.interaction.toolkit/Runtime/UI/TrackedDeviceGraphicRaycaster.cs
 0.2 kb	 0.0% Packages/com.unity.xr.interaction.toolkit/Runtime/Locomotion/Turning/ContinuousTurnProvider.cs
 0.2 kb	 0.0% Packages/com.unity.xr.interaction.toolkit/Runtime/Locomotion/Movement/ContinuousMoveProvider.cs
 0.2 kb	 0.0% Packages/com.unity.xr.interaction.toolkit/Runtime/Locomotion/Movement/ConstrainedMoveProvider.cs
 0.2 kb	 0.0% Packages/com.unity.xr.interaction.toolkit/Runtime/Locomotion/Climbing/ClimbTeleportInteractor.cs
 0.2 kb	 0.0% Packages/com.unity.xr.interaction.toolkit/Runtime/Interaction/Transformers/XRSingleGrabFreeTransformer.cs
 0.2 kb	 0.0% Packages/com.unity.xr.interaction.toolkit/Runtime/Interaction/Transformers/XRDualGrabFreeTransformer.cs
 0.2 kb	 0.0% Packages/com.unity.xr.interaction.toolkit/Runtime/Interaction/Interactors/Visuals/XRInteractorLineVisual.cs
 0.2 kb	 0.0% Packages/com.unity.xr.interaction.toolkit/Runtime/Interaction/Interactors/Visuals/IXRCustomReticleProvider.cs
 0.2 kb	 0.0% Packages/com.unity.xr.interaction.toolkit/Runtime/Interaction/Interactors/Visuals/CurveVisualController.cs
 0.2 kb	 0.0% Packages/com.unity.xr.interaction.toolkit/Runtime/Interaction/Interactors/IXRTargetPriorityInteractor.cs
 0.2 kb	 0.0% Packages/com.unity.xr.interaction.toolkit/Runtime/Interaction/Interactors/IXRInteractionOverrideGroup.cs
 0.2 kb	 0.0% Packages/com.unity.xr.interaction.toolkit/Runtime/Interaction/Interactors/Casters/SphereInteractionCaster.cs
 0.2 kb	 0.0% Packages/com.unity.xr.interaction.toolkit/Runtime/Interaction/Interactors/Casters/InteractionCasterBase.cs
 0.2 kb	 0.0% Packages/com.unity.xr.interaction.toolkit/Runtime/Interaction/Interactors/Casters/ICurveInteractionCaster.cs
 0.2 kb	 0.0% Packages/com.unity.xr.interaction.toolkit/Runtime/Interaction/Interactors/Casters/CurveInteractionCaster.cs
 0.2 kb	 0.0% Packages/com.unity.xr.interaction.toolkit/Runtime/Interaction/Interactables/Visuals/XRTintInteractableVisual.cs
 0.2 kb	 0.0% Packages/com.unity.xr.interaction.toolkit/Runtime/Interaction/Attachment/InteractionAttachController.cs
 0.2 kb	 0.0% Packages/com.unity.xr.interaction.toolkit/Runtime/Interaction/Attachment/IInteractionAttachController.cs
 0.2 kb	 0.0% Packages/com.unity.xr.interaction.toolkit/Runtime/Interaction/Attachment/IAttachPointVelocityTracker.cs
 0.2 kb	 0.0% Packages/com.unity.xr.interaction.toolkit/Runtime/Interaction/Attachment/IAttachPointVelocityProvider.cs
 0.2 kb	 0.0% Packages/com.unity.xr.interaction.toolkit/Runtime/Interaction/Attachment/AttachPointVelocityTracker.cs
 0.2 kb	 0.0% Packages/com.unity.xr.interaction.toolkit/Runtime/AffordanceSystem/Rendering/MaterialHelperBase.cs
 0.2 kb	 0.0% Packages/com.unity.xr.interaction.toolkit/Runtime/AR/Interactables/ARTranslationInteractable.deprecated.cs
 0.2 kb	 0.0% Packages/com.unity.xr.interaction.toolkit/Runtime/AR/Interactables/ARBaseGestureInteractable.deprecated.cs
 0.2 kb	 0.0% Packages/com.unity.xr.interaction.toolkit/Runtime/AR/Gestures/TwoFingerDragGestureRecognizer.cs
 0.2 kb	 0.0% Packages/com.unity.xr.arfoundation/Runtime/VisualScripting/Units/SessionStateSwitchUnit.cs
 0.2 kb	 0.0% Packages/com.unity.xr.arfoundation/Runtime/VisualScripting/Units/GetTrackedObjectsUnit.cs
 0.2 kb	 0.0% Packages/com.unity.xr.arfoundation/Runtime/VisualScripting/Units/GetEnvironmentProbesUnit.cs
 0.2 kb	 0.0% Packages/com.unity.xr.arfoundation/Runtime/VisualScripting/Units/Events/MessageListeners/ARPlanesChangedListener.cs
 0.2 kb	 0.0% Packages/com.unity.xr.arfoundation/Runtime/VisualScripting/Units/Events/MessageListeners/ARFacesChangedListener.cs
 0.2 kb	 0.0% Packages/com.unity.xr.arfoundation/Runtime/VisualScripting/Units/Events/MessageListeners/ARCameraManagerListener.cs
 0.2 kb	 0.0% Packages/com.unity.xr.arfoundation/Runtime/VisualScripting/Units/Events/MessageListeners/ARAnchorsChangedListener.cs
 0.2 kb	 0.0% Packages/com.unity.xr.arfoundation/Runtime/VisualScripting/Units/Events/EventUnits/ARPlanesChangedEventUnit.cs
 0.2 kb	 0.0% Packages/com.unity.xr.arfoundation/Runtime/VisualScripting/Units/Events/EventUnits/ARFacesChangedEventUnit.cs
 0.2 kb	 0.0% Packages/com.unity.xr.arfoundation/Runtime/ARSubsystems/EnvironmentProbeSubsystem/XREnvironmentProbeSubsystemDescriptor.cs
 0.2 kb	 0.0% Packages/com.unity.xr.arfoundation/Runtime/ARFoundation/ARDefaultCameraBackgroundRenderingParams.cs
 0.2 kb	 0.0% Packages/com.unity.xr.arfoundation/Runtime/ARFoundation/ARCommandBufferSupportRendererFeature.cs
 0.2 kb	 0.0% Packages/com.unity.visualscripting/Runtime/VisualScripting.Core/Listeners/UI/UnityOnToggleValueChangedMessageListener.cs
 0.2 kb	 0.0% Packages/com.unity.visualscripting/Runtime/VisualScripting.Core/Listeners/UI/UnityOnSliderValueChangedMessageListener.cs
 0.2 kb	 0.0% Packages/com.unity.visualscripting/Runtime/VisualScripting.Core/Listeners/UI/UnityOnInputFieldEndEditMessageListener.cs
 0.2 kb	 0.0% Packages/com.unity.visualscripting/Runtime/VisualScripting.Core/Listeners/MonoBehaviour/UnityOnParticleCollisionMessageListener.cs
 0.2 kb	 0.0% Packages/com.unity.visualscripting/Runtime/VisualScripting.Core/Listeners/MonoBehaviour/UnityOnMouseUpAsButtonMessageListener.cs
 0.2 kb	 0.0% Packages/com.unity.visualscripting/Runtime/VisualScripting.Core/Listeners/MonoBehaviour/UnityOnCollisionStay2DMessageListener.cs
 0.2 kb	 0.0% Packages/com.unity.visualscripting/Runtime/VisualScripting.Core/Listeners/MonoBehaviour/UnityOnCollisionExit2DMessageListener.cs
 0.2 kb	 0.0% Packages/com.unity.visualscripting/Runtime/VisualScripting.Core/Listeners/MonoBehaviour/UnityOnCollisionEnter2DMessageListener.cs
 0.2 kb	 0.0% Packages/com.unity.visualscripting/Runtime/VisualScripting.Core/Listeners/MonoBehaviour/UnityOnBecameInvisibleMessageListener.cs
 0.2 kb	 0.0% Packages/com.unity.render-pipelines.universal/Runtime/UniversalRenderPipelineRenderGraph.cs
 0.2 kb	 0.0% Packages/com.unity.render-pipelines.universal/Runtime/2D/Shadows/ShadowCasterGroup2DManager.cs
 0.2 kb	 0.0% Packages/com.unity.render-pipelines.universal/Runtime/2D/Rendergraph/CopyCameraSortingLayerPass.cs
 0.2 kb	 0.0% Packages/com.unity.render-pipelines.universal/Runtime/2D/RendererFeatures/ScriptableRenderPass2D.cs
 0.2 kb	 0.0% Packages/com.unity.render-pipelines.universal/Runtime/2D/PixelPerfectCameraInternal.cs
 0.2 kb	 0.0% Packages/com.unity.render-pipelines.universal/Runtime/2D/Passes/PixelPerfectBackgroundPass.cs
 0.2 kb	 0.0% Packages/com.unity.render-pipelines.core/Runtime/Vrs/VrsRenderPipelineRuntimeResources.cs
 0.2 kb	 0.0% Packages/com.unity.render-pipelines.core/Runtime/RenderPipeline/RenderPipelineGlobalSettingsUtils.cs
 0.2 kb	 0.0% Packages/com.unity.render-pipelines.core/Runtime/RenderGraph/RenderGraphResourceRegistry.cs
 0.2 kb	 0.0% Packages/com.unity.render-pipelines.core/Runtime/RenderGraph/RenderGraphDefaultResources.cs
 0.2 kb	 0.0% Packages/com.unity.render-pipelines.core/Runtime/RenderGraph/Compiler/ResourcesData.cs
 0.2 kb	 0.0% Packages/com.unity.render-pipelines.core/Runtime/Lighting/ProbeVolume/ProbeVolumeConstantRuntimeResources.cs
 0.2 kb	 0.0% Packages/com.unity.render-pipelines.core/Runtime/Lighting/ProbeVolume/IProbeVolumeEnabledRenderPipeline.cs
 0.2 kb	 0.0% Packages/com.unity.render-pipelines.core/Runtime/Debugging/Prefabs/Scripts/DebugUIHandlerRenderingLayerField.cs
 0.2 kb	 0.0% Packages/com.meta.xr.sdk.voice/Lib/Telemetry/Scripts/Runtime/Tracing/UnityProfilerTraceProvider.cs
 0.2 kb	 0.0% Packages/com.meta.xr.sdk.voice/Lib/PlatformCompatibility/Scripts/Runtime/Android/PlatformLogger/VoiceSDKPlatformLoggerImpl.cs
 0.2 kb	 0.0% Packages/com.meta.xr.sdk.voice/Lib/PlatformCompatibility/Scripts/Runtime/Android/PlatformLogger/VoiceSDKConsoleLoggerImpl.cs
 0.2 kb	 0.0% Packages/com.meta.xr.sdk.voice/Features/Dictation/source/Scripts/Runtime/Bindings/Android/DictationConfigurationBinding.cs
 0.2 kb	 0.0% Packages/com.meta.xr.sdk.interaction/Runtime/Scripts/PoseDetection/Debug/TransformFeatureVectorDebugVisual.cs
 0.2 kb	 0.0% Packages/com.meta.xr.sdk.interaction/Runtime/Scripts/Interaction/Models/Locomotion/Turn/LocomotionTurnerInteractorEventsWrapper.cs
 0.2 kb	 0.0% Packages/com.meta.xr.sdk.core/Scripts/BuildingBlocks/MultiplayerBlocks/PhotonFusion/Colocation/Scripts/FusionShareAndLocalizeParams.cs
 0.2 kb	 0.0% Assets/Samples/XR Interaction Toolkit/3.1.2/Starter Assets/Scripts/DestroySelf.cs
 0.2 kb	 0.0% Assets/Samples/XR Interaction Toolkit/3.1.2/Hands Interaction Demo/Scripts/PokeGestureDetector.cs
 0.2 kb	 0.0% Assets/Samples/XR Interaction Toolkit/3.1.2/Hands Interaction Demo/Scripts/OneEuroFilterVector3.cs
 0.2 kb	 0.0% Assets/Samples/XR Interaction Toolkit/3.1.2/Hands Interaction Demo/HandsDemoSceneAssets/Scripts/ToggleGraphicToggler.cs
 0.2 kb	 0.0% Packages/com.unity.xr.interaction.toolkit/Runtime/Utilities/DisposableManagerSingleton.cs
 0.2 kb	 0.0% Packages/com.unity.xr.interaction.toolkit/Runtime/Locomotion/XRBodyTransformations.cs
 0.2 kb	 0.0% Packages/com.unity.xr.interaction.toolkit/Runtime/Locomotion/Teleportation/TeleportingEventArgs.cs
 0.2 kb	 0.0% Packages/com.unity.xr.interaction.toolkit/Runtime/Locomotion/Teleportation/TeleportationArea.cs
 0.2 kb	 0.0% Packages/com.unity.xr.interaction.toolkit/Runtime/Locomotion/Teleportation/TeleportationAnchor.cs
 0.2 kb	 0.0% Packages/com.unity.xr.interaction.toolkit/Runtime/Interaction/Filtering/Target/Evaluators/IXRTargetEvaluatorLinkable.cs
 0.2 kb	 0.0% Packages/com.unity.xr.interaction.toolkit/Runtime/Interaction/Filtering/Poke/PokeThresholdDatumProperty.cs
 0.2 kb	 0.0% Packages/com.unity.xr.interaction.toolkit/Runtime/Interaction/Filtering/Poke/IMultiPokeStateDataProvider.cs
 0.2 kb	 0.0% Packages/com.unity.xr.interaction.toolkit/Runtime/Interaction/Filtering/InteractionStrength/IXRInteractionStrengthFilter.cs
 0.2 kb	 0.0% Packages/com.unity.xr.interaction.toolkit/Runtime/Inputs/XRInputTrackingAggregator.cs
 0.2 kb	 0.0% Packages/com.unity.xr.interaction.toolkit/Runtime/Inputs/XRHandSkeletonPokeDisplacer.cs
 0.2 kb	 0.0% Packages/com.unity.xr.interaction.toolkit/Runtime/Inputs/Simulation/XRSimulatedController.cs
 0.2 kb	 0.0% Packages/com.unity.xr.interaction.toolkit/Runtime/Inputs/Simulation/XRInteractionSimulator.cs
 0.2 kb	 0.0% Packages/com.unity.xr.interaction.toolkit/Runtime/Inputs/Simulation/SimulatedHandExpression.cs
 0.2 kb	 0.0% Packages/com.unity.xr.interaction.toolkit/Runtime/Inputs/Simulation/Hands/XRSimulatedHandState.cs
 0.2 kb	 0.0% Packages/com.unity.xr.interaction.toolkit/Runtime/Inputs/Simulation/Hands/HandExpressionName.cs
 0.2 kb	 0.0% Packages/com.unity.xr.interaction.toolkit/Runtime/Inputs/Readers/XRInputDeviceValueReader.cs
 0.2 kb	 0.0% Packages/com.unity.xr.interaction.toolkit/Runtime/Inputs/Haptics/IXRHapticImpulseProvider.cs
 0.2 kb	 0.0% Packages/com.unity.xr.interaction.toolkit/Runtime/Inputs/Haptics/IXRHapticImpulseChannel.cs
 0.2 kb	 0.0% Packages/com.unity.xr.interaction.toolkit/Runtime/AffordanceSystem/State/Data/AffordanceStateData.cs
 0.2 kb	 0.0% Packages/com.unity.xr.interaction.toolkit/Runtime/AR/Interactables/ARSelectionInteractable.deprecated.cs
 0.2 kb	 0.0% Packages/com.unity.xr.interaction.toolkit/Runtime/AR/Interactables/ARRotationInteractable.deprecated.cs
 0.2 kb	 0.0% Packages/com.unity.xr.interaction.toolkit/Runtime/AR/Interactables/ARPlacementInteractable.deprecated.cs
 0.2 kb	 0.0% Packages/com.unity.xr.interaction.toolkit/Runtime/AR/Inputs/ScreenSpacePinchScaleInput.cs
 0.2 kb	 0.0% Packages/com.unity.xr.core-utils/Runtime/ARTrackablesParentTransformChangedEventArgs.cs
 0.2 kb	 0.0% Packages/com.unity.xr.arfoundation/Runtime/InternalUtils/UnitConversionUtility.cs
 0.2 kb	 0.0% Packages/com.unity.xr.arfoundation/Runtime/InternalUtils/SerializableGuidUtility.cs
 0.2 kb	 0.0% Packages/com.unity.xr.arfoundation/Runtime/ARFoundation/Deprecated/ARTrackedObjectsChangedEventArgs.deprecated.cs
 0.2 kb	 0.0% Packages/com.unity.xr.arfoundation/Runtime/ARFoundation/Deprecated/ARTrackedImagesChangedEventArgs.deprecated.cs
 0.2 kb	 0.0% Packages/com.unity.xr.arfoundation/Runtime/ARFoundation/Deprecated/ARParticipantsChangedEventArgs.deprecated.cs
 0.2 kb	 0.0% Packages/com.unity.xr.arfoundation/Runtime/ARFoundation/Deprecated/AREnvironmentProbesChangedEvent.deprecated.cs
 0.2 kb	 0.0% Packages/com.unity.visualscripting/Runtime/VisualScripting.Core/Dependencies/FullSerializer/Converters/Unity/GUIStyleState_DirectConverter.cs
 0.2 kb	 0.0% Packages/com.unity.visualscripting/Runtime/VisualScripting.Core/Dependencies/FullSerializer/Converters/Unity/AnimationCurve_DirectConverter.cs
 0.2 kb	 0.0% Packages/com.unity.rendering.light-transport/Runtime/UnifiedRayTracing/IRayTracingAccelStruct.cs
 0.2 kb	 0.0% Packages/com.unity.rendering.light-transport/Runtime/UnifiedRayTracing/Hardware/HardwareRayTracingShader.cs
 0.2 kb	 0.0% Packages/com.unity.rendering.light-transport/Runtime/UnifiedRayTracing/Compute/ComputeRayTracingShader.cs
 0.2 kb	 0.0% Packages/com.unity.rendering.light-transport/Runtime/UnifiedRayTracing/Compute/ComputeRayTracingBackend.cs
 0.2 kb	 0.0% Packages/com.unity.render-pipelines.universal/Runtime/UniversalAdditionalLightData.cs
 0.2 kb	 0.0% Packages/com.unity.render-pipelines.universal/Runtime/Tiling/ReflectionProbeMinMaxZJob.cs
 0.2 kb	 0.0% Packages/com.unity.render-pipelines.universal/Runtime/Settings/URPShaderStrippingSetting.cs
 0.2 kb	 0.0% Packages/com.unity.render-pipelines.universal/Runtime/ScriptableRendererFeature.cs
 0.2 kb	 0.0% Packages/com.unity.render-pipelines.universal/Runtime/RendererFeatures/ScreenSpaceAmbientOcclusion.cs
 0.2 kb	 0.0% Packages/com.unity.render-pipelines.universal/Runtime/RenderTargetBufferSystem.cs
 0.2 kb	 0.0% Packages/com.unity.render-pipelines.universal/Runtime/RenderPipelineResources/UniversalRendererResources.cs
 0.2 kb	 0.0% Packages/com.unity.render-pipelines.universal/Runtime/Passes/StencilCrossFadeRenderPass.cs
 0.2 kb	 0.0% Packages/com.unity.render-pipelines.universal/Runtime/Overrides/ShadowsMidtonesHighlights.cs
 0.2 kb	 0.0% Packages/com.unity.render-pipelines.universal/Runtime/FrameData/UniversalPostProcessingData.cs
 0.2 kb	 0.0% Packages/com.unity.render-pipelines.universal/Runtime/Decal/ScreenSpace/DecalScreenSpaceRenderPass.cs
 0.2 kb	 0.0% Packages/com.unity.render-pipelines.universal/Runtime/Decal/Entities/DecalCreateDrawCallSystem.cs
 0.2 kb	 0.0% Packages/com.unity.render-pipelines.universal/Runtime/Debug/DebugDisplaySettingsMaterial.cs
 0.2 kb	 0.0% Packages/com.unity.render-pipelines.universal/Runtime/Debug/DebugDisplaySettingsLighting.cs
 0.2 kb	 0.0% Packages/com.unity.render-pipelines.universal/Runtime/Debug/DebugDisplaySettingsCommon.cs
 0.2 kb	 0.0% Packages/com.unity.render-pipelines.universal/Runtime/Data/UniversalRenderPipelineAsset.cs
 0.2 kb	 0.0% Packages/com.unity.render-pipelines.core/Runtime/RenderGraph/RenderGraphResourceRendererList.cs
 0.2 kb	 0.0% Packages/com.unity.render-pipelines.core/Runtime/RenderGraph/Compiler/PassesData.cs
 0.2 kb	 0.0% Packages/com.unity.render-pipelines.core/Runtime/GPUDriven/OccluderDepthPyramidConstants.cs
 0.2 kb	 0.0% Packages/com.unity.render-pipelines.core/Runtime/GPUDriven/Debug/DebugDisplayGPUResidentDrawer.cs
 0.2 kb	 0.0% Packages/com.unity.collections/Unity.Collections/GenerateTestsForBurstCompatibilityAttribute.cs
 0.2 kb	 0.0% Packages/com.meta.xr.sdk.interaction/Runtime/Scripts/DistanceGrab/Visuals/DistantInteractionLineRendererVisual.cs
 0.2 kb	 0.0% Packages/com.meta.xr.sdk.interaction/Runtime/Sample/Scripts/Snap/ListSnapPoseDelegateRoundedBoxVisual.cs
 0.2 kb	 0.0% Packages/com.meta.xr.sdk.interaction/Runtime/Sample/Scripts/PanelWithManipulators/PanelWithManipulatorsStateSignaler.cs
 0.2 kb	 0.0% Packages/com.meta.xr.sdk.interaction/Runtime/Sample/Scripts/PalmMenu/PalmMenuExampleButtonHandlers.cs
 0.2 kb	 0.0% Packages/com.meta.xr.sdk.interaction/Runtime/Sample/Scripts/Locomotion/LocomotionTutorialProgressTracker.cs
 0.2 kb	 0.0% Packages/com.meta.xr.sdk.core/Scripts/BuildingBlocks/MultiplayerBlocks/Shared/Colocation/Scripts/ColocationSessionEventHandler.cs
 0.2 kb	 0.0% Assets/MRTemplateAssets/Datums/ControllerMenuFollowPreset.asset
 0.2 kb	 0.0% Packages/com.unity.xr.openxr/Runtime/Features/Interactions/MicrosoftMotionControllerProfile.cs
 0.2 kb	 0.0% Packages/com.unity.xr.openxr/MetaQuest/Runtime/MetaQuestFeature.cs
 0.2 kb	 0.0% Packages/com.unity.xr.interaction.toolkit/Runtime/UI/RegisteredUIInteractorCache.cs
 0.2 kb	 0.0% Packages/com.unity.xr.interaction.toolkit/Runtime/Locomotion/IXRBodyTransformation.cs
 0.2 kb	 0.0% Packages/com.unity.xr.interaction.toolkit/Runtime/Locomotion/IXRBodyPositionEvaluator.cs
 0.2 kb	 0.0% Packages/com.unity.xr.interaction.toolkit/Runtime/Locomotion/Gravity/IGravityController.cs
 0.2 kb	 0.0% Packages/com.unity.xr.interaction.toolkit/Runtime/Locomotion/Climbing/ClimbSettingsDatum.cs
 0.2 kb	 0.0% Packages/com.unity.xr.interaction.toolkit/Runtime/Locomotion/Climbing/ClimbInteractable.cs
 0.2 kb	 0.0% Packages/com.unity.xr.interaction.toolkit/Runtime/Interaction/Transformers/XRSocketGrabTransformer.cs
 0.2 kb	 0.0% Packages/com.unity.xr.interaction.toolkit/Runtime/Interaction/Transformers/XRLegacyGrabTransformer.cs
 0.2 kb	 0.0% Packages/com.unity.xr.interaction.toolkit/Runtime/Interaction/Transformers/XRGeneralGrabTransformer.cs
 0.2 kb	 0.0% Packages/com.unity.xr.interaction.toolkit/Runtime/Interaction/Transformers/XRBaseGrabTransformer.cs
 0.2 kb	 0.0% Packages/com.unity.xr.interaction.toolkit/Runtime/Interaction/Interactors/XRBaseInputInteractor.cs
 0.2 kb	 0.0% Packages/com.unity.xr.interaction.toolkit/Runtime/Interaction/Interactors/IXRScaleValueProvider.cs
 0.2 kb	 0.0% Packages/com.unity.xr.interaction.toolkit/Runtime/Interaction/Interactors/IXRActivateInteractor.cs
 0.2 kb	 0.0% Packages/com.unity.xr.interaction.toolkit/Runtime/Interaction/Interactors/Casters/IInteractionCaster.cs
 0.2 kb	 0.0% Packages/com.unity.xr.interaction.toolkit/Runtime/Interaction/Interactables/XRInteractableSnapVolume.cs
 0.2 kb	 0.0% Packages/com.unity.xr.interaction.toolkit/Runtime/Interaction/Interactables/IXRSelectInteractable.cs
 0.2 kb	 0.0% Packages/com.unity.xr.interaction.toolkit/Runtime/Interaction/Interactables/IXRActivateInteractable.cs
 0.2 kb	 0.0% Packages/com.unity.xr.interaction.toolkit/Runtime/Interaction/Gaze/IXROverridesGazeAutoSelect.cs
 0.2 kb	 0.0% Packages/com.unity.xr.interaction.toolkit/Runtime/Inputs/Interactions/SectorInteraction.cs
 0.2 kb	 0.0% Packages/com.unity.xr.interaction.toolkit/Runtime/Inputs/Composites/FallbackComposite.cs
 0.2 kb	 0.0% Packages/com.unity.xr.arfoundation/Runtime/VisualScripting/Units/GetTrackedImagesUnit.cs
 0.2 kb	 0.0% Packages/com.unity.xr.arfoundation/Runtime/VisualScripting/Units/GetPointCloudsUnit.cs
 0.2 kb	 0.0% Packages/com.unity.xr.arfoundation/Runtime/VisualScripting/Units/GetParticipantsUnit.cs
 0.2 kb	 0.0% Packages/com.unity.xr.arfoundation/Runtime/VisualScripting/Units/GetHumanBodiesUnit.cs
 0.2 kb	 0.0% Packages/com.unity.xr.arfoundation/Runtime/VisualScripting/Units/Events/EventUnits/FaceUpdatedEventUnit.cs
 0.2 kb	 0.0% Packages/com.unity.xr.arfoundation/Runtime/ARSubsystems/ObjectTrackingSubsystem/XRObjectTrackingSubsystemDescriptor.cs
 0.2 kb	 0.0% Packages/com.unity.xr.arfoundation/Runtime/ARSubsystems/ImageTrackingSubsystem/XRImageTrackingSubsystemDescriptor.cs
 0.2 kb	 0.0% Packages/com.unity.xr.arfoundation/Runtime/ARSubsystems/ImageTrackingSubsystem/MutableRuntimeReferenceImageLibrary.cs
 0.2 kb	 0.0% Packages/com.unity.xr.arfoundation/Runtime/ARSubsystems/CameraSubsystem/XRCameraBackgroundRenderingParams.cs
 0.2 kb	 0.0% Packages/com.unity.xr.arfoundation/Runtime/ARFoundation/Deprecated/ARHumanBodiesChangedEventArgs.deprecated.cs
 0.2 kb	 0.0% Packages/com.unity.xr.arfoundation/Runtime/ARFoundation/CameraBackgroundRenderingMode.cs
 0.2 kb	 0.0% Packages/com.unity.visualscripting/Runtime/VisualScripting.Core/SerializedProperties/SerializedPropertyProviderAttribute.cs
 0.2 kb	 0.0% Packages/com.unity.visualscripting/Runtime/VisualScripting.Core/Listeners/UIInterfaces/UnityOnPointerExitMessageListener.cs
 0.2 kb	 0.0% Packages/com.unity.visualscripting/Runtime/VisualScripting.Core/Listeners/UIInterfaces/UnityOnPointerEnterMessageListener.cs
 0.2 kb	 0.0% Packages/com.unity.visualscripting/Runtime/VisualScripting.Core/Listeners/UIInterfaces/UnityOnPointerDownMessageListener.cs
 0.2 kb	 0.0% Packages/com.unity.visualscripting/Runtime/VisualScripting.Core/Listeners/UIInterfaces/UnityOnPointerClickMessageListener.cs
 0.2 kb	 0.0% Packages/com.unity.visualscripting/Runtime/VisualScripting.Core/Listeners/UI/UnityOnButtonClickMessageListener.cs
 0.2 kb	 0.0% Packages/com.unity.visualscripting/Runtime/VisualScripting.Core/Listeners/MonoBehaviour/UnityOnTriggerEnterMessageListener.cs
 0.2 kb	 0.0% Packages/com.unity.visualscripting/Runtime/VisualScripting.Core/Listeners/MonoBehaviour/UnityOnJointBreak2DMessageListener.cs
 0.2 kb	 0.0% Packages/com.unity.visualscripting/Runtime/VisualScripting.Core/Listeners/MonoBehaviour/UnityOnCollisionStayMessageListener.cs
 0.2 kb	 0.0% Packages/com.unity.visualscripting/Runtime/VisualScripting.Core/Listeners/MonoBehaviour/UnityOnCollisionExitMessageListener.cs
 0.2 kb	 0.0% Packages/com.unity.visualscripting/Runtime/VisualScripting.Core/Listeners/MonoBehaviour/UnityOnCollisionEnterMessageListener.cs
 0.2 kb	 0.0% Packages/com.unity.visualscripting/Runtime/VisualScripting.Core/Listeners/MonoBehaviour/UnityOnBecameVisibleMessageListener.cs
 0.2 kb	 0.0% Packages/com.unity.visualscripting/Runtime/VisualScripting.Core/EditorBinding/Inspector/InspectorActionDirectionAttribute.cs
 0.2 kb	 0.0% Packages/com.unity.visualscripting/Runtime/VisualScripting.Core/EditorBinding/Inspector/InspectViaImplementationsAttribute.cs
 0.2 kb	 0.0% Packages/com.unity.visualscripting/Runtime/VisualScripting.Core/Dependencies/FullSerializer/Internal/fsCyclicReferenceManager.cs
 0.2 kb	 0.0% Packages/com.unity.visualscripting/Runtime/VisualScripting.Core/Dependencies/FullSerializer/Converters/Unity/UnityEvent_Converter.cs
 0.2 kb	 0.0% Packages/com.unity.render-pipelines.universal/Runtime/UniversalRenderPipelineCore.cs
 0.2 kb	 0.0% Packages/com.unity.render-pipelines.universal/Runtime/FrameData/UniversalResourceBase.cs
 0.2 kb	 0.0% Packages/com.unity.render-pipelines.universal/Runtime/2D/Shadows/ShadowProvider/ShadowShape2DProvider.cs
 0.2 kb	 0.0% Packages/com.unity.render-pipelines.universal/Runtime/2D/Shadows/CompositeShadowCaster2D.cs
 0.2 kb	 0.0% Packages/com.unity.render-pipelines.core/Runtime/Utilities/CoreRenderPipelinePreferences.cs
 0.2 kb	 0.0% Packages/com.unity.render-pipelines.core/Runtime/Settings/IDefaultVolumeProfileSettings.cs
 0.2 kb	 0.0% Packages/com.unity.render-pipelines.core/Runtime/RenderGraph/RenderGraphResourcePool.cs
 0.2 kb	 0.0% Packages/com.unity.render-pipelines.core/Runtime/RenderGraph/RenderGraphObjectPool.cs
 0.2 kb	 0.0% Packages/com.unity.render-pipelines.core/Runtime/RenderGraph/Debug/RenderGraphDebugParams.cs
 0.2 kb	 0.0% Packages/com.unity.render-pipelines.core/Runtime/RenderGraph/Debug/DebugDisplaySettingsRenderGraph.cs
 0.2 kb	 0.0% Packages/com.unity.render-pipelines.core/Runtime/Lighting/ProbeVolume/ProbeVolumeBakingProcessSettings.cs
 0.2 kb	 0.0% Packages/com.unity.render-pipelines.core/Runtime/Debugging/Prefabs/Scripts/DebugUIHandlerPersistentCanvas.cs
 0.2 kb	 0.0% Packages/com.unity.render-pipelines.core/Runtime/Debugging/Prefabs/Scripts/DebugUIHandlerObjectPopupField.cs
 0.2 kb	 0.0% Packages/com.unity.render-pipelines.core/Runtime/Debugging/Prefabs/Scripts/DebugUIHandlerIndirectFloatField.cs
 0.2 kb	 0.0% Packages/com.unity.render-pipelines.core/Runtime/Debugging/DebugDisplaySettingsHDROutput.cs
 0.2 kb	 0.0% Packages/com.unity.render-pipelines.core/Runtime/Common/GlobalDynamicResolutionSettings.cs
 0.2 kb	 0.0% Packages/com.unity.inputsystem/InputSystem/Editor/UITKAssetEditor/Views/CompositePartBindingPropertiesView.cs
 0.2 kb	 0.0% Packages/com.unity.inputsystem/InputSystem/Editor/UITKAssetEditor/Views/CollectionViewSelectionChangeFilter.cs
 0.2 kb	 0.0% Packages/com.unity.inputsystem/InputSystem/Editor/UITKAssetEditor/InputActionsEditorSettingsProvider.cs
 0.2 kb	 0.0% Packages/com.unity.inputsystem/InputSystem/Editor/PropertyDrawers/InputActionReferenceSearchProviders.cs
 0.2 kb	 0.0% Packages/com.unity.inputsystem/InputSystem/Editor/PropertyDrawers/InputActionReferencePropertyDrawer.cs
 0.2 kb	 0.0% Packages/com.unity.inputsystem/InputSystem/Editor/Analytics/InputActionsEditorSessionAnalytic.cs
 0.2 kb	 0.0% Packages/com.unity.inputsystem/InputSystem/Devices/Commands/QueryEditorWindowCoordinatesCommand.cs
 0.2 kb	 0.0% Packages/com.unity.inputsystem/InputSystem/Devices/Commands/InitiateUserAccountPairingCommand.cs
 0.2 kb	 0.0% Packages/com.meta.xr.sdk.voice/Lib/PlatformCompatibility/Scripts/Runtime/Android/PlatformLogger/VoiceSDKLoggerBinding.cs
 0.2 kb	 0.0% Packages/com.meta.xr.sdk.voice/Features/Dictation/source/Scripts/Runtime/Bindings/Android/PlatformDictationSDKBinding.cs
 0.2 kb	 0.0% Packages/com.meta.xr.sdk.interaction/Runtime/Scripts/PoseDetection/Debug/TransformRecognizerDebugVisual.cs
 0.2 kb	 0.0% Packages/com.meta.xr.sdk.interaction/Runtime/Scripts/PoseDetection/Debug/FingerFeatureSkeletalDebugVisual.cs
 0.2 kb	 0.0% Packages/com.meta.xr.sdk.interaction/Runtime/Scripts/PoseDetection/ColliderContainsHandJointActiveState.cs
 0.2 kb	 0.0% Packages/com.meta.xr.sdk.interaction/Runtime/Sample/Scripts/Locomotion/LocomotionSettings/LocomotionComfortVignetteSetting.cs
 0.2 kb	 0.0% Packages/com.meta.xr.sdk.interaction.ovr/Runtime/Scripts/Input/OVRControllerMatchesProfileActiveState.cs
 0.2 kb	 0.0% Packages/com.meta.xr.sdk.core/Scripts/ImmersiveDebugger/UserInterface/Generic/Controllers/InteractableController.cs
 0.2 kb	 0.0% Packages/com.meta.xr.sdk.core/Scripts/BuildingBlocks/MultiplayerBlocks/Shared/Colocation/ColocationPackage/Runtime/AutomaticColocationLauncher.cs
 0.2 kb	 0.0% Assets/Samples/XR Interaction Toolkit/3.1.2/Hands Interaction Demo/Scripts/PinchPointFollow.cs
 0.2 kb	 0.0% Assets/Samples/XR Interaction Toolkit/3.1.2/Hands Interaction Demo/HandsDemoSceneAssets/Scripts/TransformSync.cs
 0.2 kb	 0.0% Assets/Samples/XR Interaction Toolkit/3.1.2/Hands Interaction Demo/HandsDemoSceneAssets/Scripts/ToggleGameObject.cs
 0.2 kb	 0.0% Assets/Samples/XR Interaction Toolkit/3.1.2/Hands Interaction Demo/HandsDemoSceneAssets/Scripts/ObjectResetPlane.cs
 0.2 kb	 0.0% Packages/com.unity.xr.openxr/RuntimeDebugger/DebuggerState.cs
 0.2 kb	 0.0% Packages/com.unity.xr.interaction.toolkit/Runtime/Utilities/XRDebugLineVisualizer.cs
 0.2 kb	 0.0% Packages/com.unity.xr.interaction.toolkit/Runtime/Utilities/TriggerContactMonitor.cs
 0.2 kb	 0.0% Packages/com.unity.xr.interaction.toolkit/Runtime/Utilities/Interaction/XRInteractableUtility.cs
 0.2 kb	 0.0% Packages/com.unity.xr.interaction.toolkit/Runtime/UI/TrackedDeviceModel.deprecated.cs
 0.2 kb	 0.0% Packages/com.unity.xr.interaction.toolkit/Runtime/Locomotion/LocomotionState.cs
 0.2 kb	 0.0% Packages/com.unity.xr.interaction.toolkit/Runtime/Locomotion/Legacy/DeviceBasedSnapTurnProvider.cs
 0.2 kb	 0.0% Packages/com.unity.xr.interaction.toolkit/Runtime/Locomotion/Legacy/ContinuousTurnProviderBase.cs
 0.2 kb	 0.0% Packages/com.unity.xr.interaction.toolkit/Runtime/Locomotion/Legacy/ContinuousMoveProviderBase.cs
 0.2 kb	 0.0% Packages/com.unity.xr.interaction.toolkit/Runtime/Locomotion/Legacy/CharacterControllerDriver.cs
 0.2 kb	 0.0% Packages/com.unity.xr.interaction.toolkit/Runtime/Locomotion/Legacy/ActionBasedSnapTurnProvider.cs
 0.2 kb	 0.0% Packages/com.unity.xr.interaction.toolkit/Runtime/Interaction/Interactors/XRBaseControllerInteractor.cs
 0.2 kb	 0.0% Packages/com.unity.xr.interaction.toolkit/Runtime/Interaction/Filtering/Target/Evaluators/XRLastSelectedEvaluator.cs
 0.2 kb	 0.0% Packages/com.unity.xr.interaction.toolkit/Runtime/Interaction/Filtering/Poke/IPokeStateDataProvider.cs
 0.2 kb	 0.0% Packages/com.unity.xr.interaction.toolkit/Runtime/Interaction/Filtering/Hover/TouchscreenHoverFilter.cs
 0.2 kb	 0.0% Packages/com.unity.xr.interaction.toolkit/Runtime/Interaction/Attributes/CanSelectMultipleAttribute.cs
 0.2 kb	 0.0% Packages/com.unity.xr.interaction.toolkit/Runtime/Interaction/Attributes/CanFocusMultipleAttribute.cs
 0.2 kb	 0.0% Packages/com.unity.xr.interaction.toolkit/Runtime/Inputs/XRTransformStabilizer.cs
 0.2 kb	 0.0% Packages/com.unity.xr.interaction.toolkit/Runtime/Inputs/XRInputModalityManager.cs
 0.2 kb	 0.0% Packages/com.unity.xr.interaction.toolkit/Runtime/Inputs/Simulation/XRSimulatorUtility.cs
 0.2 kb	 0.0% Packages/com.unity.xr.interaction.toolkit/Runtime/Inputs/Simulation/XRSimulatedHMDState.cs
 0.2 kb	 0.0% Packages/com.unity.xr.interaction.toolkit/Runtime/Inputs/Simulation/XRDeviceSimulator.cs
 0.2 kb	 0.0% Packages/com.unity.xr.interaction.toolkit/Runtime/Inputs/Readers/XRInputValueReader.cs
 0.2 kb	 0.0% Packages/com.unity.xr.interaction.toolkit/Runtime/Inputs/Readers/XRInputReaderUtility.cs
 0.2 kb	 0.0% Packages/com.unity.xr.interaction.toolkit/Runtime/Inputs/Readers/XRInputButtonReader.cs
 0.2 kb	 0.0% Packages/com.unity.xr.interaction.toolkit/Runtime/Inputs/Haptics/HapticImpulsePlayer.cs
 0.2 kb	 0.0% Packages/com.unity.xr.interaction.toolkit/Runtime/AR/Interactors/ARGestureInteractor.deprecated.cs
 0.2 kb	 0.0% Packages/com.unity.xr.interaction.toolkit/Runtime/AR/Interactables/ARScaleInteractable.deprecated.cs
 0.2 kb	 0.0% Packages/com.unity.xr.interaction.toolkit/Runtime/AR/Inputs/ScreenSpaceSelectInput.cs
 0.2 kb	 0.0% Packages/com.unity.xr.interaction.toolkit/Runtime/AR/Inputs/ScreenSpaceRotateInput.cs
 0.2 kb	 0.0% Packages/com.unity.xr.interaction.toolkit/Runtime/AR/Inputs/ScreenSpaceRayPoseDriver.cs
 0.2 kb	 0.0% Packages/com.unity.xr.interaction.toolkit/Runtime/AR/Gestures/TwoFingerDragGesture.deprecated.cs
 0.2 kb	 0.0% Packages/com.unity.xr.arfoundation/Runtime/Simulation/Subsystems/SimulationCameraTextureReadbackPass.cs
 0.2 kb	 0.0% Packages/com.unity.xr.arfoundation/Runtime/Simulation/Subsystems/EnvironmentProbe/SimulationEnvironmentProbeSubsystem.cs
 0.2 kb	 0.0% Packages/com.unity.xr.arfoundation/Runtime/Simulation/Subsystems/EnvironmentProbe/SimulationEnvironmentProbeDiscoverer.cs
 0.2 kb	 0.0% Packages/com.unity.xr.arfoundation/Runtime/InternalUtils/TextureExtensions.cs
 0.2 kb	 0.0% Packages/com.unity.xr.arfoundation/Runtime/ARSubsystems/PointCloudSubsystem/XRDepthSubsystemDescriptor.deprecated.cs
 0.2 kb	 0.0% Packages/com.unity.xr.arfoundation/Runtime/ARFoundation/Deprecated/ARPointCloudChangedEventArgs.deprecated.cs
 0.2 kb	 0.0% Packages/com.unity.visualscripting/Runtime/VisualScripting.Core/Listeners/MonoBehaviour/UnityOnTriggerStay2DMListener.cs
 0.2 kb	 0.0% Packages/com.unity.visualscripting/Runtime/VisualScripting.Core/Listeners/MonoBehaviour/UnityOnTriggerExit2DMListener.cs
 0.2 kb	 0.0% Packages/com.unity.visualscripting/Runtime/VisualScripting.Core/Listeners/MonoBehaviour/UnityOnTriggerEnter2DMListener.cs
 0.2 kb	 0.0% Packages/com.unity.visualscripting/Runtime/VisualScripting.Core/Dependencies/FullSerializer/fsISerializationCallbacks.cs
 0.2 kb	 0.0% Packages/com.unity.visualscripting/Runtime/VisualScripting.Core/Dependencies/FullSerializer/Converters/Unity/RectOffset_DirectConverter.cs
 0.2 kb	 0.0% Packages/com.unity.visualscripting/Runtime/VisualScripting.Core/Dependencies/FullSerializer/Converters/Unity/LayerMask_DirectConverter.cs
 0.2 kb	 0.0% Packages/com.unity.visualscripting/Runtime/VisualScripting.Core/Dependencies/FullSerializer/Converters/Unity/InputAction_DirectConverter.cs
 0.2 kb	 0.0% Packages/com.unity.rendering.light-transport/Runtime/UnifiedRayTracing/RayTracingResources.cs
 0.2 kb	 0.0% Packages/com.unity.rendering.light-transport/Runtime/UnifiedRayTracing/RayTracingContext.cs
 0.2 kb	 0.0% Packages/com.unity.rendering.light-transport/Runtime/UnifiedRayTracing/IRayTracingShader.cs
 0.2 kb	 0.0% Packages/com.unity.rendering.light-transport/Runtime/UnifiedRayTracing/IRayTracingBackend.cs
 0.2 kb	 0.0% Packages/com.unity.rendering.light-transport/Runtime/UnifiedRayTracing/Compute/BLASPositionsPool.cs
 0.2 kb	 0.0% Packages/com.unity.rendering.light-transport/Runtime/UnifiedRayTracing/Common/GeometryPool/GeometryPoolDefs.cs
 0.2 kb	 0.0% Packages/com.unity.rendering.light-transport/Runtime/UnifiedRayTracing/Common/AccelStructInstances.cs
 0.2 kb	 0.0% Packages/com.unity.rendering.light-transport/Runtime/UnifiedRayTracing/Common/AccelStructAdapter.cs
 0.2 kb	 0.0% Packages/com.unity.render-pipelines.universal/Runtime/UniversalRendererRenderGraph.cs
 0.2 kb	 0.0% Packages/com.unity.render-pipelines.universal/Runtime/UniversalRendererData.cs
 0.2 kb	 0.0% Packages/com.unity.render-pipelines.universal/Runtime/UniversalRenderPipeline.cs
 0.2 kb	 0.0% Packages/com.unity.render-pipelines.universal/Runtime/UniversalCameraHistory.cs
 0.2 kb	 0.0% Packages/com.unity.render-pipelines.universal/Runtime/Tiling/TileRangeExpansionJob.cs
 0.2 kb	 0.0% Packages/com.unity.render-pipelines.universal/Runtime/SupportedOnRenderer.cs
 0.2 kb	 0.0% Packages/com.unity.render-pipelines.universal/Runtime/ScriptableRendererData.cs
 0.2 kb	 0.0% Packages/com.unity.render-pipelines.universal/Runtime/RendererFeatures/FullScreenPassRendererFeature_OldGUID.cs
 0.2 kb	 0.0% Packages/com.unity.render-pipelines.universal/Runtime/ReflectionProbeManager.cs
 0.2 kb	 0.0% Packages/com.unity.render-pipelines.universal/Runtime/Passes/TransparentSettingsPass.cs
 0.2 kb	 0.0% Packages/com.unity.render-pipelines.universal/Runtime/Passes/MotionVectorRenderPass.cs
 0.2 kb	 0.0% Packages/com.unity.render-pipelines.universal/Runtime/Passes/DrawScreenSpaceUIPass.cs
 0.2 kb	 0.0% Packages/com.unity.render-pipelines.universal/Runtime/Passes/DepthNormalOnlyPass.cs
 0.2 kb	 0.0% Packages/com.unity.render-pipelines.universal/Runtime/Passes/ColorGradingLutPass.cs
 0.2 kb	 0.0% Packages/com.unity.render-pipelines.universal/Runtime/NormalReconstruction.cs
 0.2 kb	 0.0% Packages/com.unity.render-pipelines.universal/Runtime/FrameData/UniversalResourceData.cs
 0.2 kb	 0.0% Packages/com.unity.render-pipelines.universal/Runtime/FrameData/UniversalRenderingData.cs
 0.2 kb	 0.0% Packages/com.unity.render-pipelines.universal/Runtime/FrameData/Universal2DResourceData.cs
 0.2 kb	 0.0% Packages/com.unity.render-pipelines.universal/Runtime/Decal/ScreenSpace/DecalGBufferRenderPass.cs
 0.2 kb	 0.0% Packages/com.unity.render-pipelines.universal/Runtime/Decal/Entities/DecalUpdateCulledSystem.cs
 0.2 kb	 0.0% Packages/com.unity.render-pipelines.universal/Runtime/Decal/Entities/DecalUpdateCachedSystem.cs
 0.2 kb	 0.0% Packages/com.unity.render-pipelines.universal/Runtime/Decal/Entities/DecalSkipCulledSystem.cs
 0.2 kb	 0.0% Packages/com.unity.render-pipelines.universal/Runtime/Decal/DBuffer/DecalForwardEmissivePass.cs
 0.2 kb	 0.0% Packages/com.unity.render-pipelines.core/Runtime/XR/XRBuiltinShaderConstants.cs
 0.2 kb	 0.0% Packages/com.unity.render-pipelines.core/Runtime/Settings/IDefaultVolumeProfileResource.cs
 0.2 kb	 0.0% Packages/com.unity.render-pipelines.core/Runtime/RenderGraph/RenderGraphResourceTexture.cs
 0.2 kb	 0.0% Packages/com.unity.render-pipelines.core/Runtime/RenderGraph/IRenderGraphBuilder.cs
 0.2 kb	 0.0% Packages/com.unity.render-pipelines.core/Runtime/GPUDriven/IGPUResidentRenderPipeline.cs
 0.2 kb	 0.0% Packages/com.unity.render-pipelines.core/Runtime/GPUDriven/GPUResidentDrawerResources.cs
 0.2 kb	 0.0% Packages/com.unity.render-pipelines.core/Runtime/GPUDriven/Components/DisallowGPUDrivenRendering.cs
 0.2 kb	 0.0% Packages/com.unity.render-pipelines.core/Runtime-PrivateShared/AssemblyInfo.cs
 0.2 kb	 0.0% Packages/com.unity.inputsystem/InputSystem/Plugins/UI/StandaloneInputModuleEditor.cs
 0.2 kb	 0.0% Packages/com.unity.inputsystem/InputSystem/Plugins/UI/InputSystemUIInputModuleEditor.cs
 0.2 kb	 0.0% Packages/com.meta.xr.sdk.voice/Features/Dictation/source/Lib/Wit.ai/Features/dictation/Scripts/Runtime/Dictation/ServiceReferences/DictationServiceAudioEventReference.cs
 0.2 kb	 0.0% Packages/com.meta.xr.sdk.interaction/Runtime/UnityXR/Scripts/FromUnityXRControllerDataSource.cs
 0.2 kb	 0.0% Packages/com.meta.xr.sdk.interaction/Runtime/Scripts/Interaction/Models/HandGrab/HandGrabInteractableDataCollection.cs
 0.2 kb	 0.0% Packages/com.meta.xr.sdk.interaction/Runtime/Scripts/DistanceGrab/Visuals/DistantInteractionPolylineVisual.cs
 0.2 kb	 0.0% Packages/com.meta.xr.sdk.interaction/Runtime/Sample/Scripts/PanelWithManipulators/ManipulatorAffordanceController.cs
 0.2 kb	 0.0% Packages/com.meta.xr.sdk.interaction/Runtime/Sample/Scripts/PanelWithManipulators/AnchoredWorldSpaceDistanceScaler.cs
 0.2 kb	 0.0% Packages/com.meta.xr.sdk.interaction/Runtime/Sample/Scripts/PalmMenu/DominantHandGameObjectFilter.cs
 0.2 kb	 0.0% Packages/com.meta.xr.sdk.interaction.ovr/Runtime/Scripts/Body/Input/OVRBodyPoseSkeletonProvider.cs
 0.2 kb	 0.0% Packages/com.meta.xr.sdk.core/Scripts/ImmersiveDebugger/UsageExample/ExampleCustomIntegrationConfig.cs
 0.2 kb	 0.0% Packages/com.meta.xr.sdk.core/Scripts/BuildingBlocks/SampleSpatialAnchorControllerScripts/SpatialAnchorSpawnerBuildingBlock.cs
 0.2 kb	 0.0% Packages/com.meta.xr.sdk.core/Scripts/BuildingBlocks/MultiplayerBlocks/Shared/NetworkGrabbableObject/Scripts/TransferOwnershipOnSelect.cs
 0.2 kb	 0.0% Packages/com.meta.xr.sdk.core/Scripts/BuildingBlocks/MultiplayerBlocks/PhotonFusion/PlayerNameTag/Scripts/PlayerNameTagSpawnerFusion.cs
 0.2 kb	 0.0% Packages/com.meta.xr.sdk.core/Scripts/BuildingBlocks/MultiplayerBlocks/PhotonFusion/NetworkRunner/Scripts/CustomNetworkObjectProvider.cs
 0.2 kb	 0.0% Packages/com.meta.xr.sdk.core/Scripts/BuildingBlocks/MultiplayerBlocks/PhotonFusion/Colocation/Scripts/FusionNetworkBootstrapper.cs
 0.2 kb	 0.0% Packages/com.meta.xr.mrutilitykit/Core/Scripts/SceneDecorator/Modifier/KeepUprightWithSurfaceModifier.cs
 0.2 kb	 0.0% Packages/com.meta.xr.mrutilitykit/Core/Scripts/SceneDecorator/Modifier/KeepUprightWithAnchorModifier.cs
 0.2 kb	 0.0% Packages/com.meta.xr.mrutilitykit/Core/Scripts/SceneDecorator/Distributions/StaggeredConcentricDistribution.cs
 0.2 kb	 0.0% Assets/Samples/XR Hands/1.5.1/HandVisualizer/Scripts/JointVisualizer.cs
 0.2 kb	 0.0% Assets/Samples/XR Hands/1.5.1/HandVisualizer/Scripts/HandVisualizer.cs
 0.2 kb	 0.0% Assets/Samples/XR Hands/1.5.1/HandVisualizer/Scripts/HandProcessor.cs
 0.2 kb	 0.0% Assets/MRTemplateAssets/Datums/HandMenuFollowPreset.asset
 0.1 kb	 0.0% Packages/com.unity.xr.openxr/Runtime/Features/Interactions/ValveIndexControllerProfile.cs
 0.1 kb	 0.0% Packages/com.unity.xr.openxr/Runtime/Features/Interactions/OculusTouchControllerProfile.cs
 0.1 kb	 0.0% Packages/com.unity.xr.openxr/Runtime/Features/Interactions/KHRSimpleControllerProfile.cs
 0.1 kb	 0.0% Packages/com.unity.xr.openxr/Runtime/Features/Interactions/HandCommonPosesInteraction.cs
 0.1 kb	 0.0% Packages/com.unity.xr.openxr/Runtime/Features/Interactions/HPReverbG2ControllerProfile.cs
 0.1 kb	 0.0% Packages/com.unity.xr.interaction.toolkit/Runtime/XRHelpURLConstants.deprecated.cs
 0.1 kb	 0.0% Packages/com.unity.xr.interaction.toolkit/Runtime/UI/XRUIToolkitPokeHandler.cs
 0.1 kb	 0.0% Packages/com.unity.xr.interaction.toolkit/Runtime/UI/TrackedDeviceEventData.cs
 0.1 kb	 0.0% Packages/com.unity.xr.interaction.toolkit/Runtime/Locomotion/XRBodyTransformer.cs
 0.1 kb	 0.0% Packages/com.unity.xr.interaction.toolkit/Runtime/Locomotion/Turning/SnapTurnProvider.cs
 0.1 kb	 0.0% Packages/com.unity.xr.interaction.toolkit/Runtime/Locomotion/Movement/GrabMoveProvider.cs
 0.1 kb	 0.0% Packages/com.unity.xr.interaction.toolkit/Runtime/Locomotion/LocomotionProvider.cs
 0.1 kb	 0.0% Packages/com.unity.xr.interaction.toolkit/Runtime/Locomotion/LocomotionMediator.cs
 0.1 kb	 0.0% Packages/com.unity.xr.interaction.toolkit/Runtime/Locomotion/Gravity/GravityProvider.cs
 0.1 kb	 0.0% Packages/com.unity.xr.interaction.toolkit/Runtime/Locomotion/Climbing/ClimbSettings.cs
 0.1 kb	 0.0% Packages/com.unity.xr.interaction.toolkit/Runtime/Locomotion/Climbing/ClimbProvider.cs
 0.1 kb	 0.0% Packages/com.unity.xr.interaction.toolkit/Runtime/Interaction/XRInteractionEvents.deprecated.cs
 0.1 kb	 0.0% Packages/com.unity.xr.interaction.toolkit/Runtime/Interaction/Transformers/IXRGrabTransformer.cs
 0.1 kb	 0.0% Packages/com.unity.xr.interaction.toolkit/Runtime/Interaction/Transformers/IXRDropTransformer.cs
 0.1 kb	 0.0% Packages/com.unity.xr.interaction.toolkit/Runtime/Interaction/Interactors/XRSocketInteractor.cs
 0.1 kb	 0.0% Packages/com.unity.xr.interaction.toolkit/Runtime/Interaction/Interactors/XRInteractionGroup.cs
 0.1 kb	 0.0% Packages/com.unity.xr.interaction.toolkit/Runtime/Interaction/Interactors/XRDirectInteractor.cs
 0.1 kb	 0.0% Packages/com.unity.xr.interaction.toolkit/Runtime/Interaction/Interactors/NearFarInteractor.cs
 0.1 kb	 0.0% Packages/com.unity.xr.interaction.toolkit/Runtime/Interaction/Interactors/IXRSelectInteractor.cs
 0.1 kb	 0.0% Packages/com.unity.xr.interaction.toolkit/Runtime/Interaction/Interactors/IXRInteractionGroup.cs
 0.1 kb	 0.0% Packages/com.unity.xr.interaction.toolkit/Runtime/Interaction/Interactors/IXRHoverInteractor.cs
 0.1 kb	 0.0% Packages/com.unity.xr.interaction.toolkit/Runtime/Interaction/Interactables/XRSimpleInteractable.cs
 0.1 kb	 0.0% Packages/com.unity.xr.interaction.toolkit/Runtime/Interaction/Interactables/XRGrabInteractable.cs
 0.1 kb	 0.0% Packages/com.unity.xr.interaction.toolkit/Runtime/Interaction/Interactables/XRBaseInteractable.cs
 0.1 kb	 0.0% Packages/com.unity.xr.interaction.toolkit/Runtime/Interaction/Interactables/IXRHoverInteractable.cs
 0.1 kb	 0.0% Packages/com.unity.xr.interaction.toolkit/Runtime/Interaction/Interactables/IXRFocusInteractable.cs
 0.1 kb	 0.0% Packages/com.unity.xr.interaction.toolkit/Runtime/Interaction/Attachment/IFarAttachProvider.cs
 0.1 kb	 0.0% Packages/com.unity.xr.interaction.toolkit/Runtime/AffordanceSystem/Jobs/FloatTweenJob.cs
 0.1 kb	 0.0% Packages/com.unity.xr.interaction.toolkit/Runtime/AffordanceSystem/Jobs/ColorTweenJob.cs
 0.1 kb	 0.0% Packages/com.unity.xr.interaction.toolkit/Runtime/AR/Interactables/ARAnnotationInteractable.deprecated.cs
 0.1 kb	 0.0% Packages/com.unity.xr.interaction.toolkit/Runtime/AR/Gestures/TwistGestureRecognizer.cs
 0.1 kb	 0.0% Packages/com.unity.xr.interaction.toolkit/Runtime/AR/Gestures/PinchGestureRecognizer.cs
 0.1 kb	 0.0% Packages/com.unity.xr.interaction.toolkit/Runtime/AR/Gestures/GestureTouchesUtility.cs
 0.1 kb	 0.0% Packages/com.unity.xr.interaction.toolkit/Runtime/AR/Gestures/DragGestureRecognizer.cs
 0.1 kb	 0.0% Packages/com.unity.xr.hands/Runtime/XRHandProviderUtility.deprecated.cs
 0.1 kb	 0.0% Packages/com.unity.xr.arfoundation/Runtime/VisualScripting/Units/GetRaycastsUnit.cs
 0.1 kb	 0.0% Packages/com.unity.xr.arfoundation/Runtime/VisualScripting/Units/GetPlanesUnit.cs
 0.1 kb	 0.0% Packages/com.unity.xr.arfoundation/Runtime/VisualScripting/Units/GetAnchorsUnit.cs
 0.1 kb	 0.0% Packages/com.unity.xr.arfoundation/Runtime/VisualScripting/Units/Events/MessageListeners/ARFaceListener.cs
 0.1 kb	 0.0% Packages/com.unity.xr.arfoundation/Runtime/ARSubsystems/PointCloudSubsystem/XRPointCloudSubsystemDescriptor.cs
 0.1 kb	 0.0% Packages/com.unity.xr.arfoundation/Runtime/ARSubsystems/PlaneTracking/PlaneClassification.deprecated.cs
 0.1 kb	 0.0% Packages/com.unity.xr.arfoundation/Runtime/ARSubsystems/ParticipantSubsystem/XRParticipantSubsystemDescriptor.cs
 0.1 kb	 0.0% Packages/com.unity.xr.arfoundation/Runtime/ARSubsystems/OcclusionSubsystem/XROcclusionSubsystemDescriptor.cs
 0.1 kb	 0.0% Packages/com.unity.xr.arfoundation/Runtime/ARSubsystems/ImageTrackingSubsystem/AddReferenceImageJobStatus.cs
 0.1 kb	 0.0% Packages/com.unity.xr.arfoundation/Runtime/ARSubsystems/HumanBodySubsystem/XRHumanBodySubsystemDescriptor.cs
 0.1 kb	 0.0% Packages/com.unity.xr.arfoundation/Runtime/ARSubsystems/BoundingBoxSubsystem/XRBoundingBoxSubsystemDescriptor.cs
 0.1 kb	 0.0% Packages/com.unity.xr.arfoundation/Runtime/ARFoundation/PlaneDetectionModeMaskAttribute.cs
 0.1 kb	 0.0% Packages/com.unity.xr.arfoundation/Runtime/ARFoundation/Deprecated/ARAnchorsChangedEventArgs.deprecated.cs
 0.1 kb	 0.0% Packages/com.unity.xr.arfoundation/Runtime/ARFoundation/ARSessionStateChangedEventArgs.cs
 0.1 kb	 0.0% Packages/com.unity.xr.arfoundation/Runtime/ARFoundation/ARPointCloudParticleVisualizer.cs
 0.1 kb	 0.0% Packages/com.unity.xr.arfoundation/Runtime/ARFoundation/ARPlaneBoundaryChangedEventArgs.cs
 0.1 kb	 0.0% Packages/com.unity.visualscripting/Runtime/VisualScripting.Flow/Ports/MissingValuePortInputException.cs
 0.1 kb	 0.0% Packages/com.unity.visualscripting/Runtime/VisualScripting.Flow/EditorBinding/UnitHeaderInspectableAttribute.cs
 0.1 kb	 0.0% Packages/com.unity.visualscripting/Runtime/VisualScripting.Flow/Dependencies/NCalc/LogicalExpressionVisitor.cs
 0.1 kb	 0.0% Packages/com.unity.visualscripting/Runtime/VisualScripting.Core/Variables/VariableDeclarationCollection.cs
 0.1 kb	 0.0% Packages/com.unity.visualscripting/Runtime/VisualScripting.Core/Variables/InspectorVariableNameAttribute.cs
 0.1 kb	 0.0% Packages/com.unity.visualscripting/Runtime/VisualScripting.Core/Serialization/SerializationVersionAttribute.cs
 0.1 kb	 0.0% Packages/com.unity.visualscripting/Runtime/VisualScripting.Core/Listeners/UIInterfaces/UnityOnPointerUpMessageListener.cs
 0.1 kb	 0.0% Packages/com.unity.visualscripting/Runtime/VisualScripting.Core/Listeners/UIInterfaces/UnityOnEndDragMessageListener.cs
 0.1 kb	 0.0% Packages/com.unity.visualscripting/Runtime/VisualScripting.Core/Listeners/UIInterfaces/UnityOnDeselectMessageListener.cs
 0.1 kb	 0.0% Packages/com.unity.visualscripting/Runtime/VisualScripting.Core/Listeners/UIInterfaces/UnityOnBeginDragMessageListener.cs
 0.1 kb	 0.0% Packages/com.unity.visualscripting/Runtime/VisualScripting.Core/Listeners/MonoBehaviour/UnityOnTriggerStayMListener.cs
 0.1 kb	 0.0% Packages/com.unity.visualscripting/Runtime/VisualScripting.Core/Listeners/MonoBehaviour/UnityOnTriggerExitMListener.cs
 0.1 kb	 0.0% Packages/com.unity.visualscripting/Runtime/VisualScripting.Core/Listeners/MonoBehaviour/UnityOnMouseUpMessageListener.cs
 0.1 kb	 0.0% Packages/com.unity.visualscripting/Runtime/VisualScripting.Core/Listeners/MonoBehaviour/UnityOnMouseOverMessageListener.cs
 0.1 kb	 0.0% Packages/com.unity.visualscripting/Runtime/VisualScripting.Core/Listeners/MonoBehaviour/UnityOnMouseExitMessageListener.cs
 0.1 kb	 0.0% Packages/com.unity.visualscripting/Runtime/VisualScripting.Core/Listeners/MonoBehaviour/UnityOnMouseEnterMessageListener.cs
 0.1 kb	 0.0% Packages/com.unity.visualscripting/Runtime/VisualScripting.Core/Listeners/MonoBehaviour/UnityOnMouseDragMessageListener.cs
 0.1 kb	 0.0% Packages/com.unity.visualscripting/Runtime/VisualScripting.Core/Listeners/MonoBehaviour/UnityOnMouseDownMessageListener.cs
 0.1 kb	 0.0% Packages/com.unity.visualscripting/Runtime/VisualScripting.Core/Listeners/MonoBehaviour/UnityOnJointBreakMessageListener.cs
 0.1 kb	 0.0% Packages/com.unity.visualscripting/Runtime/VisualScripting.Core/Exceptions/InvalidImplementationException.cs
 0.1 kb	 0.0% Packages/com.unity.visualscripting/Runtime/VisualScripting.Core/EditorBinding/Inspector/InspectorExpandTooltipAttribute.cs
 0.1 kb	 0.0% Packages/com.unity.visualscripting/Runtime/VisualScripting.Core/EditorBinding/Inspector/InspectorAdaptiveWidthAttribute.cs
 0.1 kb	 0.0% Packages/com.unity.visualscripting/Runtime/VisualScripting.Core/Dependencies/FullSerializer/Internal/fsPortableReflection.cs
 0.1 kb	 0.0% Packages/com.unity.visualscripting/Runtime/VisualScripting.Core/Attributes/VisualScriptingHelpURLAttribute.cs
 0.1 kb	 0.0% Packages/com.unity.render-pipelines.universal/Runtime/UniversalRendererDebug.cs
 0.1 kb	 0.0% Packages/com.unity.render-pipelines.universal/Runtime/Passes/PostProcessPassRenderGraph.cs
 0.1 kb	 0.0% Packages/com.unity.render-pipelines.universal/Runtime/MotionVectors.cs
 0.1 kb	 0.0% Packages/com.unity.render-pipelines.universal/Runtime/Decal/DecalDrawErrorRenderPass.cs
 0.1 kb	 0.0% Packages/com.unity.render-pipelines.universal/Runtime/2D/Shadows/ShadowProvider/ShapeProviderUtility.cs
 0.1 kb	 0.0% Packages/com.unity.render-pipelines.universal/Runtime/2D/Shadows/ShadowCasterGroup2D.cs
 0.1 kb	 0.0% Packages/com.unity.render-pipelines.universal/Runtime/2D/Rendergraph/GlobalPropertiesPass.cs
 0.1 kb	 0.0% Packages/com.unity.render-pipelines.universal/Runtime/2D/Rendergraph/DrawRenderer2DPass.cs
 0.1 kb	 0.0% Packages/com.unity.render-pipelines.universal/Runtime/2D/PixelPerfectCamera.cs
 0.1 kb	 0.0% Packages/com.unity.render-pipelines.universal/Runtime/2D/Passes/Utility/Light2DLookupTexture.cs
 0.1 kb	 0.0% Packages/com.unity.render-pipelines.universal/Runtime/2D/Passes/Render2DLightingPass.cs
 0.1 kb	 0.0% Packages/com.unity.render-pipelines.universal/Runtime/2D/Light2DCullResult.cs
 0.1 kb	 0.0% Packages/com.unity.render-pipelines.universal/Runtime/2D/Light2DBlendStyle.cs
 0.1 kb	 0.0% Packages/com.unity.render-pipelines.core/Runtime/Utilities/BatchRendererGroupGlobals.cs
 0.1 kb	 0.0% Packages/com.unity.render-pipelines.core/Runtime/Settings/IncludeRenderPipelineAsset.cs
 0.1 kb	 0.0% Packages/com.unity.render-pipelines.core/Runtime/STP/ISTPEnabledRenderPipeline.cs
 0.1 kb	 0.0% Packages/com.unity.render-pipelines.core/Runtime/RenderGraph/RenderGraphUtilsBlit.cs
 0.1 kb	 0.0% Packages/com.unity.render-pipelines.core/Runtime/RenderGraph/RenderGraphResourceBuffer.cs
 0.1 kb	 0.0% Packages/com.unity.render-pipelines.core/Runtime/RenderGraph/RenderGraphLogger.cs
 0.1 kb	 0.0% Packages/com.unity.render-pipelines.core/Runtime/RenderGraph/RenderGraphGlobalSettings.cs
 0.1 kb	 0.0% Packages/com.unity.render-pipelines.core/Runtime/RenderGraph/RenderGraphBuilders.cs
 0.1 kb	 0.0% Packages/com.unity.render-pipelines.core/Runtime/RenderGraph/RenderGraphBuilder.cs
 0.1 kb	 0.0% Packages/com.unity.render-pipelines.core/Runtime/RenderGraph/IRenderGraphRecorder.cs
 0.1 kb	 0.0% Packages/com.unity.render-pipelines.core/Runtime/Lighting/ProbeVolume/ShaderVariablesProbeVolumes.cs
 0.1 kb	 0.0% Packages/com.unity.render-pipelines.core/Runtime/Lighting/ProbeVolume/ProbeVolumeStreamableAsset.cs
 0.1 kb	 0.0% Packages/com.unity.render-pipelines.core/Runtime/Lighting/ProbeVolume/ProbeVolumeScratchBufferPool.cs
 0.1 kb	 0.0% Packages/com.unity.render-pipelines.core/Runtime/Lighting/ProbeVolume/ProbeVolumeGlobalSettings.cs
 0.1 kb	 0.0% Packages/com.unity.render-pipelines.core/Runtime/GPUDriven/InstanceData/InstanceWindDataUpdateDefs.cs
 0.1 kb	 0.0% Packages/com.unity.render-pipelines.core/Runtime/GPUDriven/InstanceData/InstanceTransformUpdateDefs.cs
 0.1 kb	 0.0% Packages/com.unity.render-pipelines.core/Runtime/GPUDriven/InstanceData/GPUInstanceDataUploader.cs
 0.1 kb	 0.0% Packages/com.unity.render-pipelines.core/Runtime/GPUDriven/GPUResidentDrawerTypes.cs
 0.1 kb	 0.0% Packages/com.unity.render-pipelines.core/Runtime/Debugging/Prefabs/Scripts/DebugUIHandlerToggleHistory.cs
 0.1 kb	 0.0% Packages/com.unity.render-pipelines.core/Runtime/Debugging/Prefabs/Scripts/DebugUIHandlerProgressBar.cs
 0.1 kb	 0.0% Packages/com.unity.render-pipelines.core/Runtime/Debugging/Prefabs/Scripts/DebugUIHandlerIndirectToggle.cs
 0.1 kb	 0.0% Packages/com.unity.render-pipelines.core/Runtime/Debugging/Prefabs/Scripts/DebugUIHandlerEnumHistory.cs
 0.1 kb	 0.0% Packages/com.unity.render-pipelines.core/Runtime/Debugging/IDebugDisplaySettingsQuery.cs
 0.1 kb	 0.0% Packages/com.unity.render-pipelines.core/Runtime/Debugging/IDebugDisplaySettingsPanel.cs
 0.1 kb	 0.0% Packages/com.unity.render-pipelines.core/Runtime/Debugging/IDebugDisplaySettingsData.cs
 0.1 kb	 0.0% Packages/com.unity.render-pipelines.core/Runtime/Debugging/DebugDisplaySettingsVolumes.cs
 0.1 kb	 0.0% Packages/com.unity.render-pipelines.core/Runtime/Debugging/DebugDisplaySettingsPanel.cs
 0.1 kb	 0.0% Packages/com.unity.inputsystem/InputSystem/Plugins/InputForUI/InputActionAssetVerifier.cs
 0.1 kb	 0.0% Packages/com.unity.inputsystem/InputSystem/Editor/UITKAssetEditor/Views/CompositeBindingPropertiesView.cs
 0.1 kb	 0.0% Packages/com.unity.inputsystem/InputSystem/Editor/UITKAssetEditor/InputActionsEditorWindowUtils.cs
 0.1 kb	 0.0% Packages/com.unity.inputsystem/InputSystem/Editor/PropertyDrawers/InputActionAssetSearchProvider.cs
 0.1 kb	 0.0% Packages/com.unity.inputsystem/InputSystem/Editor/ProjectWideActions/ProjectWideActionsBuildProvider.cs
 0.1 kb	 0.0% Packages/com.unity.inputsystem/InputSystem/Editor/Internal/SerializedPropertyLinqExtensions.cs
 0.1 kb	 0.0% Packages/com.unity.inputsystem/InputSystem/Editor/Internal/InputActionSerializationHelpers.cs
 0.1 kb	 0.0% Packages/com.unity.inputsystem/InputSystem/Editor/EditorInputControlLayoutCache.cs
 0.1 kb	 0.0% Packages/com.unity.inputsystem/InputSystem/Editor/ControlPicker/Layouts/TouchscreenControlPickerLayout.cs
 0.1 kb	 0.0% Packages/com.unity.inputsystem/InputSystem/Editor/ControlPicker/Layouts/DefaultInputControlPickerLayout.cs
 0.1 kb	 0.0% Packages/com.unity.inputsystem/InputSystem/Editor/Analytics/VirtualMouseInputEditorAnalytic.cs
 0.1 kb	 0.0% Packages/com.unity.inputsystem/InputSystem/Editor/Analytics/PlayerInputManagerEditorAnalytic.cs
 0.1 kb	 0.0% Packages/com.unity.inputsystem/InputSystem/Devices/Commands/QuerySamplingFrequencyCommand.cs
 0.1 kb	 0.0% Packages/com.unity.inputsystem/InputSystem/Devices/Commands/QueryPairedUserAccountCommand.cs
 0.1 kb	 0.0% Packages/com.meta.xr.sdk.voice/Lib/Wit.ai/Scripts/Runtime/Attributes/WitConfigurationAssetRefreshAttribute.cs
 0.1 kb	 0.0% Packages/com.meta.xr.sdk.voice/Features/Dictation/source/Scripts/Runtime/Data/WitDictationRuntimeConfiguration.cs
 0.1 kb	 0.0% Packages/com.meta.xr.sdk.voice/Features/Dictation/source/Scripts/Runtime/Bindings/Android/PlatformDictationSession.cs
 0.1 kb	 0.0% Packages/com.meta.xr.sdk.voice/Features/Dictation/source/Scripts/Runtime/Bindings/Android/PlatformDictationImpl.cs
 0.1 kb	 0.0% Packages/com.meta.xr.sdk.voice/Features/Dictation/source/Scripts/Runtime/Bindings/Android/DictationListenerBinding.cs
 0.1 kb	 0.0% Packages/com.meta.xr.sdk.voice/Features/Composer/Composer/Lib/Wit.ai/Features/composer/Scripts/Runtime/Integrations/WitComposerResponseExtensions.cs
 0.1 kb	 0.0% Packages/com.meta.xr.sdk.interaction/Runtime/UnityXR/Scripts/FromUnityXRHandDataSource.cs
 0.1 kb	 0.0% Packages/com.meta.xr.sdk.interaction/Runtime/Scripts/PoseDetection/TransformRecognizerActiveState.cs
 0.1 kb	 0.0% Packages/com.meta.xr.sdk.interaction/Runtime/Scripts/PoseDetection/TransformFeatureValueProvider.cs
 0.1 kb	 0.0% Packages/com.meta.xr.sdk.interaction/Runtime/Scripts/PoseDetection/TransformFeatureStateThresholds.cs
 0.1 kb	 0.0% Packages/com.meta.xr.sdk.interaction/Runtime/Scripts/PoseDetection/TransformFeatureStateProvider.cs
 0.1 kb	 0.0% Packages/com.meta.xr.sdk.interaction/Runtime/Scripts/PoseDetection/Debug/TransformFeatureDebugVisual.cs
 0.1 kb	 0.0% Packages/com.meta.xr.sdk.interaction/Runtime/Scripts/PoseDetection/Debug/HandShapeSkeletalDebugVisual.cs
 0.1 kb	 0.0% Packages/com.meta.xr.sdk.interaction/Runtime/Scripts/PoseDetection/Debug/ActiveStateNodeUIVertical.cs
 0.1 kb	 0.0% Packages/com.meta.xr.sdk.interaction/Runtime/Scripts/PoseDetection/Debug/ActiveStateNodeUIHorizontal.cs
 0.1 kb	 0.0% Packages/com.meta.xr.sdk.interaction/Runtime/Scripts/Interaction/Models/Ray/Visuals/RayInteractorDebugPolylineGizmos.cs
 0.1 kb	 0.0% Packages/com.meta.xr.sdk.interaction/Runtime/Scripts/Interaction/Models/Locomotion/Visuals/LocomotionGateUnityEventWrapper.cs
 0.1 kb	 0.0% Packages/com.meta.xr.sdk.interaction/Runtime/Scripts/Interaction/Models/Locomotion/Turn/LocomotionTurnerInteractorVisual.cs
 0.1 kb	 0.0% Packages/com.meta.xr.sdk.interaction/Runtime/Scripts/Interaction/Models/Locomotion/Turn/LocomotionAxisTurnerInteractor.cs
 0.1 kb	 0.0% Packages/com.meta.xr.sdk.interaction/Runtime/Scripts/Body/PoseDetection/BodyPoseComparerActiveState.cs
 0.1 kb	 0.0% Packages/com.meta.xr.sdk.interaction/Runtime/Sample/Scripts/Locomotion/LocomotionSettings/LocomotionTurnSliderSetting.cs
 0.1 kb	 0.0% Packages/com.meta.xr.sdk.interaction.ovr/Runtime/Sample/Scripts/PassThrough/MRPassThroughMaterialChanger.cs
 0.1 kb	 0.0% Packages/com.meta.xr.sdk.interaction.ovr/Runtime/Sample/Scripts/PassThrough/MRPassThroughHandVisualize.cs
 0.1 kb	 0.0% Packages/com.meta.xr.sdk.core/Scripts/ImmersiveDebugger/UserInterface/Generic/Controllers/Implementations/OverlayCanvasPanel.cs
 0.1 kb	 0.0% Packages/com.meta.xr.sdk.core/Scripts/BuildingBlocks/MultiplayerBlocks/Shared/Colocation/ColocationPackage/Runtime/NetworkImpl/ShareAndLocalizeParams.cs
 0.1 kb	 0.0% Packages/com.meta.xr.sdk.core/Scripts/BuildingBlocks/MultiplayerBlocks/PhotonFusion/Colocation/Scripts/FusionNetworkData.cs
 0.1 kb	 0.0% Assets/MRTemplateAssets/Prefabs/AR/ARAnchor.prefab
 0.1 kb	 0.0% Packages/com.unity.xr.meta-openxr/Runtime/Features/BoundaryVisibility/BoundaryVisibilityFeature.cs
 0.1 kb	 0.0% Packages/com.unity.xr.legacyinputhelpers/Runtime/ArmModels/TransitionArmModel.cs
 0.1 kb	 0.0% Packages/com.unity.xr.interaction.toolkit/Runtime/Utilities/TeleportationMonitor.cs
 0.1 kb	 0.0% Packages/com.unity.xr.interaction.toolkit/Runtime/Utilities/Locomotion/LocomotionUtility.cs
 0.1 kb	 0.0% Packages/com.unity.xr.interaction.toolkit/Runtime/Utilities/BurstPhysicsUtils.cs
 0.1 kb	 0.0% Packages/com.unity.xr.interaction.toolkit/Runtime/UI/BodyUI/FollowPresetDatum.cs
 0.1 kb	 0.0% Packages/com.unity.xr.interaction.toolkit/Runtime/Interaction/XRInteractionUpdateOrder.cs
 0.1 kb	 0.0% Packages/com.unity.xr.interaction.toolkit/Runtime/Interaction/Layers/InteractionLayerSettings.cs
 0.1 kb	 0.0% Packages/com.unity.xr.interaction.toolkit/Runtime/Interaction/Filtering/Target/Filters/XRBaseTargetFilter.cs
 0.1 kb	 0.0% Packages/com.unity.xr.interaction.toolkit/Runtime/Interaction/Filtering/Target/Evaluators/XRTargetEvaluator.cs
 0.1 kb	 0.0% Packages/com.unity.xr.interaction.toolkit/Runtime/Interaction/Filtering/Target/Evaluators/XRDistanceEvaluator.cs
 0.1 kb	 0.0% Packages/com.unity.xr.interaction.toolkit/Runtime/Interaction/Filtering/Target/Evaluators/XRAngleGazeEvaluator.cs
 0.1 kb	 0.0% Packages/com.unity.xr.interaction.toolkit/Runtime/Interaction/Filtering/Poke/PokeThresholdDatum.cs
 0.1 kb	 0.0% Packages/com.unity.xr.interaction.toolkit/Runtime/Interaction/Filtering/Poke/PokeThresholdData.cs
 0.1 kb	 0.0% Packages/com.unity.xr.interaction.toolkit/Runtime/Interaction/Controllers/XRScreenSpaceController.cs
 0.1 kb	 0.0% Packages/com.unity.xr.interaction.toolkit/Runtime/Interaction/Controllers/XRControllerState.deprecated.cs
 0.1 kb	 0.0% Packages/com.unity.xr.interaction.toolkit/Runtime/Interaction/Controllers/XRControllerRecording.cs
 0.1 kb	 0.0% Packages/com.unity.xr.interaction.toolkit/Runtime/Interaction/Controllers/ActionBasedController.cs
 0.1 kb	 0.0% Packages/com.unity.xr.interaction.toolkit/Runtime/Inputs/Simulation/XRSimulatedHMD.cs
 0.1 kb	 0.0% Packages/com.unity.xr.interaction.toolkit/Runtime/Inputs/InputActionUtility.cs
 0.1 kb	 0.0% Packages/com.unity.xr.interaction.toolkit/Runtime/Inputs/InputActionManager.cs
 0.1 kb	 0.0% Packages/com.unity.xr.interaction.toolkit/Runtime/Inputs/Haptics/HapticsUtility.cs
 0.1 kb	 0.0% Packages/com.unity.xr.interaction.toolkit/Runtime/Feedback/SimpleHapticFeedback.cs
 0.1 kb	 0.0% Packages/com.unity.xr.interaction.toolkit/Runtime/Feedback/SimpleAudioFeedback.cs
 0.1 kb	 0.0% Packages/com.unity.xr.arfoundation/Runtime/Simulation/Subsystems/PointCloud/SimulationPointCloudSubsystem.cs
 0.1 kb	 0.0% Packages/com.unity.xr.arfoundation/Runtime/Simulation/Subsystems/ImageTracking/TrackedImageDiscoveryStrategy.cs
 0.1 kb	 0.0% Packages/com.unity.xr.arfoundation/Runtime/Simulation/Subsystems/ImageTracking/SimulationTrackedImageDiscoverer.cs
 0.1 kb	 0.0% Packages/com.unity.xr.arfoundation/Runtime/Simulation/Subsystems/ImageTracking/SimulationRuntimeImageLibrary.cs
 0.1 kb	 0.0% Packages/com.unity.xr.arfoundation/Runtime/Simulation/Subsystems/ImageTracking/SimulationImageTrackingSubsystem.cs
 0.1 kb	 0.0% Packages/com.unity.xr.arfoundation/Runtime/Simulation/Subsystems/ISimulationSessionResetHandler.cs
 0.1 kb	 0.0% Packages/com.unity.xr.arfoundation/Runtime/Simulation/Subsystems/BoundingBox/SimulationBoundingBoxSubsystem.cs
 0.1 kb	 0.0% Packages/com.unity.xr.arfoundation/Runtime/Simulation/Subsystems/BoundingBox/SimulationBoundingBoxDiscoverer.cs
 0.1 kb	 0.0% Packages/com.unity.xr.arfoundation/Runtime/InternalUtils/XRManagerUtility.cs
 0.1 kb	 0.0% Packages/com.unity.xr.arfoundation/Runtime/InternalUtils/SubsystemUtils.cs
 0.1 kb	 0.0% Packages/com.unity.xr.arfoundation/Runtime/ARSubsystems/OcclusionSubsystem/HumanSegmentationStencilMode.cs
 0.1 kb	 0.0% Packages/com.unity.xr.arfoundation/Runtime/ARSubsystems/OcclusionSubsystem/HumanSegmentationDepthMode.cs
 0.1 kb	 0.0% Packages/com.unity.xr.arfoundation/Runtime/ARFoundation/Deprecated/ARPlanesChangedEventArgs.deprecated.cs
 0.1 kb	 0.0% Packages/com.unity.xr.arfoundation/Runtime/ARFoundation/Deprecated/ARFacesChangedEventArgs.deprecated.cs
 0.1 kb	 0.0% Packages/com.unity.visualscripting/Runtime/VisualScripting.Core/Dependencies/FullSerializer/fsExceptions.cs
 0.1 kb	 0.0% Packages/com.unity.visualscripting/Runtime/VisualScripting.Core/Dependencies/FullSerializer/fsAotCompilationManager.cs
 0.1 kb	 0.0% Packages/com.unity.visualscripting/Runtime/VisualScripting.Core/Dependencies/FullSerializer/Converters/fsWeakReferenceConverter.cs
 0.1 kb	 0.0% Packages/com.unity.visualscripting/Runtime/VisualScripting.Core/Dependencies/FullSerializer/Converters/fsKeyValuePairConverter.cs
 0.1 kb	 0.0% Packages/com.unity.visualscripting/Runtime/VisualScripting.Core/Dependencies/FullSerializer/Converters/fsIEnumerableConverter.cs
 0.1 kb	 0.0% Packages/com.unity.visualscripting/Runtime/VisualScripting.Core/Dependencies/FullSerializer/Converters/fsDictionaryConverter.cs
 0.1 kb	 0.0% Packages/com.unity.visualscripting/Runtime/VisualScripting.Core/Dependencies/FullSerializer/Converters/Unity/Keyframe_DirectConverter.cs
 0.1 kb	 0.0% Packages/com.unity.visualscripting/Runtime/VisualScripting.Core/Dependencies/FullSerializer/Converters/Unity/Gradient_DirectConverter.cs
 0.1 kb	 0.0% Packages/com.unity.visualscripting/Runtime/VisualScripting.Core/Dependencies/FullSerializer/Converters/Unity/GUIStyle_DirectConverter.cs
 0.1 kb	 0.0% Packages/com.unity.visualscripting/Runtime/VisualScripting.Core/Dependencies/FullSerializer/Converters/Unity/Bounds_DirectConverter.cs
 0.1 kb	 0.0% Packages/com.unity.rendering.light-transport/Runtime/UnifiedRayTracing/Compute/RadeonRays/HlbvhTopLevelBuilder.cs
 0.1 kb	 0.0% Packages/com.unity.rendering.light-transport/Runtime/UnifiedRayTracing/Common/Utilities/GraphicsHelpers.cs
 0.1 kb	 0.0% Packages/com.unity.rendering.light-transport/Runtime/UnifiedRayTracing/Common/Utilities/BlockAllocator.cs
 0.1 kb	 0.0% Packages/com.unity.rendering.light-transport/Runtime/UnifiedRayTracing/Common/Utilities/BackendHelpers.cs
 0.1 kb	 0.0% Packages/com.unity.rendering.light-transport/Runtime/UnifiedRayTracing/Common/TerrainToMesh.cs
 0.1 kb	 0.0% Packages/com.unity.rendering.light-transport/Runtime/Sampling/SamplingResources.cs
 0.1 kb	 0.0% Packages/com.unity.render-pipelines.universal/Runtime/XR/XRSystemUniversal.cs
 0.1 kb	 0.0% Packages/com.unity.render-pipelines.universal/Runtime/UniversalRenderer.cs
 0.1 kb	 0.0% Packages/com.unity.render-pipelines.universal/Runtime/SpaceFillingCurves.cs
 0.1 kb	 0.0% Packages/com.unity.render-pipelines.universal/Runtime/Settings/RenderGraphSettings.cs
 0.1 kb	 0.0% Packages/com.unity.render-pipelines.universal/Runtime/ScriptableRenderer.cs
 0.1 kb	 0.0% Packages/com.unity.render-pipelines.universal/Runtime/SceneViewDrawMode.cs
 0.1 kb	 0.0% Packages/com.unity.render-pipelines.universal/Runtime/RenderingLayerUtils.cs
 0.1 kb	 0.0% Packages/com.unity.render-pipelines.universal/Runtime/RendererFeatures/ScreenSpaceShadows.cs
 0.1 kb	 0.0% Packages/com.unity.render-pipelines.universal/Runtime/RendererFeatures/DecalRendererFeature.cs
 0.1 kb	 0.0% Packages/com.unity.render-pipelines.universal/Runtime/RenderTargetHandle.cs
 0.1 kb	 0.0% Packages/com.unity.render-pipelines.universal/Runtime/RenderPipelineResources/Renderer2DResources.cs
 0.1 kb	 0.0% Packages/com.unity.render-pipelines.universal/Runtime/PostProcessPasses.cs
 0.1 kb	 0.0% Packages/com.unity.render-pipelines.universal/Runtime/Passes/XROcclusionMeshPass.cs
 0.1 kb	 0.0% Packages/com.unity.render-pipelines.universal/Runtime/Passes/XRDepthMotionPass.cs
 0.1 kb	 0.0% Packages/com.unity.render-pipelines.universal/Runtime/Passes/ScriptableRenderPass.cs
 0.1 kb	 0.0% Packages/com.unity.render-pipelines.universal/Runtime/Passes/RenderObjectsPass.cs
 0.1 kb	 0.0% Packages/com.unity.render-pipelines.universal/Runtime/Passes/ProbeVolumeDebugPass.cs
 0.1 kb	 0.0% Packages/com.unity.render-pipelines.universal/Runtime/Passes/FinalBlitPass.cs
 0.1 kb	 0.0% Packages/com.unity.render-pipelines.universal/Runtime/Passes/DrawObjectsPass.cs
 0.1 kb	 0.0% Packages/com.unity.render-pipelines.universal/Runtime/Passes/DepthOnlyPass.cs
 0.1 kb	 0.0% Packages/com.unity.render-pipelines.universal/Runtime/Passes/CopyDepthPass.cs
 0.1 kb	 0.0% Packages/com.unity.render-pipelines.universal/Runtime/Passes/CopyColorPass.cs
 0.1 kb	 0.0% Packages/com.unity.render-pipelines.universal/Runtime/Overrides/ScreenSpaceLensFlare.cs
 0.1 kb	 0.0% Packages/com.unity.render-pipelines.universal/Runtime/Overrides/ChromaticAberration.cs
 0.1 kb	 0.0% Packages/com.unity.render-pipelines.universal/Runtime/LightCookieManager.cs
 0.1 kb	 0.0% Packages/com.unity.render-pipelines.universal/Runtime/History/SingleHistoryBase.cs
 0.1 kb	 0.0% Packages/com.unity.render-pipelines.universal/Runtime/FrameData/UniversalShadowData.cs
 0.1 kb	 0.0% Packages/com.unity.render-pipelines.universal/Runtime/FrameData/UniversalLightData.cs
 0.1 kb	 0.0% Packages/com.unity.render-pipelines.universal/Runtime/FrameData/UniversalCameraData.cs
 0.1 kb	 0.0% Packages/com.unity.render-pipelines.universal/Runtime/ForwardRendererData.cs
 0.1 kb	 0.0% Packages/com.unity.render-pipelines.universal/Runtime/ForwardLights.cs
 0.1 kb	 0.0% Packages/com.unity.render-pipelines.universal/Runtime/DeferredLights.cs
 0.1 kb	 0.0% Packages/com.unity.render-pipelines.universal/Runtime/Decal/Entities/DecalEntityManager.cs
 0.1 kb	 0.0% Packages/com.unity.render-pipelines.universal/Runtime/Decal/DecalShaderPassNames.cs
 0.1 kb	 0.0% Packages/com.unity.render-pipelines.universal/Runtime/Decal/DBuffer/DBufferRenderPass.cs
 0.1 kb	 0.0% Packages/com.unity.render-pipelines.universal/Runtime/Decal/DBuffer/DBufferDepthCopyPass.cs
 0.1 kb	 0.0% Packages/com.unity.render-pipelines.universal/Runtime/2D/Rendergraph/Renderer2DRendergraph.cs
 0.1 kb	 0.0% Packages/com.unity.render-pipelines.core/Runtime/RenderGraph/RenderGraphResources.cs
 0.1 kb	 0.0% Packages/com.unity.render-pipelines.core/Runtime/RenderGraph/RenderGraph.DebugData.cs
 0.1 kb	 0.0% Packages/com.unity.render-pipelines.core/Runtime/Lighting/ProbeVolume/ProbeReferenceVolume.Streaming.cs
 0.1 kb	 0.0% Packages/com.unity.render-pipelines.core/Runtime/Lighting/ProbeVolume/ProbeReferenceVolume.Debug.cs
 0.1 kb	 0.0% Packages/com.unity.render-pipelines.core/Runtime/GPUDriven/Utilities/ParallelSortExtensions.cs
 0.1 kb	 0.0% Packages/com.unity.render-pipelines.core/Runtime/GPUDriven/RenderersBatchersContext.cs
 0.1 kb	 0.0% Packages/com.unity.render-pipelines.core/Runtime/GPUDriven/OcclusionCullingCommon.cs
 0.1 kb	 0.0% Packages/com.unity.render-pipelines.core/Runtime/GPUDriven/LODGroupRenderingUtils.cs
 0.1 kb	 0.0% Packages/com.unity.render-pipelines.core/Runtime/GPUDriven/InstanceData/GPUInstanceDataBuffer.cs
 0.1 kb	 0.0% Packages/com.unity.render-pipelines.core/Runtime/GPUDriven/InstanceCullingBatcher.cs
 0.1 kb	 0.0% Packages/com.unity.render-pipelines.core/Runtime/GPUDriven/GPUResidentDrawerDebug.cs
 0.1 kb	 0.0% Packages/com.unity.render-pipelines.core/Runtime/GPUDriven/GPUResidentDrawer.Validator.cs
 0.1 kb	 0.0% Packages/com.unity.render-pipelines.core/Runtime/GPUDriven/GPUResidentBatcher.SpeedTree.cs
 0.1 kb	 0.0% Packages/com.unity.render-pipelines.core/Runtime/GPUDriven/Components/DisallowSmallMeshCulling.cs
 0.1 kb	 0.0% Packages/com.unity.multiplayer.center/Common/SelectedSolutionsData.cs
 0.1 kb	 0.0% Packages/com.unity.inputsystem/InputSystem/Utilities/DisplayStringFormatAttribute.cs
 0.1 kb	 0.0% Packages/com.unity.inputsystem/InputSystem/Plugins/XR/Haptics/SendBufferedHapticsCommand.cs
 0.1 kb	 0.0% Packages/com.unity.inputsystem/InputSystem/Plugins/XR/Haptics/GetHapticCapabilitiesCommand.cs
 0.1 kb	 0.0% Packages/com.unity.inputsystem/InputSystem/Plugins/XR/Haptics/GetCurrentHapticStateCommand.cs
 0.1 kb	 0.0% Packages/com.unity.inputsystem/InputSystem/Plugins/UI/ExtendedSubmitCancelEventData.cs
 0.1 kb	 0.0% Packages/com.unity.inputsystem/InputSystem/Plugins/Android/AndroidGameController.cs
 0.1 kb	 0.0% Packages/com.unity.inputsystem/InputSystem/Controls/Processors/NormalizeVector3Processor.cs
 0.1 kb	 0.0% Packages/com.unity.inputsystem/InputSystem/Controls/Processors/NormalizeVector2Processor.cs
 0.1 kb	 0.0% Packages/com.unity.inputsystem/InputSystem/Controls/Processors/EditorWindowSpaceProcessor.cs
 0.1 kb	 0.0% Packages/com.unity.inputsystem/InputSystem/Controls/Processors/CompensateRotationProcessor.cs
 0.1 kb	 0.0% Packages/com.unity.inputsystem/InputSystem/Controls/Processors/CompensateDirectionProcessor.cs
 0.1 kb	 0.0% Packages/com.unity.collections/Unity.Collections/UnsafeParallelHashSetExtensions.gen.cs
 0.1 kb	 0.0% Packages/com.unity.collections/Unity.Collections/UnsafeParallelHashMap.cs
 0.1 kb	 0.0% Packages/com.meta.xr.sdk.voice/Lib/Wit.ai/Scripts/Runtime/Net/WebSockets/Requests/WitWebSocketTranscribeRequest.cs
 0.1 kb	 0.0% Packages/com.meta.xr.sdk.voice/Lib/Wit.ai/Scripts/Runtime/Net/WebSockets/Requests/WitWebSocketSubscriptionRequest.cs
 0.1 kb	 0.0% Packages/com.meta.xr.sdk.voice/Features/Dictation/source/Scripts/Runtime/API/Configuration/DictationConfiguration.cs
 0.1 kb	 0.0% Packages/com.meta.xr.sdk.platform/Scripts/Models/NetSyncSessionsChangedNotification.cs
 0.1 kb	 0.0% Packages/com.meta.xr.sdk.interaction/Runtime/Scripts/Utils/MonoBehaviourEndOfFrameExtensions.cs
 0.1 kb	 0.0% Packages/com.meta.xr.sdk.interaction/Runtime/Scripts/Input/TransformTrackingToWorldTransformer.cs
 0.1 kb	 0.0% Packages/com.meta.xr.sdk.interaction/Runtime/Scripts/DistanceGrab/Visuals/DistantInteractionTubeVisual.cs
 0.1 kb	 0.0% Packages/com.meta.xr.sdk.interaction/Runtime/Scripts/DistanceGrab/Visuals/DistantInteractionLineVisual.cs
 0.1 kb	 0.0% Packages/com.meta.xr.sdk.interaction/Runtime/Sample/Scripts/Locomotion/LocomotionTutorialTurnVisual.cs
 0.1 kb	 0.0% Packages/com.meta.xr.sdk.interaction/Runtime/Sample/Scripts/HandGrabRecord/HandGrabPoseLiveRecorder.cs
 0.1 kb	 0.0% Packages/com.meta.xr.sdk.interaction/Runtime/Sample/Scripts/ComprehensiveRigExampleUI/AnimatorOverrideLayerWeigth.cs
 0.1 kb	 0.0% Packages/com.meta.xr.sdk.interaction/Runtime/Sample/Scripts/CanvasConstantWidthScaler.cs
 0.1 kb	 0.0% Packages/com.meta.xr.sdk.interaction.ovr/Runtime/Scripts/Input/TrackingToWorldTransformerOVR.cs
 0.1 kb	 0.0% Packages/com.meta.xr.sdk.interaction.ovr/Runtime/Scripts/Input/OVRControllerInHandActiveState.cs
 0.1 kb	 0.0% Packages/com.meta.xr.sdk.core/Scripts/ImmersiveDebugger/Interface/CustomIntegrationConfig.cs
 0.1 kb	 0.0% Packages/com.meta.xr.sdk.core/Scripts/BuildingBlocks/Variants/InstallationRoutineCheckpoint.cs
 0.1 kb	 0.0% Packages/com.meta.xr.sdk.core/Scripts/BuildingBlocks/SpatialAnchorManagerBlockScripts/SpatialAnchorCoreBuildingBlock.cs
 0.1 kb	 0.0% Packages/com.meta.xr.sdk.core/Scripts/BuildingBlocks/SampleSpatialAnchorControllerScripts/SpatialAnchorLoaderBuildingBlock.cs
 0.1 kb	 0.0% Packages/com.meta.xr.sdk.core/Scripts/BuildingBlocks/MultiplayerBlocks/Shared/CustomMatchmaking/CustomMatchmakingUtils.cs
 0.1 kb	 0.0% Packages/com.meta.xr.sdk.core/Scripts/BuildingBlocks/MultiplayerBlocks/Shared/Colocation/Scripts/NetworkBootstrapperUtils.cs
 0.1 kb	 0.0% Packages/com.meta.xr.sdk.core/Scripts/BuildingBlocks/MultiplayerBlocks/PhotonFusion/NetworkedGrabbableObject/Scripts/TransferOwnershipFusion.cs
 0.1 kb	 0.0% Packages/com.meta.xr.sdk.core/Scripts/BuildingBlocks/MultiplayerBlocks/PhotonFusion/NetworkedAvatar/Scripts/AvatarBehaviourFusion.cs
 0.1 kb	 0.0% Packages/com.meta.xr.sdk.core/Scripts/BuildingBlocks/MultiplayerBlocks/PhotonFusion/CustomMatchmaking/CustomMatchmakingFusion.cs
 0.1 kb	 0.0% Packages/com.meta.xr.mrutilitykit/Core/Scripts/SceneDecorator/Modifier/DontDestroyOnLoadModifier.cs
 0.1 kb	 0.0% Packages/com.meta.xr.mrutilitykit/Core/Scripts/SceneDecorator/Masks/AnchorComponentDistanceMask.cs
 0.1 kb	 0.0% Assets/XR/XRGeneralSettingsPerBuildTarget.asset
 0.1 kb	 0.0% Assets/Photon/Fusion/Resources/PhotonAppSettings.asset
 0.1 kb	 0.0% Assets/ERL/Scripts/M2Mqtt/Exceptions/MqttCommunicationException.cs
 0.1 kb	 0.0% Packages/com.unity.xr.openxr/Runtime/Features/Interactions/MicrosoftHandInteraction.cs
 0.1 kb	 0.0% Packages/com.unity.xr.openxr/Runtime/Features/Interactions/HandInteractionProfile.cs
 0.1 kb	 0.0% Packages/com.unity.xr.openxr/Runtime/Features/Interactions/HTCViveControllerProfile.cs
 0.1 kb	 0.0% Packages/com.unity.xr.interaction.toolkit/Runtime/Utilities/Collections/NativeCurve.cs
 0.1 kb	 0.0% Packages/com.unity.xr.interaction.toolkit/Runtime/UI/XRUIToolkitManager.cs
 0.1 kb	 0.0% Packages/com.unity.xr.interaction.toolkit/Runtime/UI/XRUIToolkitHandler.cs
 0.1 kb	 0.0% Packages/com.unity.xr.interaction.toolkit/Runtime/UI/TrackedDeviceModel.cs
 0.1 kb	 0.0% Packages/com.unity.xr.interaction.toolkit/Runtime/Locomotion/XRMovableBody.cs
 0.1 kb	 0.0% Packages/com.unity.xr.interaction.toolkit/Runtime/Interaction/XRInteractionEvents.cs
 0.1 kb	 0.0% Packages/com.unity.xr.interaction.toolkit/Runtime/Interaction/Transformers/ARTransformer.cs
 0.1 kb	 0.0% Packages/com.unity.xr.interaction.toolkit/Runtime/Interaction/Interactors/XRRayInteractor.cs
 0.1 kb	 0.0% Packages/com.unity.xr.interaction.toolkit/Runtime/Interaction/Interactors/XRPokeInteractor.cs
 0.1 kb	 0.0% Packages/com.unity.xr.interaction.toolkit/Runtime/Interaction/Interactors/XRGazeInteractor.cs
 0.1 kb	 0.0% Packages/com.unity.xr.interaction.toolkit/Runtime/Interaction/Interactors/XRBaseInteractor.cs
 0.1 kb	 0.0% Packages/com.unity.xr.interaction.toolkit/Runtime/Interaction/Interactors/IXRRayProvider.cs
 0.1 kb	 0.0% Packages/com.unity.xr.interaction.toolkit/Runtime/Interaction/Interactors/IXRInteractor.cs
 0.1 kb	 0.0% Packages/com.unity.xr.interaction.toolkit/Runtime/Interaction/Interactors/IXRGroupMember.cs
 0.1 kb	 0.0% Packages/com.unity.xr.interaction.toolkit/Runtime/Interaction/Interactables/IXRInteractable.cs
 0.1 kb	 0.0% Packages/com.unity.xr.interaction.toolkit/Runtime/Interaction/Controllers/InteractionState.deprecated.cs
 0.1 kb	 0.0% Packages/com.unity.xr.interaction.toolkit/Runtime/AR/Gestures/TwoFingerDragGesture.cs
 0.1 kb	 0.0% Packages/com.unity.xr.interaction.toolkit/Runtime/AR/Gestures/TapGestureRecognizer.cs
 0.1 kb	 0.0% Packages/com.unity.xr.hands/Runtime/XRHandSubsystemProvider.cs
 0.1 kb	 0.0% Packages/com.unity.xr.hands/Runtime/XRHandProviderUtility.cs
 0.1 kb	 0.0% Packages/com.unity.xr.core-utils/Runtime/CapabilityProfile/Dictionary/CustomCapabilityKeyAttribute.cs
 0.1 kb	 0.0% Packages/com.unity.xr.arfoundation/Runtime/VisualScripting/Units/GetFacesUnit.cs
 0.1 kb	 0.0% Packages/com.unity.xr.arfoundation/Runtime/VisualScripting/Constants.cs
 0.1 kb	 0.0% Packages/com.unity.xr.arfoundation/Runtime/ARSubsystems/SessionSubsystem/XRSessionSubsystemDescriptor.cs
 0.1 kb	 0.0% Packages/com.unity.xr.arfoundation/Runtime/ARSubsystems/RaycastSubsystem/XRRaycastSubsystemDescriptor.cs
 0.1 kb	 0.0% Packages/com.unity.xr.arfoundation/Runtime/ARSubsystems/PlaneTracking/XRPlaneSubsystemDescriptor.cs
 0.1 kb	 0.0% Packages/com.unity.xr.arfoundation/Runtime/ARSubsystems/ObjectTrackingSubsystem/XRObjectTrackingSubsystem.cs
 0.1 kb	 0.0% Packages/com.unity.xr.arfoundation/Runtime/ARSubsystems/ImageTrackingSubsystem/RuntimeReferenceImageLibrary.cs
 0.1 kb	 0.0% Packages/com.unity.xr.arfoundation/Runtime/ARSubsystems/ImageTrackingSubsystem/AddReferenceImageJobState.cs
 0.1 kb	 0.0% Packages/com.unity.xr.arfoundation/Runtime/ARSubsystems/FaceSubsystem/XRFaceSubsystemDescriptor.cs
 0.1 kb	 0.0% Packages/com.unity.xr.arfoundation/Runtime/ARSubsystems/EnvironmentProbeSubsystem/XREnvironmentProbeSubsystem.cs
 0.1 kb	 0.0% Packages/com.unity.xr.arfoundation/Runtime/ARSubsystems/Configuration/DefaultConfigurationChooser.cs
 0.1 kb	 0.0% Packages/com.unity.xr.arfoundation/Runtime/ARSubsystems/CameraSubsystem/XRCameraSubsystemDescriptor.cs
 0.1 kb	 0.0% Packages/com.unity.xr.arfoundation/Runtime/ARSubsystems/AnchorSubsystem/XRAnchorSubsystemDescriptor.cs
 0.1 kb	 0.0% Packages/com.unity.xr.arfoundation/Runtime/ARFoundation/Textures/UpdatableRenderTextureRef.cs
 0.1 kb	 0.0% Packages/com.unity.xr.arfoundation/Runtime/ARFoundation/Textures/FixedLengthSwapchainStrategy.cs
 0.1 kb	 0.0% Packages/com.unity.xr.arfoundation/Runtime/ARFoundation/Occlusion/SoftOcclusionPreprocessor.cs
 0.1 kb	 0.0% Packages/com.unity.xr.arfoundation/Runtime/ARFoundation/Occlusion/AROcclusionFrameEventArgs.cs
 0.1 kb	 0.0% Packages/com.unity.xr.arfoundation/Runtime/ARFoundation/Deprecated/ARPlaneMeshGenerators.deprecated.cs
 0.1 kb	 0.0% Packages/com.unity.xr.arfoundation/Runtime/ARFoundation/ARRaycastUpdatedEventArgs.cs
 0.1 kb	 0.0% Packages/com.unity.xr.arfoundation/Runtime/ARFoundation/ARPointCloudUpdatedEventArgs.cs
 0.1 kb	 0.0% Packages/com.unity.xr.arfoundation/Runtime/ARFoundation/ARPointCloudMeshVisualizer.cs
 0.1 kb	 0.0% Packages/com.unity.xr.arfoundation/Runtime/ARFoundation/AREnvironmentProbeManager.cs
 0.1 kb	 0.0% Packages/com.unity.xr.arfoundation/Runtime/ARFoundation/ARBackgroundRendererFeature.cs
 0.1 kb	 0.0% Packages/com.unity.visualscripting/Runtime/VisualScripting.State/IStateTransitionDebugData.cs
 0.1 kb	 0.0% Packages/com.unity.visualscripting/Runtime/VisualScripting.Flow/Ports/IUnitOutputPortDefinition.cs
 0.1 kb	 0.0% Packages/com.unity.visualscripting/Runtime/VisualScripting.Flow/Ports/IUnitControlPortDefinition.cs
 0.1 kb	 0.0% Packages/com.unity.visualscripting/Runtime/VisualScripting.Flow/Framework/Variables/Obsolete/IsApplicationVariableDefined.cs
 0.1 kb	 0.0% Packages/com.unity.visualscripting/Runtime/VisualScripting.Flow/Framework/Events/Hierarchy/OnTransformChildrenChanged.cs
 0.1 kb	 0.0% Packages/com.unity.visualscripting/Runtime/VisualScripting.Flow/Dependencies/NCalc/TernaryExpression.cs
 0.1 kb	 0.0% Packages/com.unity.visualscripting/Runtime/VisualScripting.Flow/Dependencies/NCalc/SerializationVisitor.cs
 0.1 kb	 0.0% Packages/com.unity.visualscripting/Runtime/VisualScripting.Flow/Dependencies/NCalc/LogicalExpression.cs
 0.1 kb	 0.0% Packages/com.unity.visualscripting/Runtime/VisualScripting.Flow/Dependencies/NCalc/IdentifierExpression.cs
 0.1 kb	 0.0% Packages/com.unity.visualscripting/Runtime/VisualScripting.Flow/Dependencies/NCalc/FunctionExpression.cs
 0.1 kb	 0.0% Packages/com.unity.visualscripting/Runtime/VisualScripting.Flow/Dependencies/NCalc/EvaluationVisitor.cs
 0.1 kb	 0.0% Packages/com.unity.visualscripting/Runtime/VisualScripting.Flow/Dependencies/NCalc/EvaluationException.cs
 0.1 kb	 0.0% Packages/com.unity.visualscripting/Runtime/VisualScripting.Core/Variables/VariableDeclarationsCloner.cs
 0.1 kb	 0.0% Packages/com.unity.visualscripting/Runtime/VisualScripting.Core/Utilities/ReferenceEqualityComparer.cs
 0.1 kb	 0.0% Packages/com.unity.visualscripting/Runtime/VisualScripting.Core/Unity/UnityObjectOwnershipUtility.cs
 0.1 kb	 0.0% Packages/com.unity.visualscripting/Runtime/VisualScripting.Core/Unity/RequiresUnityAPIAttribute.cs
 0.1 kb	 0.0% Packages/com.unity.visualscripting/Runtime/VisualScripting.Core/SerializedProperties/ISerializedPropertyProvider.cs
 0.1 kb	 0.0% Packages/com.unity.visualscripting/Runtime/VisualScripting.Core/Serialization/Converters/LooseAssemblyNameConverter.cs
 0.1 kb	 0.0% Packages/com.unity.visualscripting/Runtime/VisualScripting.Core/Reflection/RenamedNamespaceAttribute.cs
 0.1 kb	 0.0% Packages/com.unity.visualscripting/Runtime/VisualScripting.Core/Reflection/Optimization/ReflectionPropertyAccessor.cs
 0.1 kb	 0.0% Packages/com.unity.visualscripting/Runtime/VisualScripting.Core/Reflection/Operators/GreaterThanOrEqualHandler.cs
 0.1 kb	 0.0% Packages/com.unity.visualscripting/Runtime/VisualScripting.Core/Reflection/Operators/AmbiguousOperatorException.cs
 0.1 kb	 0.0% Packages/com.unity.visualscripting/Runtime/VisualScripting.Core/Profiling/ProfiledSegmentCollection.cs
 0.1 kb	 0.0% Packages/com.unity.visualscripting/Runtime/VisualScripting.Core/Listeners/UIInterfaces/UnityOnSubmitMessageListener.cs
 0.1 kb	 0.0% Packages/com.unity.visualscripting/Runtime/VisualScripting.Core/Listeners/UIInterfaces/UnityOnSelectMessageListener.cs
 0.1 kb	 0.0% Packages/com.unity.visualscripting/Runtime/VisualScripting.Core/Listeners/UIInterfaces/UnityOnScrollMessageListener.cs
 0.1 kb	 0.0% Packages/com.unity.visualscripting/Runtime/VisualScripting.Core/Listeners/UIInterfaces/UnityOnMoveMessageListener.cs
 0.1 kb	 0.0% Packages/com.unity.visualscripting/Runtime/VisualScripting.Core/Listeners/UIInterfaces/UnityOnDropMessageListener.cs
 0.1 kb	 0.0% Packages/com.unity.visualscripting/Runtime/VisualScripting.Core/Listeners/UIInterfaces/UnityOnDragMessageListener.cs
 0.1 kb	 0.0% Packages/com.unity.visualscripting/Runtime/VisualScripting.Core/Listeners/UIInterfaces/UnityOnCancelMessageListener.cs
 0.1 kb	 0.0% Packages/com.unity.visualscripting/Runtime/VisualScripting.Core/Graphs/MergedGraphElementCollection.cs
 0.1 kb	 0.0% Packages/com.unity.visualscripting/Runtime/VisualScripting.Core/Graphs/IGraphElementWithDebugData.cs
 0.1 kb	 0.0% Packages/com.unity.visualscripting/Runtime/VisualScripting.Core/Exceptions/InvalidConversionException.cs
 0.1 kb	 0.0% Packages/com.unity.visualscripting/Runtime/VisualScripting.Core/EditorBinding/WarnBeforeRemovingAttribute.cs
 0.1 kb	 0.0% Packages/com.unity.visualscripting/Runtime/VisualScripting.Core/EditorBinding/WarnBeforeEditingAttribute.cs
 0.1 kb	 0.0% Packages/com.unity.visualscripting/Runtime/VisualScripting.Core/EditorBinding/TypeIconPriorityAttribute.cs
 0.1 kb	 0.0% Packages/com.unity.visualscripting/Runtime/VisualScripting.Core/EditorBinding/Inspector/InspectorToggleLeftAttribute.cs
 0.1 kb	 0.0% Packages/com.unity.visualscripting/Runtime/VisualScripting.Core/EditorBinding/Inspector/InspectorTextAreaAttribute.cs
 0.1 kb	 0.0% Packages/com.unity.visualscripting/Runtime/VisualScripting.Core/EditorBinding/Inspector/InspectorDelayedAttribute.cs
 0.1 kb	 0.0% Packages/com.unity.visualscripting/Runtime/VisualScripting.Core/EditorBinding/IncludeInSettingsAttribute.cs
 0.1 kb	 0.0% Packages/com.unity.visualscripting/Runtime/VisualScripting.Core/EditorBinding/DisableAnnotationAttribute.cs
 0.1 kb	 0.0% Packages/com.unity.visualscripting/Runtime/VisualScripting.Core/Dependencies/FullSerializer/Internal/fsVersionedType.cs
 0.1 kb	 0.0% Packages/com.unity.visualscripting/Runtime/VisualScripting.Core/Dependencies/FullSerializer/Internal/fsVersionManager.cs
 0.1 kb	 0.0% Packages/com.unity.visualscripting/Runtime/VisualScripting.Core/Dependencies/FullSerializer/Internal/fsTypeExtensions.cs
 0.1 kb	 0.0% Packages/com.unity.visualscripting/Runtime/VisualScripting.Core/Connections/InvalidConnectionException.cs
 0.1 kb	 0.0% Packages/com.unity.render-pipelines.universal/Runtime/RTHandleUtils.cs
 0.1 kb	 0.0% Packages/com.unity.render-pipelines.universal/Runtime/NativeRenderPass.cs
 0.1 kb	 0.0% Packages/com.unity.render-pipelines.universal/Runtime/2D/UTess2D/Tessellator.cs
 0.1 kb	 0.0% Packages/com.unity.render-pipelines.universal/Runtime/2D/UTess2D/PlanarGraph.cs
 0.1 kb	 0.0% Packages/com.unity.render-pipelines.universal/Runtime/2D/Shadows/ShadowRendering.cs
 0.1 kb	 0.0% Packages/com.unity.render-pipelines.universal/Runtime/2D/Shadows/ShadowProvider/ShadowUtility.cs
 0.1 kb	 0.0% Packages/com.unity.render-pipelines.universal/Runtime/2D/Shadows/ShadowProvider/ShadowShape2D.cs
 0.1 kb	 0.0% Packages/com.unity.render-pipelines.universal/Runtime/2D/Shadows/ShadowProvider/EdgeDictionary.cs
 0.1 kb	 0.0% Packages/com.unity.render-pipelines.universal/Runtime/2D/Shadows/ShadowCaster2D.cs
 0.1 kb	 0.0% Packages/com.unity.render-pipelines.universal/Runtime/2D/Rendergraph/DrawShadow2DPass.cs
 0.1 kb	 0.0% Packages/com.unity.render-pipelines.universal/Runtime/2D/Rendergraph/DrawNormal2DPass.cs
 0.1 kb	 0.0% Packages/com.unity.render-pipelines.universal/Runtime/2D/Rendergraph/DrawLight2DPass.cs
 0.1 kb	 0.0% Packages/com.unity.render-pipelines.universal/Runtime/2D/Renderer2DData.cs
 0.1 kb	 0.0% Packages/com.unity.render-pipelines.universal/Runtime/2D/Passes/Utility/RendererLighting.cs
 0.1 kb	 0.0% Packages/com.unity.render-pipelines.universal/Runtime/2D/Passes/IRenderPass2D.cs
 0.1 kb	 0.0% Packages/com.unity.render-pipelines.universal/Runtime/2D/Light2DManager.cs
 0.1 kb	 0.0% Packages/com.unity.render-pipelines.universal-config/Runtime/ShaderConfig.cs
 0.1 kb	 0.0% Packages/com.unity.render-pipelines.core/Runtime/XR/XRGraphicsAutomatedTests.cs
 0.1 kb	 0.0% Packages/com.unity.render-pipelines.core/Runtime/Textures/PowerOfTwoTextureAtlas.cs
 0.1 kb	 0.0% Packages/com.unity.render-pipelines.core/Runtime/Textures/BufferedRTHandleSystem.cs
 0.1 kb	 0.0% Packages/com.unity.render-pipelines.core/Runtime/Settings/ShaderStrippingSetting.cs
 0.1 kb	 0.0% Packages/com.unity.render-pipelines.core/Runtime/Settings/LightmapSamplingSettings.cs
 0.1 kb	 0.0% Packages/com.unity.render-pipelines.core/Runtime/RenderPipeline/RenderPipelineResources.cs
 0.1 kb	 0.0% Packages/com.unity.render-pipelines.core/Runtime/RenderGraph/RenderGraphPass.cs
 0.1 kb	 0.0% Packages/com.unity.render-pipelines.core/Runtime/RenderGraph/RenderGraph.Compiler.cs
 0.1 kb	 0.0% Packages/com.unity.render-pipelines.core/Runtime/PostProcessing/LensFlareComponentSRP.cs
 0.1 kb	 0.0% Packages/com.unity.render-pipelines.core/Runtime/PostProcessing/IPostProcessComponent.cs
 0.1 kb	 0.0% Packages/com.unity.render-pipelines.core/Runtime/Lighting/ProbeVolume/ProbeVolumePositioning.cs
 0.1 kb	 0.0% Packages/com.unity.render-pipelines.core/Runtime/Lighting/ProbeVolume/ProbeVolumePerSceneData.cs
 0.1 kb	 0.0% Packages/com.unity.render-pipelines.core/Runtime/Lighting/ProbeVolume/ProbeReferenceVolume.Binding.cs
 0.1 kb	 0.0% Packages/com.unity.render-pipelines.core/Runtime/Lighting/ProbeVolume/ProbeAdjustmentVolume.cs
 0.1 kb	 0.0% Packages/com.unity.render-pipelines.core/Runtime/GPUDriven/InstanceOcclusionCuller.cs
 0.1 kb	 0.0% Packages/com.unity.render-pipelines.core/Runtime/GPUDriven/InstanceData/InstanceDataSystem.Jobs.cs
 0.1 kb	 0.0% Packages/com.unity.render-pipelines.core/Runtime/Debugging/ShaderDebugPrintManager.cs
 0.1 kb	 0.0% Packages/com.unity.render-pipelines.core/Runtime/Debugging/Prefabs/Scripts/DebugUIHandlerVector4.cs
 0.1 kb	 0.0% Packages/com.unity.render-pipelines.core/Runtime/Debugging/Prefabs/Scripts/DebugUIHandlerVector3.cs
 0.1 kb	 0.0% Packages/com.unity.render-pipelines.core/Runtime/Debugging/Prefabs/Scripts/DebugUIHandlerVector2.cs
 0.1 kb	 0.0% Packages/com.unity.render-pipelines.core/Runtime/Debugging/Prefabs/Scripts/DebugUIHandlerValueTuple.cs
 0.1 kb	 0.0% Packages/com.unity.render-pipelines.core/Runtime/Debugging/Prefabs/Scripts/DebugUIHandlerUIntField.cs
 0.1 kb	 0.0% Packages/com.unity.render-pipelines.core/Runtime/Debugging/Prefabs/Scripts/DebugUIHandlerObjectList.cs
 0.1 kb	 0.0% Packages/com.unity.render-pipelines.core/Runtime/Debugging/Prefabs/Scripts/DebugUIHandlerMessageBox.cs
 0.1 kb	 0.0% Packages/com.unity.render-pipelines.core/Runtime/Debugging/Prefabs/Scripts/DebugUIHandlerIntField.cs
 0.1 kb	 0.0% Packages/com.unity.render-pipelines.core/Runtime/Debugging/Prefabs/Scripts/DebugUIHandlerFoldout.cs
 0.1 kb	 0.0% Packages/com.unity.render-pipelines.core/Runtime/Debugging/Prefabs/Scripts/DebugUIHandlerFloatField.cs
 0.1 kb	 0.0% Packages/com.unity.render-pipelines.core/Runtime/Debugging/Prefabs/Scripts/DebugUIHandlerEnumField.cs
 0.1 kb	 0.0% Packages/com.unity.render-pipelines.core/Runtime/Debugging/Prefabs/Scripts/DebugUIHandlerContainer.cs
 0.1 kb	 0.0% Packages/com.unity.render-pipelines.core/Runtime/Debugging/Prefabs/Scripts/DebugUIHandlerBitField.cs
 0.1 kb	 0.0% Packages/com.unity.render-pipelines.core/Runtime/Debugging/IDebugDisplaySettings.cs
 0.1 kb	 0.0% Packages/com.unity.render-pipelines.core/Runtime/Debugging/DebugDisplaySettingsUI.cs
 0.1 kb	 0.0% Packages/com.unity.render-pipelines.core/Runtime/Common/RemoveRange.Extensions.cs
 0.1 kb	 0.0% Packages/com.unity.render-pipelines.core/Runtime/Common/DynamicResolutionHandler.cs
 0.1 kb	 0.0% Packages/com.unity.render-pipelines.core/Runtime/CommandBuffers/IComputeCommandBuffer.cs
 0.1 kb	 0.0% Packages/com.unity.render-pipelines.core/Runtime/Camera/CameraHistory.cs
 0.1 kb	 0.0% Packages/com.unity.inputsystem/InputSystem/State/IInputStateCallbackReceiver.cs
 0.1 kb	 0.0% Packages/com.unity.inputsystem/InputSystem/Plugins/InputForUI/InputSystemProvider.cs
 0.1 kb	 0.0% Packages/com.unity.inputsystem/InputSystem/Plugins/DualShock/DualShockGamepadHID.cs
 0.1 kb	 0.0% Packages/com.unity.inputsystem/InputSystem/Editor/UITKAssetEditor/Views/NameAndParametersListView.cs
 0.1 kb	 0.0% Packages/com.unity.inputsystem/InputSystem/Editor/UITKAssetEditor/Views/InputActionMapsTreeViewItem.cs
 0.1 kb	 0.0% Packages/com.unity.inputsystem/InputSystem/Editor/UITKAssetEditor/InputActionsEditorConstants.cs
 0.1 kb	 0.0% Packages/com.unity.inputsystem/InputSystem/Editor/Settings/InputSettingsBuildProvider.cs
 0.1 kb	 0.0% Packages/com.unity.inputsystem/InputSystem/Editor/Settings/EditorPlayerSettingHelpers.cs
 0.1 kb	 0.0% Packages/com.unity.inputsystem/InputSystem/Editor/PropertyDrawers/InputActionPropertyDrawer.cs
 0.1 kb	 0.0% Packages/com.unity.inputsystem/InputSystem/Editor/PropertyDrawers/GamepadButtonPropertyDrawer.cs
 0.1 kb	 0.0% Packages/com.unity.inputsystem/InputSystem/Editor/Internal/SerializedPropertyHelpers.cs
 0.1 kb	 0.0% Packages/com.unity.inputsystem/InputSystem/Editor/Internal/AdvancedDropdown/AdvancedDropdownDataSource.cs
 0.1 kb	 0.0% Packages/com.unity.inputsystem/InputSystem/Editor/InputSystemPackageControl.cs
 0.1 kb	 0.0% Packages/com.unity.inputsystem/InputSystem/Editor/Debugger/SampleFrequencyCalculator.cs
 0.1 kb	 0.0% Packages/com.unity.inputsystem/InputSystem/Editor/Debugger/InputDeviceDebuggerWindow.cs
 0.1 kb	 0.0% Packages/com.unity.inputsystem/InputSystem/Editor/Debugger/InputActionDebuggerWindow.cs
 0.1 kb	 0.0% Packages/com.unity.inputsystem/InputSystem/Editor/ControlPicker/InputControlPickerDropdown.cs
 0.1 kb	 0.0% Packages/com.unity.inputsystem/InputSystem/Editor/ControlPicker/IInputControlPickerLayout.cs
 0.1 kb	 0.0% Packages/com.unity.inputsystem/InputSystem/Editor/AssetImporter/InputActionImporterEditor.cs
 0.1 kb	 0.0% Packages/com.unity.inputsystem/InputSystem/Editor/AssetImporter/InputActionAssetIconLoader.cs
 0.1 kb	 0.0% Packages/com.unity.inputsystem/InputSystem/Editor/AssetEditor/InputBindingPropertiesView.cs
 0.1 kb	 0.0% Packages/com.unity.inputsystem/InputSystem/Editor/AssetEditor/InputActionPropertiesView.cs
 0.1 kb	 0.0% Packages/com.unity.inputsystem/InputSystem/Editor/Analytics/PlayerInputEditorAnalytic.cs
 0.1 kb	 0.0% Packages/com.unity.inputsystem/InputSystem/Editor/Analytics/OnScreenStickEditorAnalytic.cs
 0.1 kb	 0.0% Packages/com.unity.inputsystem/InputSystem/Editor/Analytics/InputExitPlayModeAnalytic.cs
 0.1 kb	 0.0% Packages/com.unity.inputsystem/InputSystem/Editor/Analytics/InputComponentEditorAnalytic.cs
 0.1 kb	 0.0% Packages/com.unity.inputsystem/InputSystem/Devices/IInputUpdateCallbackReceiver.cs
 0.1 kb	 0.0% Packages/com.unity.inputsystem/InputSystem/Devices/Commands/SetSamplingFrequencyCommand.cs
 0.1 kb	 0.0% Packages/com.unity.inputsystem/InputSystem/Devices/Commands/SetIMECursorPositionCommand.cs
 0.1 kb	 0.0% Packages/com.unity.inputsystem/InputSystem/Devices/Commands/QueryKeyboardLayoutCommand.cs
 0.1 kb	 0.0% Packages/com.unity.inputsystem/InputSystem/Devices/Commands/EnableIMECompositionCommand.cs
 0.1 kb	 0.0% Packages/com.unity.inputsystem/InputSystem/Controls/InputControlLayoutAttribute.cs
 0.1 kb	 0.0% Packages/com.unity.inputsystem/InputSystem/Actions/InputActionRebindingExtensions.cs
 0.1 kb	 0.0% Packages/com.unity.collections/Unity.Collections/UnsafeNotBurstCompatible.cs
 0.1 kb	 0.0% Packages/com.meta.xr.sdk.voice/Lib/Wit.ai/Scripts/Runtime/Events/UnityEventListeners/TranscriptionEventListener.cs
 0.1 kb	 0.0% Packages/com.meta.xr.sdk.voice/Lib/Telemetry/Scripts/Runtime/Tracing/ITraceProvider.cs
 0.1 kb	 0.0% Packages/com.meta.xr.sdk.voice/Lib/PlatformCompatibility/Scripts/Runtime/Utility/ArrayElementTitleAttribute.cs
 0.1 kb	 0.0% Packages/com.meta.xr.sdk.voice/Lib/PlatformCompatibility/Scripts/Runtime/Android/AndroidServiceConnection.cs
 0.1 kb	 0.0% Packages/com.meta.xr.sdk.voice/Lib/Common/Scripts/Runtime/Listeners/VoiceCommandListener.cs
 0.1 kb	 0.0% Packages/com.meta.xr.sdk.voice/Features/Composer/Composer/Lib/Wit.ai/Features/composer/Scripts/Runtime/Integrations/WitComposerRequestHandler.cs
 0.1 kb	 0.0% Packages/com.meta.xr.sdk.voice/Features/Composer/Composer/Lib/Wit.ai/Features/composer/Scripts/Runtime/Data/ReservedContextPathDictionary.cs
 0.1 kb	 0.0% Packages/com.meta.xr.sdk.interaction/Runtime/UnityXR/Scripts/FromOpenXRHandDataSource.cs
 0.1 kb	 0.0% Packages/com.meta.xr.sdk.interaction/Runtime/UnityXR/Scripts/DefaultHandSkeletonProvider.cs
 0.1 kb	 0.0% Packages/com.meta.xr.sdk.interaction/Runtime/ThirdParty/LeapMotion/VelocityCalculatorUtilMethods.cs
 0.1 kb	 0.0% Packages/com.meta.xr.sdk.interaction/Runtime/Scripts/PoseDetection/TransformFeatureProperties.cs
 0.1 kb	 0.0% Packages/com.meta.xr.sdk.interaction/Runtime/Scripts/PoseDetection/ShapeRecognizerActiveState.cs
 0.1 kb	 0.0% Packages/com.meta.xr.sdk.interaction/Runtime/Scripts/PoseDetection/FingerFeatureStateThresholds.cs
 0.1 kb	 0.0% Packages/com.meta.xr.sdk.interaction/Runtime/Scripts/PoseDetection/FingerFeatureStateProvider.cs
 0.1 kb	 0.0% Packages/com.meta.xr.sdk.interaction/Runtime/Scripts/PoseDetection/Debug/JointVelocityDebugVisual.cs
 0.1 kb	 0.0% Packages/com.meta.xr.sdk.interaction/Runtime/Scripts/PoseDetection/Debug/JointRotationDebugVisual.cs
 0.1 kb	 0.0% Packages/com.meta.xr.sdk.interaction/Runtime/Scripts/PoseDetection/Debug/FingerFeatureDebugVisual.cs
 0.1 kb	 0.0% Packages/com.meta.xr.sdk.interaction/Runtime/Scripts/PoseDetection/Debug/ActiveStateDebugVisual.cs
 0.1 kb	 0.0% Packages/com.meta.xr.sdk.interaction/Runtime/Scripts/PoseDetection/Debug/ActiveStateDebugTreeUI.cs
 0.1 kb	 0.0% Packages/com.meta.xr.sdk.interaction/Runtime/Scripts/Interaction/Pointable/PointableDebugPolylineGizmos.cs
 0.1 kb	 0.0% Packages/com.meta.xr.sdk.interaction/Runtime/Scripts/Interaction/Models/Locomotion/Turn/TurnLocomotionBroadcaster.cs
 0.1 kb	 0.0% Packages/com.meta.xr.sdk.interaction/Runtime/Scripts/Interaction/Models/Locomotion/Turn/LocomotionTurnerInteractor.cs
 0.1 kb	 0.0% Packages/com.meta.xr.sdk.interaction/Runtime/Scripts/Interaction/Models/Locomotion/Teleport/Visuals/TeleportProceduralArcVisual.cs
 0.1 kb	 0.0% Packages/com.meta.xr.sdk.interaction/Runtime/Scripts/Interaction/Models/Locomotion/Teleport/TeleportCandidateComputer.cs
 0.1 kb	 0.0% Packages/com.meta.xr.sdk.interaction/Runtime/Scripts/Interaction/Models/Locomotion/Slide/StepLocomotionBroadcaster.cs
 0.1 kb	 0.0% Packages/com.meta.xr.sdk.interaction/Runtime/Scripts/Interaction/Models/Locomotion/Slide/SlideLocomotionBroadcaster.cs
 0.1 kb	 0.0% Packages/com.meta.xr.sdk.interaction/Runtime/Scripts/Interaction/Models/Locomotion/LocomotionEventsConnection.cs
 0.1 kb	 0.0% Packages/com.meta.xr.sdk.interaction/Runtime/Scripts/Interaction/Models/Locomotion/LocomotionActionsBroadcaster.cs
 0.1 kb	 0.0% Packages/com.meta.xr.sdk.interaction/Runtime/Scripts/Interaction/Models/Locomotion/ILocomotionEventBroadcaster.cs
 0.1 kb	 0.0% Packages/com.meta.xr.sdk.interaction/Runtime/Scripts/Input/Controllers/ControllerButtonUsageActiveState.cs
 0.1 kb	 0.0% Packages/com.meta.xr.sdk.interaction/Runtime/Sample/Scripts/Locomotion/LocomotionSettings/LocomotionSeatedSetting.cs
 0.1 kb	 0.0% Packages/com.meta.xr.sdk.interaction/Runtime/Sample/Scripts/HandGrabUse/Effects/WaterSpray/WaterSprayNozzleTransformer.cs
 0.1 kb	 0.0% Packages/com.meta.xr.sdk.interaction.ovr/Runtime/Scripts/Microgestures/MicroGestureUnityEventWrapper.cs
 0.1 kb	 0.0% Packages/com.meta.xr.sdk.core/Scripts/ImmersiveDebugger/UserInterface/ToggleForGizmo.cs
 0.1 kb	 0.0% Packages/com.meta.xr.sdk.core/Scripts/ImmersiveDebugger/UserInterface/HierarchyItemButton.cs
 0.1 kb	 0.0% Packages/com.meta.xr.sdk.core/Scripts/ImmersiveDebugger/UserInterface/Generic/MonoBehaviours/PointerHandler.cs
 0.1 kb	 0.0% Packages/com.meta.xr.sdk.core/Scripts/ImmersiveDebugger/UserInterface/Generic/MonoBehaviours/OverlayCanvas.cs
 0.1 kb	 0.0% Packages/com.meta.xr.sdk.core/Scripts/ImmersiveDebugger/UserInterface/Generic/Controllers/Implementations/ToggleWithLabel.cs
 0.1 kb	 0.0% Packages/com.meta.xr.sdk.core/Scripts/ImmersiveDebugger/UserInterface/Generic/Controllers/Implementations/ScrollViewport.cs
 0.1 kb	 0.0% Packages/com.meta.xr.sdk.core/Scripts/ImmersiveDebugger/UserInterface/Generic/Controllers/Implementations/DropdownMenuItem.cs
 0.1 kb	 0.0% Packages/com.meta.xr.sdk.core/Scripts/ImmersiveDebugger/UserInterface/Generic/Controllers/Implementations/ButtonWithLabel.cs
 0.1 kb	 0.0% Packages/com.meta.xr.sdk.core/Scripts/ImmersiveDebugger/UserInterface/Generic/Controllers/Implementations/ButtonWithIcon.cs
 0.1 kb	 0.0% Packages/com.meta.xr.sdk.core/Scripts/ImmersiveDebugger/UserInterface/ButtonForAction.cs
 0.1 kb	 0.0% Packages/com.meta.xr.sdk.core/Scripts/BuildingBlocks/MultiplayerBlocks/Shared/Colocation/ColocationPackage/Runtime/Utils/AnchorDebugVisual.cs
 0.1 kb	 0.0% Packages/com.meta.xr.sdk.core/Scripts/BuildingBlocks/MultiplayerBlocks/Shared/Colocation/ColocationPackage/Runtime/SharedAnchorManager.cs
 0.1 kb	 0.0% Packages/com.meta.xr.sdk.core/Scripts/BuildingBlocks/MultiplayerBlocks/Shared/Colocation/ColocationPackage/Runtime/NetworkImpl/INetworkMessenger.cs
 0.1 kb	 0.0% Packages/com.meta.xr.sdk.core/Scripts/BuildingBlocks/MultiplayerBlocks/Shared/Colocation/ColocationPackage/Runtime/AlignCameraToAnchor.cs
 0.1 kb	 0.0% Packages/com.meta.xr.sdk.core/Scripts/BuildingBlocks/MultiplayerBlocks/PhotonFusion/Colocation/Scripts/FusionMessenger.cs
 0.1 kb	 0.0% Packages/com.meta.xr.mrutilitykit/Core/Scripts/EnvironmentDepthManagerRaycastExtensions.cs
 0.1 kb	 0.0% Assets/XR/UserSimulationSettings/Resources/XRSimulationPreferences.asset
 0.1 kb	 0.0% Assets/ERL/Scripts/M2Mqtt/Messages/MqttMsgUnsubscribedEventArgs.cs
 0.1 kb	 0.0% Assets/ERL/Scripts/M2Mqtt/Messages/MqttMsgUnsubscribeEventArgs.cs
 0.1 kb	 0.0% Assets/ERL/Scripts/M2Mqtt/Messages/MqttMsgSubscribedEventArgs.cs
 0.1 kb	 0.0% Assets/ERL/Scripts/M2Mqtt/Messages/MqttMsgSubscribeEventArgs.cs
 0.1 kb	 0.0% Assets/ERL/Scripts/M2Mqtt/Messages/MqttMsgPublishedEventArgs.cs
 0.1 kb	 0.0% Assets/ERL/Scripts/M2Mqtt/Internal/MsgPublishedInternalEvent.cs
 0.1 kb	 0.0% Assets/ERL/Scripts/Car/CarPositionLiveSubscriber.cs
 0.1 kb	 0.0% Assets/ERL/Scripts/Car/CarControlDataLivePublisher.cs
 0.1 kb	 0.0% Packages/com.unity.xr.meta-openxr/Runtime/Subsystems/Display/DisplayUtilitiesFeature.cs
 0.1 kb	 0.0% Packages/com.unity.xr.meta-openxr/Runtime/OpenXRLifeCycleFeature.cs
 0.1 kb	 0.0% Packages/com.unity.xr.legacyinputhelpers/Runtime/ArmModels/SwingArmModel.cs
 0.1 kb	 0.0% Packages/com.unity.xr.interaction.toolkit/Runtime/XRHelpURLConstants.cs
 0.1 kb	 0.0% Packages/com.unity.xr.interaction.toolkit/Runtime/Utilities/MatrixUtility.cs
 0.1 kb	 0.0% Packages/com.unity.xr.interaction.toolkit/Runtime/Utilities/Interaction/XRFilterUtility.cs
 0.1 kb	 0.0% Packages/com.unity.xr.interaction.toolkit/Runtime/Utilities/GradientUtility.cs
 0.1 kb	 0.0% Packages/com.unity.xr.interaction.toolkit/Runtime/Utilities/Curves/CurveUtility.cs
 0.1 kb	 0.0% Packages/com.unity.xr.interaction.toolkit/Runtime/Utilities/BurstMathUtility.cs
 0.1 kb	 0.0% Packages/com.unity.xr.interaction.toolkit/Runtime/Utilities/BurstLerpUtility.cs
 0.1 kb	 0.0% Packages/com.unity.xr.interaction.toolkit/Runtime/Utilities/BurstGazeUtility.cs
 0.1 kb	 0.0% Packages/com.unity.xr.interaction.toolkit/Runtime/Locomotion/Legacy/SnapTurnProviderBase.cs
 0.1 kb	 0.0% Packages/com.unity.xr.interaction.toolkit/Runtime/Locomotion/Jump/JumpProvider.cs
 0.1 kb	 0.0% Packages/com.unity.xr.interaction.toolkit/Runtime/Interaction/XRInteractionManager.cs
 0.1 kb	 0.0% Packages/com.unity.xr.interaction.toolkit/Runtime/Interaction/Layers/InteractionLayerMask.cs
 0.1 kb	 0.0% Packages/com.unity.xr.interaction.toolkit/Runtime/Interaction/Filtering/Target/Filters/XRTargetFilter.cs
 0.1 kb	 0.0% Packages/com.unity.xr.interaction.toolkit/Runtime/Interaction/Filtering/Target/Filters/IXRTargetFilter.cs
 0.1 kb	 0.0% Packages/com.unity.xr.interaction.toolkit/Runtime/Interaction/Filtering/Select/IXRSelectFilter.cs
 0.1 kb	 0.0% Packages/com.unity.xr.interaction.toolkit/Runtime/Interaction/Filtering/Poke/PokeStateData.cs
 0.1 kb	 0.0% Packages/com.unity.xr.interaction.toolkit/Runtime/Interaction/Filtering/Poke/IXRPokeFilter.cs
 0.1 kb	 0.0% Packages/com.unity.xr.interaction.toolkit/Runtime/Interaction/Filtering/Hover/IXRHoverFilter.cs
 0.1 kb	 0.0% Packages/com.unity.xr.interaction.toolkit/Runtime/Interaction/Controllers/XRControllerState.cs
 0.1 kb	 0.0% Packages/com.unity.xr.interaction.toolkit/Runtime/Interaction/Controllers/XRControllerRecorder.cs
 0.1 kb	 0.0% Packages/com.unity.xr.interaction.toolkit/Runtime/Inputs/CardinalUtility.cs
 0.1 kb	 0.0% Packages/com.unity.xr.interaction.toolkit/Runtime/AR/Gestures/TwistGesture.deprecated.cs
 0.1 kb	 0.0% Packages/com.unity.xr.interaction.toolkit/Runtime/AR/Gestures/TapGesture.deprecated.cs
 0.1 kb	 0.0% Packages/com.unity.xr.interaction.toolkit/Runtime/AR/Gestures/PinchGesture.deprecated.cs
 0.1 kb	 0.0% Packages/com.unity.xr.interaction.toolkit/Runtime/AR/Gestures/DragGesture.deprecated.cs
 0.1 kb	 0.0% Packages/com.unity.xr.hands/Runtime/Gestures/XRHandRelativeOrientation.cs
 0.1 kb	 0.0% Packages/com.unity.xr.hands/Runtime/Gestures/XRFingerShapeConfiguration.cs
 0.1 kb	 0.0% Packages/com.unity.xr.core-utils/Runtime/Datums/AnimationCurveDatumProperty.cs
 0.1 kb	 0.0% Packages/com.unity.xr.core-utils/Runtime/Attributes/ScriptableSettingsPathAttribute.cs
 0.1 kb	 0.0% Packages/com.unity.xr.arfoundation/Runtime/Simulation/XRSimulationRuntimeSettings.cs
 0.1 kb	 0.0% Packages/com.unity.xr.arfoundation/Runtime/Simulation/Subsystems/SimulationSessionSubsystem.cs
 0.1 kb	 0.0% Packages/com.unity.xr.arfoundation/Runtime/Simulation/Subsystems/SimulationEnvironmentScanner.cs
 0.1 kb	 0.0% Packages/com.unity.xr.arfoundation/Runtime/Simulation/Subsystems/SimulationCameraSubsystem.cs
 0.1 kb	 0.0% Packages/com.unity.xr.arfoundation/Runtime/Simulation/Subsystems/SimulationCameraPoseProvider.cs
 0.1 kb	 0.0% Packages/com.unity.xr.arfoundation/Runtime/Simulation/Subsystems/Raycast/SimulationRaycasterRegistry.cs
 0.1 kb	 0.0% Packages/com.unity.xr.arfoundation/Runtime/Simulation/Subsystems/Raycast/SimulationRaycastSubsystem.cs
 0.1 kb	 0.0% Packages/com.unity.xr.arfoundation/Runtime/Simulation/Subsystems/Plane/Visualizers/SimulationPlaneVisualizer.cs
 0.1 kb	 0.0% Packages/com.unity.xr.arfoundation/Runtime/Simulation/Subsystems/Occlusion/SimulationOcclusionSubsystem.cs
 0.1 kb	 0.0% Packages/com.unity.xr.arfoundation/Runtime/Simulation/Subsystems/ImageTracking/TrackedImageDiscoveryParams.cs
 0.1 kb	 0.0% Packages/com.unity.xr.arfoundation/Runtime/Simulation/Subsystems/ImageTracking/ITrackedImageDiscoveryParams.cs
 0.1 kb	 0.0% Packages/com.unity.xr.arfoundation/Runtime/Simulation/Subsystems/CpuImage/SimulationPlatformInterface.cs
 0.1 kb	 0.0% Packages/com.unity.xr.arfoundation/Runtime/Simulation/Subsystems/CameraTextureFrameEventArgs.cs
 0.1 kb	 0.0% Packages/com.unity.xr.arfoundation/Runtime/Simulation/Subsystems/BoundingBox/BoundingBoxDiscoveryParams.cs
 0.1 kb	 0.0% Packages/com.unity.xr.arfoundation/Runtime/Simulation/Subsystems/Anchors/SimulationAnchorSubsystem.cs
 0.1 kb	 0.0% Packages/com.unity.xr.arfoundation/Runtime/Simulation/Environment/SimulatedMeshClassification.cs
 0.1 kb	 0.0% Packages/com.unity.xr.arfoundation/Runtime/Simulation/Environment/SimulatedEnvironmentProbe.cs
 0.1 kb	 0.0% Packages/com.unity.xr.arfoundation/Runtime/Simulation/BaseSimulationSceneManager.cs
 0.1 kb	 0.0% Packages/com.unity.xr.arfoundation/Runtime/Simulation/Analytics/SimulationSubsystemAnalytics.cs
 0.1 kb	 0.0% Packages/com.unity.xr.arfoundation/Runtime/InternalUtils/PoseUtils.cs
 0.1 kb	 0.0% Packages/com.unity.xr.arfoundation/Runtime/ARSubsystems/SessionSubsystem/SessionAvailability.cs
 0.1 kb	 0.0% Packages/com.unity.xr.arfoundation/Runtime/ARSubsystems/OcclusionSubsystem/EnvironmentDepthMode.cs
 0.1 kb	 0.0% Packages/com.unity.visualscripting/Runtime/VisualScripting.Flow/Framework/Events/Input/InputSystem/OnInputSystemEvent.cs
 0.1 kb	 0.0% Packages/com.unity.visualscripting/Runtime/VisualScripting.Core/Dependencies/FullSerializer/fsPropertyAttribute.cs
 0.1 kb	 0.0% Packages/com.unity.visualscripting/Runtime/VisualScripting.Core/Dependencies/FullSerializer/fsObjectProcessor.cs
 0.1 kb	 0.0% Packages/com.unity.visualscripting/Runtime/VisualScripting.Core/Dependencies/FullSerializer/fsObjectAttribute.cs
 0.1 kb	 0.0% Packages/com.unity.visualscripting/Runtime/VisualScripting.Core/Dependencies/FullSerializer/fsIgnoreAttribute.cs
 0.1 kb	 0.0% Packages/com.unity.visualscripting/Runtime/VisualScripting.Core/Dependencies/FullSerializer/fsDirectConverter.cs
 0.1 kb	 0.0% Packages/com.unity.visualscripting/Runtime/VisualScripting.Core/Dependencies/FullSerializer/fsConverterRegistrar.cs
 0.1 kb	 0.0% Packages/com.unity.visualscripting/Runtime/VisualScripting.Core/Dependencies/FullSerializer/Reflection/fsReflectionUtility.cs
 0.1 kb	 0.0% Packages/com.unity.visualscripting/Runtime/VisualScripting.Core/Dependencies/FullSerializer/Converters/fsReflectedConverter.cs
 0.1 kb	 0.0% Packages/com.unity.visualscripting/Runtime/VisualScripting.Core/Dependencies/FullSerializer/Converters/fsPrimitiveConverter.cs
 0.1 kb	 0.0% Packages/com.unity.visualscripting/Runtime/VisualScripting.Core/Dependencies/FullSerializer/Converters/fsNullableConverter.cs
 0.1 kb	 0.0% Packages/com.unity.visualscripting/Runtime/VisualScripting.Core/Dependencies/FullSerializer/Converters/fsForwardConverter.cs
 0.1 kb	 0.0% Packages/com.unity.visualscripting/Runtime/VisualScripting.Core/Dependencies/FullSerializer/Converters/Unity/Rect_DirectConverter.cs
 0.1 kb	 0.0% Packages/com.unity.rendering.light-transport/Runtime/UnifiedRayTracing/Compute/RadeonRays/RestructureBvh.cs
 0.1 kb	 0.0% Packages/com.unity.rendering.light-transport/Runtime/UnifiedRayTracing/Compute/RadeonRays/RadeonRaysAPI.cs
 0.1 kb	 0.0% Packages/com.unity.rendering.light-transport/Runtime/UnifiedRayTracing/Common/GeometryPool/GeometryPool.cs
 0.1 kb	 0.0% Packages/com.unity.render-pipelines.universal/Runtime/XR/XRPassUniversal.cs
 0.1 kb	 0.0% Packages/com.unity.render-pipelines.universal/Runtime/Tiling/LightMinMaxZJob.cs
 0.1 kb	 0.0% Packages/com.unity.render-pipelines.universal/Runtime/Tiling/InclusiveRange.cs
 0.1 kb	 0.0% Packages/com.unity.render-pipelines.universal/Runtime/ShadowCulling.cs
 0.1 kb	 0.0% Packages/com.unity.render-pipelines.universal/Runtime/ShaderBitArray.cs
 0.1 kb	 0.0% Packages/com.unity.render-pipelines.universal/Runtime/RenderingUtils.cs
 0.1 kb	 0.0% Packages/com.unity.render-pipelines.universal/Runtime/RendererFeatures/RenderObjects.cs
 0.1 kb	 0.0% Packages/com.unity.render-pipelines.universal/Runtime/PostProcessUtils.cs
 0.1 kb	 0.0% Packages/com.unity.render-pipelines.universal/Runtime/Passes/PostProcessPass.cs
 0.1 kb	 0.0% Packages/com.unity.render-pipelines.universal/Runtime/Passes/HDRDebugViewPass.cs
 0.1 kb	 0.0% Packages/com.unity.render-pipelines.universal/Runtime/Passes/GBufferPass.cs
 0.1 kb	 0.0% Packages/com.unity.render-pipelines.universal/Runtime/Passes/DrawSkyboxPass.cs
 0.1 kb	 0.0% Packages/com.unity.render-pipelines.universal/Runtime/Passes/DeferredPass.cs
 0.1 kb	 0.0% Packages/com.unity.render-pipelines.universal/Runtime/Overrides/PaniniProjection.cs
 0.1 kb	 0.0% Packages/com.unity.render-pipelines.universal/Runtime/Overrides/LiftGammaGain.cs
 0.1 kb	 0.0% Packages/com.unity.render-pipelines.universal/Runtime/Overrides/LensDistortion.cs
 0.1 kb	 0.0% Packages/com.unity.render-pipelines.universal/Runtime/Overrides/ColorAdjustments.cs
 0.1 kb	 0.0% Packages/com.unity.render-pipelines.universal/Runtime/Memory/BuddyAllocator.cs
 0.1 kb	 0.0% Packages/com.unity.render-pipelines.universal/Runtime/History/RawDepthHistory.cs
 0.1 kb	 0.0% Packages/com.unity.render-pipelines.universal/Runtime/History/RawColorHistory.cs
 0.1 kb	 0.0% Packages/com.unity.render-pipelines.universal/Runtime/Documentation.cs
 0.1 kb	 0.0% Packages/com.unity.render-pipelines.universal/Runtime/Deprecated.cs
 0.1 kb	 0.0% Packages/com.unity.render-pipelines.universal/Runtime/Decal/Entities/DecalDrawSystem.cs
 0.1 kb	 0.0% Packages/com.unity.render-pipelines.universal/Runtime/Decal/DecalProjector.cs
 0.1 kb	 0.0% Packages/com.unity.render-pipelines.universal/Runtime/Decal/DecalPreviewPass.cs
 0.1 kb	 0.0% Packages/com.unity.render-pipelines.universal/Runtime/Debug/DebugRenderSetup.cs
 0.1 kb	 0.0% Packages/com.unity.render-pipelines.universal/Runtime/Data/RenderStateData.cs
 0.1 kb	 0.0% Packages/com.unity.render-pipelines.universal/Runtime/Data/PostProcessData.cs
 0.1 kb	 0.0% Packages/com.unity.render-pipelines.universal/Runtime/ComponentUtility.cs
 0.1 kb	 0.0% Packages/com.unity.render-pipelines.universal/Runtime/2D/Shadows/ShadowProvider/Providers/ShadowShapeProvider2D_Utility.cs
 0.1 kb	 0.0% Packages/com.unity.render-pipelines.core/Runtime/XR/XROcclusionMesh.cs
 0.1 kb	 0.0% Packages/com.unity.render-pipelines.core/Runtime/XR/XRLayoutStack.cs
 0.1 kb	 0.0% Packages/com.unity.render-pipelines.core/Runtime/Lighting/ProbeVolume/ProbeIndexOfIndices.cs
 0.1 kb	 0.0% Packages/com.unity.render-pipelines.core/Runtime/GPUDriven/RenderersParameters.cs
 0.1 kb	 0.0% Packages/com.unity.render-pipelines.core/Runtime/GPUDriven/InstanceData/InstanceDataSystem.cs
 0.1 kb	 0.0% Packages/com.unity.render-pipelines.core/Runtime/GPUDriven/InstanceData/InstanceAllocator.cs
 0.1 kb	 0.0% Packages/com.unity.render-pipelines.core/Runtime/GPUDriven/GPUResidentDrawer.cs
 0.1 kb	 0.0% Packages/com.unity.render-pipelines.core/Runtime/GPUDriven/GPUResidentBatcher.cs
 0.1 kb	 0.0% Packages/com.unity.multiplayer.center/Common/IOnboardingSection.cs
 0.1 kb	 0.0% Packages/com.unity.inputsystem/InputSystem/Utilities/Observables/ForDeviceEventObservable.cs
 0.1 kb	 0.0% Packages/com.unity.inputsystem/InputSystem/Plugins/XR/Haptics/SendHapticImpulseCommand.cs
 0.1 kb	 0.0% Packages/com.unity.inputsystem/InputSystem/Plugins/Android/AndroidSensors.cs
 0.1 kb	 0.0% Packages/com.unity.inputsystem/InputSystem/Editor/AssetEditor/NameAndParameterListView.cs
 0.1 kb	 0.0% Packages/com.unity.inputsystem/InputSystem/Controls/Processors/StickDeadzoneProcessor.cs
 0.1 kb	 0.0% Packages/com.unity.inputsystem/InputSystem/Controls/Processors/ScaleVector3Processor.cs
 0.1 kb	 0.0% Packages/com.unity.inputsystem/InputSystem/Controls/Processors/ScaleVector2Processor.cs
 0.1 kb	 0.0% Packages/com.unity.inputsystem/InputSystem/Controls/Processors/InvertVector3Processor.cs
 0.1 kb	 0.0% Packages/com.unity.inputsystem/InputSystem/Controls/Processors/InvertVector2Processor.cs
 0.1 kb	 0.0% Packages/com.unity.inputsystem/InputSystem/Controls/Processors/AxisDeadzoneProcessor.cs
 0.1 kb	 0.0% Packages/com.unity.inputsystem/InputSystem/Actions/Composites/TwoModifiersComposite.cs
 0.1 kb	 0.0% Packages/com.unity.inputsystem/InputSystem/Actions/Composites/ButtonWithTwoModifiers.cs
 0.1 kb	 0.0% Packages/com.unity.inputsystem/InputSystem/Actions/Composites/ButtonWithOneModifier.cs
 0.1 kb	 0.0% Packages/com.unity.collections/Unity.Collections/UnsafeScratchAllocator.cs
 0.1 kb	 0.0% Packages/com.unity.collections/Unity.Collections/NativeParallelHashMapExtensions.cs
 0.1 kb	 0.0% Packages/com.meta.xr.sdk.voice/Lib/Wit.ai/Scripts/Runtime/ServiceReferences/VoiceServiceAudioEventReference.cs
 0.1 kb	 0.0% Packages/com.meta.xr.sdk.voice/Lib/Wit.ai/Scripts/Runtime/Net/WebSockets/Requests/WitWebSocketSpeechRequest.cs
 0.1 kb	 0.0% Packages/com.meta.xr.sdk.voice/Lib/Wit.ai/Scripts/Runtime/Net/WebSockets/Requests/WitWebSocketMessageRequest.cs
 0.1 kb	 0.0% Packages/com.meta.xr.sdk.voice/Lib/Wit.ai/Scripts/Runtime/Events/AudioDurationTrackerFinishedEvent.cs
 0.1 kb	 0.0% Packages/com.meta.xr.sdk.voice/Lib/Wit.ai/Lib/Wit/Runtime/Data/Info/WitConfigurationAssetData.cs
 0.1 kb	 0.0% Packages/com.meta.xr.sdk.voice/Lib/Common/Scripts/Runtime/Data/VoiceCommandResult.cs
 0.1 kb	 0.0% Packages/com.meta.xr.sdk.voice/Features/Composer/Composer/Lib/Wit.ai/Features/composer/Scripts/Runtime/Handlers/ComposerSpeechUnityEvents.cs
 0.1 kb	 0.0% Packages/com.meta.xr.sdk.platform/Scripts/Models/NetSyncSetSessionPropertyResult.cs
 0.1 kb	 0.0% Packages/com.meta.xr.sdk.platform/Scripts/Models/LivestreamingApplicationStatus.cs
 0.1 kb	 0.0% Packages/com.meta.xr.sdk.platform/Scripts/Models/LaunchFriendRequestFlowResult.cs
 0.1 kb	 0.0% Packages/com.meta.xr.sdk.platform/Scripts/Models/AssetFileDownloadCancelResult.cs
 0.1 kb	 0.0% Packages/com.meta.xr.sdk.interaction/Runtime/UnityXR/Scripts/FromUnityXRHmdDataSource.cs
 0.1 kb	 0.0% Packages/com.meta.xr.sdk.interaction/Runtime/Scripts/Unity/RectTransformBoundsClipperDriver.cs
 0.1 kb	 0.0% Packages/com.meta.xr.sdk.interaction/Runtime/Scripts/Unity/PointableCanvasUnityEventWrapper.cs
 0.1 kb	 0.0% Packages/com.meta.xr.sdk.interaction/Runtime/Scripts/Unity/InteractableUnityEventWrapper.cs
 0.1 kb	 0.0% Packages/com.meta.xr.sdk.interaction/Runtime/Scripts/Throw/HandTrackingConfidenceProvider.cs
 0.1 kb	 0.0% Packages/com.meta.xr.sdk.interaction/Runtime/Scripts/Selection/Hands/IndexPinchSafeReleaseSelector.cs
 0.1 kb	 0.0% Packages/com.meta.xr.sdk.interaction/Runtime/Scripts/PoseDetection/TransformFeatureStateProviderRef.cs
 0.1 kb	 0.0% Packages/com.meta.xr.sdk.interaction/Runtime/Scripts/PoseDetection/FingerFeatureStateProviderRef.cs
 0.1 kb	 0.0% Packages/com.meta.xr.sdk.interaction/Runtime/Scripts/Movements/AutoMoveTowardsTargetProvider.cs
 0.1 kb	 0.0% Packages/com.meta.xr.sdk.interaction/Runtime/Scripts/Interaction/Visuals/InteractorGroupDebugTreeUI.cs
 0.1 kb	 0.0% Packages/com.meta.xr.sdk.interaction/Runtime/Scripts/Interaction/Models/TouchHandGrab/TouchHandGrabInteractorVisual.cs
 0.1 kb	 0.0% Packages/com.meta.xr.sdk.interaction/Runtime/Scripts/Interaction/Models/Ray/Visuals/HandRayInteractorCursorVisual.cs
 0.1 kb	 0.0% Packages/com.meta.xr.sdk.interaction/Runtime/Scripts/Interaction/Models/Locomotion/Teleport/Visuals/TeleportReticleDrawer.cs
 0.1 kb	 0.0% Packages/com.meta.xr.sdk.interaction/Runtime/Scripts/Interaction/Models/DistanceHandGrab/DistanceHandGrabInteractor.cs
 0.1 kb	 0.0% Packages/com.meta.xr.sdk.interaction/Runtime/Scripts/Interaction/Models/DistanceHandGrab/DistanceHandGrabInteractable.cs
 0.1 kb	 0.0% Packages/com.meta.xr.sdk.interaction/Runtime/Scripts/Interaction/Grabbable/OneGrabPhysicsJointTransformer.cs
 0.1 kb	 0.0% Packages/com.meta.xr.sdk.interaction/Runtime/Scripts/Interaction/Core/SecondaryInteractorConnection.cs
 0.1 kb	 0.0% Packages/com.meta.xr.sdk.interaction/Runtime/Scripts/Interaction/Core/InteractorControllerDecorator.cs
 0.1 kb	 0.0% Packages/com.meta.xr.sdk.interaction/Runtime/Scripts/Interaction/Core/InteractableTriggerBroadcaster.cs
 0.1 kb	 0.0% Packages/com.meta.xr.sdk.interaction/Runtime/Sample/Scripts/PanelWithManipulators/UnionClippedPlaneSurface.cs
 0.1 kb	 0.0% Packages/com.meta.xr.sdk.interaction/Runtime/Sample/Scripts/PanelWithManipulators/OneGrabScaleTransformer.cs
 0.1 kb	 0.0% Packages/com.meta.xr.sdk.interaction/Runtime/Sample/Scripts/PanelWithManipulators/ArcAffordanceController.cs
 0.1 kb	 0.0% Packages/com.meta.xr.sdk.interaction/Runtime/Sample/Scripts/InteractableObjectLabel.cs
 0.1 kb	 0.0% Packages/com.meta.xr.sdk.interaction.ovr/Runtime/Scripts/UnityCanvas/OVRCanvasMeshRenderer.cs
 0.1 kb	 0.0% Packages/com.meta.xr.sdk.interaction.ovr/Runtime/Scripts/Input/OVRInputDeviceActiveState.cs
 0.1 kb	 0.0% Packages/com.meta.xr.sdk.interaction.ovr/Runtime/Scripts/Input/FromOVRControllerDataSource.cs
 0.1 kb	 0.0% Packages/com.meta.xr.sdk.interaction.ovr/Runtime/Scripts/Body/Input/FromOVRBodyDataSource.cs
 0.1 kb	 0.0% Packages/com.meta.xr.sdk.core/Scripts/ImmersiveDebugger/UserInterface/Resources/Styles/ImageStyles/MemberDescriptionBackground.asset
 0.1 kb	 0.0% Packages/com.meta.xr.sdk.core/Scripts/ImmersiveDebugger/UserInterface/Resources/Styles/ImageStyles/DropdownValueBackgroundRoot.asset
 0.1 kb	 0.0% Packages/com.meta.xr.sdk.core/Scripts/ImmersiveDebugger/Managers/SubManagersForAddon.cs
 0.1 kb	 0.0% Packages/com.meta.xr.sdk.core/Scripts/ImmersiveDebugger/InspectedData/SerializableInspectedItems.cs
 0.1 kb	 0.0% Packages/com.meta.xr.sdk.core/Scripts/ImmersiveDebugger/DebugInspector/DebugInspectorManager.cs
 0.1 kb	 0.0% Packages/com.meta.xr.sdk.core/Scripts/BuildingBlocks/MultiplayerBlocks/Shared/PlayerNameTag/Scripts/PlayerNameTagSpawner.cs
 0.1 kb	 0.0% Packages/com.meta.xr.sdk.core/Scripts/BuildingBlocks/MultiplayerBlocks/Shared/NetworkedAvatar/Scripts/IAvatarStreamConfig.cs
 0.1 kb	 0.0% Packages/com.meta.xr.sdk.core/Scripts/BuildingBlocks/MultiplayerBlocks/Shared/FriendsMatchmaking/FriendsMatchmaking.cs
 0.1 kb	 0.0% Packages/com.meta.xr.sdk.core/Scripts/BuildingBlocks/MultiplayerBlocks/Shared/CustomMatchmaking/CustomMatchmaking.cs
 0.1 kb	 0.0% Packages/com.meta.xr.sdk.core/Scripts/BuildingBlocks/MultiplayerBlocks/Shared/Colocation/Scripts/ColocationController.cs
 0.1 kb	 0.0% Packages/com.meta.xr.sdk.core/Scripts/BuildingBlocks/MultiplayerBlocks/PhotonFusion/PlayerNameTag/Scripts/PlayerNameTagFusion.cs
 0.1 kb	 0.0% Packages/com.meta.xr.sdk.core/Scripts/BuildingBlocks/MultiplayerBlocks/PhotonFusion/NetworkedAvatar/Scripts/AvatarSpawnerFusion.cs
 0.1 kb	 0.0% Packages/com.meta.xr.mrutilitykit/Core/Scripts/SceneDecorator/Pool/SingletonMonoBehavior.cs
 0.1 kb	 0.0% Packages/com.meta.xr.mrutilitykit/Core/Scripts/SceneDecorator/Modifier/RotationModifierSpaceMap.cs
 0.1 kb	 0.0% Packages/com.meta.xr.mrutilitykit/Core/Scripts/SceneDecorator/Masks/InsideCurrentRoomMask.cs
 0.1 kb	 0.0% Packages/com.meta.xr.mrutilitykit/Core/Scripts/SceneDecorator/Editor/SceneDecorationEditor.cs
 0.1 kb	 0.0% Packages/com.meta.xr.mrutilitykit/Core/Scripts/DestructibleGlobalMeshSpawner.cs
 0.1 kb	 0.0% Assets/Settings/Project Configuration/InputSystem.inputsettings.asset
 0.1 kb	 0.0% Assets/Samples/XR Interaction Toolkit/3.1.2/Hands Interaction Demo/Textures/CombinedFingerIndexHighlight.png
 0.1 kb	 0.0% Assets/Photon/Fusion/Runtime/Statistics/FusionNetworkObjectStatsGraphCombine.cs
 0.1 kb	 0.0% Assets/MRTemplateAssets/Scripts/BooleanToggleVisualsController.cs
 0.1 kb	 0.0% Assets/ERL/Scripts/M2Mqtt/Exceptions/MqttConnectionException.cs
 0.1 kb	 0.0% Packages/com.unity.xr.openxr/Runtime/Features/Interactions/PalmPoseInteraction.cs
 0.1 kb	 0.0% Packages/com.unity.xr.openxr/Runtime/Features/Interactions/EyeGazeInteraction.cs
 0.1 kb	 0.0% Packages/com.unity.xr.legacyinputhelpers/Runtime/TrackedPoseDriver/BasePoseProvider.cs
 0.1 kb	 0.0% Packages/com.unity.xr.interaction.toolkit/Runtime/XR/InputHelpers.deprecated.cs
 0.1 kb	 0.0% Packages/com.unity.xr.interaction.toolkit/Runtime/UI/XRUIInputModule.cs
 0.1 kb	 0.0% Packages/com.unity.xr.interaction.toolkit/Runtime/UI/UIInputModule.cs
 0.1 kb	 0.0% Packages/com.unity.xr.interaction.toolkit/Runtime/UI/NavigationModel.cs
 0.1 kb	 0.0% Packages/com.unity.xr.interaction.toolkit/Runtime/UI/IUIModelUpdater.cs
 0.1 kb	 0.0% Packages/com.unity.xr.interaction.toolkit/Runtime/UI/CanvasTracker.cs
 0.1 kb	 0.0% Packages/com.unity.xr.interaction.toolkit/Runtime/UI/CanvasOptimizer.cs
 0.1 kb	 0.0% Packages/com.unity.xr.interaction.toolkit/Runtime/Interaction/Interactables/DistanceInfo.cs
 0.1 kb	 0.0% Packages/com.unity.xr.interaction.toolkit/Runtime/Interaction/Gaze/XRGazeAssistance.cs
 0.1 kb	 0.0% Packages/com.unity.xr.core-utils/Runtime/CapabilityProfile/Dictionary/StandardCapabilityKeys.cs
 0.1 kb	 0.0% Packages/com.unity.xr.arfoundation/Runtime/ARSubsystems/SessionSubsystem/XRSessionUpdateParams.cs
 0.1 kb	 0.0% Packages/com.unity.xr.arfoundation/Runtime/ARSubsystems/PointCloudSubsystem/XRPointCloudSubsystem.cs
 0.1 kb	 0.0% Packages/com.unity.xr.arfoundation/Runtime/ARSubsystems/ParticipantSubsystem/XRParticipantSubsystem.cs
 0.1 kb	 0.0% Packages/com.unity.xr.arfoundation/Runtime/ARSubsystems/ObjectTrackingSubsystem/XRReferenceObjectLibrary.cs
 0.1 kb	 0.0% Packages/com.unity.xr.arfoundation/Runtime/ARSubsystems/ObjectTrackingSubsystem/XRReferenceObjectEntry.cs
 0.1 kb	 0.0% Packages/com.unity.xr.arfoundation/Runtime/ARSubsystems/InputSubsystem/HandheldARInputDevice.cs
 0.1 kb	 0.0% Packages/com.unity.xr.arfoundation/Runtime/ARSubsystems/ImageTrackingSubsystem/XRReferenceImageLibrary.cs
 0.1 kb	 0.0% Packages/com.unity.xr.arfoundation/Runtime/ARSubsystems/ImageTrackingSubsystem/XRImageTrackingSubsystem.cs
 0.1 kb	 0.0% Packages/com.unity.xr.arfoundation/Runtime/ARSubsystems/ImageTrackingSubsystem/IReferenceImageLibrary.cs
 0.1 kb	 0.0% Packages/com.unity.xr.arfoundation/Runtime/ARSubsystems/HumanBodySubsystem/XRHumanBodyPose2DJoint.cs
 0.1 kb	 0.0% Packages/com.unity.xr.arfoundation/Runtime/ARSubsystems/Configuration/ConfigurationDescriptor.cs
 0.1 kb	 0.0% Packages/com.unity.xr.arfoundation/Runtime/ARSubsystems/CameraSubsystem/XRCameraFrameExifData.cs
 0.1 kb	 0.0% Packages/com.unity.xr.arfoundation/Runtime/ARSubsystems/CameraSubsystem/XRCameraConfiguration.cs
 0.1 kb	 0.0% Packages/com.unity.xr.arfoundation/Runtime/ARSubsystems/BoundingBoxSubsystem/XRBoundingBoxSubsystem.cs
 0.1 kb	 0.0% Packages/com.unity.xr.arfoundation/Runtime/ARFoundation/Textures/UpdatableRenderTexture.cs
 0.1 kb	 0.0% Packages/com.unity.xr.arfoundation/Runtime/ARFoundation/ARTrackedObjectManager.cs
 0.1 kb	 0.0% Packages/com.unity.xr.arfoundation/Runtime/ARFoundation/ARTrackedImageManager.cs
 0.1 kb	 0.0% Packages/com.unity.xr.arfoundation/Runtime/ARFoundation/ARSaveOrLoadAnchorResult.cs
 0.1 kb	 0.0% Packages/com.unity.xr.arfoundation/Runtime/ARFoundation/ARPlaneMeshVisualizer.cs
 0.1 kb	 0.0% Packages/com.unity.xr.arfoundation/Runtime/ARFoundation/ARMeshesChangedEventArgs.cs
 0.1 kb	 0.0% Packages/com.unity.xr.arfoundation/Runtime/ARFoundation/ARLightEstimationData.cs
 0.1 kb	 0.0% Packages/com.unity.xr.arfoundation/Runtime/ARFoundation/ARFaceUpdatedEventArgs.cs
 0.1 kb	 0.0% Packages/com.unity.xr.arfoundation/Runtime/ARFoundation/ARCameraFrameEventArgs.cs
 0.1 kb	 0.0% Packages/com.unity.visualscripting/Runtime/VisualScripting.State/TriggerStateTransition.cs
 0.1 kb	 0.0% Packages/com.unity.visualscripting/Runtime/VisualScripting.State/INesterStateTransition.cs
 0.1 kb	 0.0% Packages/com.unity.visualscripting/Runtime/VisualScripting.Flow/UnitCategoryConverter.cs
 0.1 kb	 0.0% Packages/com.unity.visualscripting/Runtime/VisualScripting.Flow/Ports/ValueOutputDefinition.cs
 0.1 kb	 0.0% Packages/com.unity.visualscripting/Runtime/VisualScripting.Flow/Ports/IUnitValuePortDefinition.cs
 0.1 kb	 0.0% Packages/com.unity.visualscripting/Runtime/VisualScripting.Flow/Ports/IUnitInputPortDefinition.cs
 0.1 kb	 0.0% Packages/com.unity.visualscripting/Runtime/VisualScripting.Flow/Ports/ControlPortDefinition.cs
 0.1 kb	 0.0% Packages/com.unity.visualscripting/Runtime/VisualScripting.Flow/Ports/ControlOutputDefinition.cs
 0.1 kb	 0.0% Packages/com.unity.visualscripting/Runtime/VisualScripting.Flow/Ports/ControlInputDefinition.cs
 0.1 kb	 0.0% Packages/com.unity.visualscripting/Runtime/VisualScripting.Flow/Framework/Variables/Obsolete/SetApplicationVariable.cs
 0.1 kb	 0.0% Packages/com.unity.visualscripting/Runtime/VisualScripting.Flow/Framework/Variables/Obsolete/IsVariableDefinedUnit.cs
 0.1 kb	 0.0% Packages/com.unity.visualscripting/Runtime/VisualScripting.Flow/Framework/Variables/Obsolete/IsSceneVariableDefined.cs
 0.1 kb	 0.0% Packages/com.unity.visualscripting/Runtime/VisualScripting.Flow/Framework/Variables/Obsolete/IsSavedVariableDefined.cs
 0.1 kb	 0.0% Packages/com.unity.visualscripting/Runtime/VisualScripting.Flow/Framework/Variables/Obsolete/IsObjectVariableDefined.cs
 0.1 kb	 0.0% Packages/com.unity.visualscripting/Runtime/VisualScripting.Flow/Framework/Variables/Obsolete/IsGraphVariableDefined.cs
 0.1 kb	 0.0% Packages/com.unity.visualscripting/Runtime/VisualScripting.Flow/Framework/Variables/Obsolete/IApplicationVariableUnit.cs
 0.1 kb	 0.0% Packages/com.unity.visualscripting/Runtime/VisualScripting.Flow/Framework/Variables/Obsolete/GetApplicationVariable.cs
 0.1 kb	 0.0% Packages/com.unity.visualscripting/Runtime/VisualScripting.Flow/Framework/Time/WaitForEndOfFrameUnit.cs
 0.1 kb	 0.0% Packages/com.unity.visualscripting/Runtime/VisualScripting.Flow/Framework/Logic/NotApproximatelyEqual.cs
 0.1 kb	 0.0% Packages/com.unity.visualscripting/Runtime/VisualScripting.Flow/Framework/Events/Physics/OnControllerColliderHit.cs
 0.1 kb	 0.0% Packages/com.unity.visualscripting/Runtime/VisualScripting.Flow/Framework/Events/Hierarchy/OnTransformParentChanged.cs
 0.1 kb	 0.0% Packages/com.unity.visualscripting/Runtime/VisualScripting.Flow/Framework/Events/GUI/OnScrollbarValueChanged.cs
 0.1 kb	 0.0% Packages/com.unity.visualscripting/Runtime/VisualScripting.Flow/Framework/Events/GUI/OnScrollRectValueChanged.cs
 0.1 kb	 0.0% Packages/com.unity.visualscripting/Runtime/VisualScripting.Flow/Framework/Events/GUI/OnInputFieldValueChanged.cs
 0.1 kb	 0.0% Packages/com.unity.visualscripting/Runtime/VisualScripting.Flow/Framework/Events/GUI/OnDropdownValueChanged.cs
 0.1 kb	 0.0% Packages/com.unity.visualscripting/Runtime/VisualScripting.Flow/Framework/Events/Application/OnApplicationLostFocus.cs
 0.1 kb	 0.0% Packages/com.unity.visualscripting/Runtime/VisualScripting.Flow/Framework/Events/Animation/BoltNamedAnimationEvent.cs
 0.1 kb	 0.0% Packages/com.unity.visualscripting/Runtime/VisualScripting.Flow/Framework/Collections/Dictionaries/DictionaryContainsKey.cs
 0.1 kb	 0.0% Packages/com.unity.visualscripting/Runtime/VisualScripting.Flow/EditorBinding/UnitSurtitleAttribute.cs
 0.1 kb	 0.0% Packages/com.unity.visualscripting/Runtime/VisualScripting.Flow/EditorBinding/UnitSubtitleAttribute.cs
 0.1 kb	 0.0% Packages/com.unity.visualscripting/Runtime/VisualScripting.Flow/EditorBinding/UnitShortTitleAttribute.cs
 0.1 kb	 0.0% Packages/com.unity.visualscripting/Runtime/VisualScripting.Flow/EditorBinding/UnitFooterPortsAttribute.cs
 0.1 kb	 0.0% Packages/com.unity.visualscripting/Runtime/VisualScripting.Flow/EditorBinding/PortLabelHiddenAttribute.cs
 0.1 kb	 0.0% Packages/com.unity.visualscripting/Runtime/VisualScripting.Flow/Dependencies/NCalc/ValueExpression.cs
 0.1 kb	 0.0% Packages/com.unity.visualscripting/Runtime/VisualScripting.Flow/Dependencies/NCalc/UnaryExpression.cs
 0.1 kb	 0.0% Packages/com.unity.visualscripting/Runtime/VisualScripting.Flow/Dependencies/NCalc/ParameterArgs.cs
 0.1 kb	 0.0% Packages/com.unity.visualscripting/Runtime/VisualScripting.Flow/Dependencies/NCalc/BinaryExpression.cs
 0.1 kb	 0.0% Packages/com.unity.visualscripting/Runtime/VisualScripting.Flow/Connections/UnitConnectionDebugData.cs
 0.1 kb	 0.0% Packages/com.unity.visualscripting/Runtime/VisualScripting.Flow/Connections/IUnitConnectionDebugData.cs
 0.1 kb	 0.0% Packages/com.unity.visualscripting/Runtime/VisualScripting.Core/Variables/VariableKindAttribute.cs
 0.1 kb	 0.0% Packages/com.unity.visualscripting/Runtime/VisualScripting.Core/Variables/IGraphDataWithVariables.cs
 0.1 kb	 0.0% Packages/com.unity.visualscripting/Runtime/VisualScripting.Core/Utilities/RuntimeVSUsageUtility.cs
 0.1 kb	 0.0% Packages/com.unity.visualscripting/Runtime/VisualScripting.Core/Utilities/IAnalyticsIdentifiable.cs
 0.1 kb	 0.0% Packages/com.unity.visualscripting/Runtime/VisualScripting.Core/Utilities/ComponentHolderProtocol.cs
 0.1 kb	 0.0% Packages/com.unity.visualscripting/Runtime/VisualScripting.Core/Unity/MacroScriptableObject.cs
 0.1 kb	 0.0% Packages/com.unity.visualscripting/Runtime/VisualScripting.Core/Unity/LudiqScriptableObject.cs
 0.1 kb	 0.0% Packages/com.unity.visualscripting/Runtime/VisualScripting.Core/Serialization/SerializationOperation.cs
 0.1 kb	 0.0% Packages/com.unity.visualscripting/Runtime/VisualScripting.Core/Serialization/ISerializationDepender.cs
 0.1 kb	 0.0% Packages/com.unity.visualscripting/Runtime/VisualScripting.Core/Serialization/ISerializationDependency.cs
 0.1 kb	 0.0% Packages/com.unity.visualscripting/Runtime/VisualScripting.Core/Serialization/DoNotSerializeAttribute.cs
 0.1 kb	 0.0% Packages/com.unity.visualscripting/Runtime/VisualScripting.Core/Reflection/RenamedAssemblyAttribute.cs
 0.1 kb	 0.0% Packages/com.unity.visualscripting/Runtime/VisualScripting.Core/Reflection/Optimization/StaticActionInvokerBase.cs
 0.1 kb	 0.0% Packages/com.unity.visualscripting/Runtime/VisualScripting.Core/Reflection/Optimization/ReflectionFieldAccessor.cs
 0.1 kb	 0.0% Packages/com.unity.visualscripting/Runtime/VisualScripting.Core/Reflection/Operators/NumericNegationHandler.cs
 0.1 kb	 0.0% Packages/com.unity.visualscripting/Runtime/VisualScripting.Core/Reflection/Operators/MultiplicationHandler.cs
 0.1 kb	 0.0% Packages/com.unity.visualscripting/Runtime/VisualScripting.Core/Reflection/Operators/LogicalNegationHandler.cs
 0.1 kb	 0.0% Packages/com.unity.visualscripting/Runtime/VisualScripting.Core/Reflection/Operators/LessThanOrEqualHandler.cs
 0.1 kb	 0.0% Packages/com.unity.visualscripting/Runtime/VisualScripting.Core/Reflection/Operators/InvalidOperatorException.cs
 0.1 kb	 0.0% Packages/com.unity.visualscripting/Runtime/VisualScripting.Core/Reflection/Operators/BinaryOperatorHandler.cs
 0.1 kb	 0.0% Packages/com.unity.visualscripting/Runtime/VisualScripting.Core/Reflection/GenericClosingException.cs
 0.1 kb	 0.0% Packages/com.unity.visualscripting/Runtime/VisualScripting.Core/Platforms/AotIncompatibleAttribute.cs
 0.1 kb	 0.0% Packages/com.unity.visualscripting/Runtime/VisualScripting.Core/Listeners/IGraphEventListenerData.cs
 0.1 kb	 0.0% Packages/com.unity.visualscripting/Runtime/VisualScripting.Core/Listeners/GlobalMessageListener.cs
 0.1 kb	 0.0% Packages/com.unity.visualscripting/Runtime/VisualScripting.Core/Listeners/AnimatorMessageListener.cs
 0.1 kb	 0.0% Packages/com.unity.visualscripting/Runtime/VisualScripting.Core/Graphs/IGraphElementWithData.cs
 0.1 kb	 0.0% Packages/com.unity.visualscripting/Runtime/VisualScripting.Core/Graphs/IGraphElementDebugData.cs
 0.1 kb	 0.0% Packages/com.unity.visualscripting/Runtime/VisualScripting.Core/Graphs/GraphsExceptionUtility.cs
 0.1 kb	 0.0% Packages/com.unity.visualscripting/Runtime/VisualScripting.Core/Graphs/GraphPointerException.cs
 0.1 kb	 0.0% Packages/com.unity.visualscripting/Runtime/VisualScripting.Core/EditorBinding/NullMeansSelfAttribute.cs
 0.1 kb	 0.0% Packages/com.unity.visualscripting/Runtime/VisualScripting.Core/EditorBinding/Inspector/InspectorWideAttribute.cs
 0.1 kb	 0.0% Packages/com.unity.visualscripting/Runtime/VisualScripting.Core/EditorBinding/Inspector/InspectorRangeAttribute.cs
 0.1 kb	 0.0% Packages/com.unity.visualscripting/Runtime/VisualScripting.Core/EditorBinding/Inspector/InspectorLabelAttribute.cs
 0.1 kb	 0.0% Packages/com.unity.visualscripting/Runtime/VisualScripting.Core/EditorBinding/InspectableIfAttribute.cs
 0.1 kb	 0.0% Packages/com.unity.visualscripting/Runtime/VisualScripting.Core/EditorBinding/IInspectableAttribute.cs
 0.1 kb	 0.0% Packages/com.unity.visualscripting/Runtime/VisualScripting.Core/EditorBinding/ExpectedTypeAttribute.cs
 0.1 kb	 0.0% Packages/com.unity.visualscripting/Runtime/VisualScripting.Core/Collections/INotifiedCollectionItem.cs
 0.1 kb	 0.0% Packages/com.unity.visualscripting/Runtime/VisualScripting.Core/Cloning/Cloners/FakeSerializationCloner.cs
 0.1 kb	 0.0% Packages/com.unity.ugui/Runtime/TMP/TMP_SpriteAssetImportFormats.cs
 0.1 kb	 0.0% Packages/com.unity.shadergraph/ShaderGraphLibrary/DummyShaderGraphLibrary.cs
 0.1 kb	 0.0% Packages/com.unity.render-pipelines.universal/ShaderLibrary/ShaderTypes.cs
 0.1 kb	 0.0% Packages/com.unity.render-pipelines.universal/ShaderLibrary/Deprecated.cs
 0.1 kb	 0.0% Packages/com.unity.render-pipelines.universal/Runtime/Tiling/TileSize.cs
 0.1 kb	 0.0% Packages/com.unity.render-pipelines.universal/Runtime/2D/UTess2D/UTess.cs
 0.1 kb	 0.0% Packages/com.unity.render-pipelines.universal/Runtime/2D/Shadows/ShadowProvider/ShadowMesh2D.cs
 0.1 kb	 0.0% Packages/com.unity.render-pipelines.universal/Runtime/2D/Shadows/ShadowProvider/ShadowEdge.cs
 0.1 kb	 0.0% Packages/com.unity.render-pipelines.universal/Runtime/2D/Shadows/ShadowProvider/IEdgeStore.cs
 0.1 kb	 0.0% Packages/com.unity.render-pipelines.universal/Runtime/2D/Rendergraph/UpscalePass.cs
 0.1 kb	 0.0% Packages/com.unity.render-pipelines.universal/Runtime/2D/Renderer2D.cs
 0.1 kb	 0.0% Packages/com.unity.render-pipelines.universal/Runtime/2D/Passes/Utility/LightBatch.cs
 0.1 kb	 0.0% Packages/com.unity.render-pipelines.universal/Runtime/2D/Passes/Utility/LayerUtility.cs
 0.1 kb	 0.0% Packages/com.unity.render-pipelines.universal/Runtime/2D/LightUtility.cs
 0.1 kb	 0.0% Packages/com.unity.render-pipelines.core/Runtime/Utilities/SceneRenderPipeline.cs
 0.1 kb	 0.0% Packages/com.unity.render-pipelines.core/Runtime/Utilities/MaterialQuality.cs
 0.1 kb	 0.0% Packages/com.unity.render-pipelines.core/Runtime/Utilities/CullContextData.cs
 0.1 kb	 0.0% Packages/com.unity.render-pipelines.core/Runtime/Utilities/CameraCaptureBridge.cs
 0.1 kb	 0.0% Packages/com.unity.render-pipelines.core/Runtime/ShaderGenerator/ShaderGeneratorAttributes.cs
 0.1 kb	 0.0% Packages/com.unity.render-pipelines.core/Runtime/RenderGraph/RenderGraph.cs
 0.1 kb	 0.0% Packages/com.unity.render-pipelines.core/Runtime/PostProcessing/LensFlareCommonSRP.cs
 0.1 kb	 0.0% Packages/com.unity.render-pipelines.core/Runtime/LookDev/IDataProvider.cs
 0.1 kb	 0.0% Packages/com.unity.render-pipelines.core/Runtime/Lighting/SphericalHarmonics.cs
 0.1 kb	 0.0% Packages/com.unity.render-pipelines.core/Runtime/Lighting/ProbeVolume/ProbeVolumesOptions.cs
 0.1 kb	 0.0% Packages/com.unity.render-pipelines.core/Runtime/Lighting/ProbeVolume/ProbeVolumeSceneData.cs
 0.1 kb	 0.0% Packages/com.unity.render-pipelines.core/Runtime/Lighting/ProbeVolume/ProbeVolumeGIContributor.cs
 0.1 kb	 0.0% Packages/com.unity.render-pipelines.core/Runtime/Lighting/ProbeVolume/ProbeVolumeBakingSet.cs
 0.1 kb	 0.0% Packages/com.unity.render-pipelines.core/Runtime/Lighting/ProbeVolume/ProbeVolumeAsset.cs
 0.1 kb	 0.0% Packages/com.unity.render-pipelines.core/Runtime/Lighting/ProbeVolume/ProbeReferenceVolume.cs
 0.1 kb	 0.0% Packages/com.unity.render-pipelines.core/Runtime/Documentation.cs
 0.1 kb	 0.0% Packages/com.unity.render-pipelines.core/Runtime/Debugging/Prefabs/Scripts/DebugUIHandlerWidget.cs
 0.1 kb	 0.0% Packages/com.unity.render-pipelines.core/Runtime/Debugging/Prefabs/Scripts/DebugUIHandlerValue.cs
 0.1 kb	 0.0% Packages/com.unity.render-pipelines.core/Runtime/Debugging/Prefabs/Scripts/DebugUIHandlerVBox.cs
 0.1 kb	 0.0% Packages/com.unity.render-pipelines.core/Runtime/Debugging/Prefabs/Scripts/DebugUIHandlerToggle.cs
 0.1 kb	 0.0% Packages/com.unity.render-pipelines.core/Runtime/Debugging/Prefabs/Scripts/DebugUIHandlerRow.cs
 0.1 kb	 0.0% Packages/com.unity.render-pipelines.core/Runtime/Debugging/Prefabs/Scripts/DebugUIHandlerPanel.cs
 0.1 kb	 0.0% Packages/com.unity.render-pipelines.core/Runtime/Debugging/Prefabs/Scripts/DebugUIHandlerObject.cs
 0.1 kb	 0.0% Packages/com.unity.render-pipelines.core/Runtime/Debugging/Prefabs/Scripts/DebugUIHandlerHBox.cs
 0.1 kb	 0.0% Packages/com.unity.render-pipelines.core/Runtime/Debugging/Prefabs/Scripts/DebugUIHandlerGroup.cs
 0.1 kb	 0.0% Packages/com.unity.render-pipelines.core/Runtime/Debugging/Prefabs/Scripts/DebugUIHandlerColor.cs
 0.1 kb	 0.0% Packages/com.unity.render-pipelines.core/Runtime/Debugging/Prefabs/Scripts/DebugUIHandlerCanvas.cs
 0.1 kb	 0.0% Packages/com.unity.render-pipelines.core/Runtime/Debugging/Prefabs/Scripts/DebugUIHandlerButton.cs
 0.1 kb	 0.0% Packages/com.unity.render-pipelines.core/Runtime/Debugging/MousePositionDebug.cs
 0.1 kb	 0.0% Packages/com.unity.render-pipelines.core/Runtime/Debugging/IVolumeDebugSettings.cs
 0.1 kb	 0.0% Packages/com.unity.render-pipelines.core/Runtime/Debugging/FrameTiming/FrameTimeBottleneck.cs
 0.1 kb	 0.0% Packages/com.unity.render-pipelines.core/Runtime/Common/Swap.Extensions.cs
 0.1 kb	 0.0% Packages/com.unity.render-pipelines.core/Runtime/Common/ReloadGroupAttribute.cs
 0.1 kb	 0.0% Packages/com.unity.render-pipelines.core/Runtime/Common/CommandBufferPool.cs
 0.1 kb	 0.0% Packages/com.unity.render-pipelines.core/Runtime/CommandBuffers/UnsafeCommandBuffer.cs
 0.1 kb	 0.0% Packages/com.unity.render-pipelines.core/Runtime/CommandBuffers/RasterCommandBuffer.cs
 0.1 kb	 0.0% Packages/com.unity.render-pipelines.core/Runtime/CommandBuffers/IUnsafeCommandBuffer.cs
 0.1 kb	 0.0% Packages/com.unity.render-pipelines.core/Runtime/CommandBuffers/IRasterCommandBuffer.cs
 0.1 kb	 0.0% Packages/com.unity.render-pipelines.core/Runtime/CommandBuffers/IBaseCommandBuffer.cs
 0.1 kb	 0.0% Packages/com.unity.render-pipelines.core/Runtime/CommandBuffers/ComputeCommandBuffer.cs
 0.1 kb	 0.0% Packages/com.unity.render-pipelines.core/Runtime/CommandBuffers/CommandBufferHelpers.cs
 0.1 kb	 0.0% Packages/com.unity.multiplayer.center/Common/StyleConstants.cs
 0.1 kb	 0.0% Packages/com.unity.inputsystem/InputSystem/State/IInputStateChangeMonitor.cs
 0.1 kb	 0.0% Packages/com.unity.inputsystem/InputSystem/Plugins/iOS/IOSGameController.cs
 0.1 kb	 0.0% Packages/com.unity.inputsystem/InputSystem/Plugins/XInput/XInputControllerWindows.cs
 0.1 kb	 0.0% Packages/com.unity.inputsystem/InputSystem/Plugins/Users/InputUserAccountHandle.cs
 0.1 kb	 0.0% Packages/com.unity.inputsystem/InputSystem/Plugins/Switch/SwitchProControllerHID.cs
 0.1 kb	 0.0% Packages/com.unity.inputsystem/InputSystem/Plugins/PlayerInput/PlayerInputManagerEditor.cs
 0.1 kb	 0.0% Packages/com.unity.inputsystem/InputSystem/Plugins/OSX/OSXGameController.cs
 0.1 kb	 0.0% Packages/com.unity.inputsystem/InputSystem/Plugins/EnhancedTouch/EnhancedTouchSupport.cs
 0.1 kb	 0.0% Packages/com.unity.inputsystem/InputSystem/Events/DeviceConfigurationEvent.cs
 0.1 kb	 0.0% Packages/com.unity.inputsystem/InputSystem/Editor/UITKAssetEditor/Views/VisualElementExtensions.cs
 0.1 kb	 0.0% Packages/com.unity.inputsystem/InputSystem/Editor/UITKAssetEditor/Views/InputActionsTreeViewItem.cs
 0.1 kb	 0.0% Packages/com.unity.inputsystem/InputSystem/Editor/UITKAssetEditor/Views/InputActionsEditorView.cs
 0.1 kb	 0.0% Packages/com.unity.inputsystem/InputSystem/Editor/UITKAssetEditor/Views/BindingPropertiesView.cs
 0.1 kb	 0.0% Packages/com.unity.inputsystem/InputSystem/Editor/UITKAssetEditor/SerializedInputBinding.cs
 0.1 kb	 0.0% Packages/com.unity.inputsystem/InputSystem/Editor/UITKAssetEditor/SerializedInputActionMap.cs
 0.1 kb	 0.0% Packages/com.unity.inputsystem/InputSystem/Editor/UITKAssetEditor/SerializedInputAction.cs
 0.1 kb	 0.0% Packages/com.unity.inputsystem/InputSystem/Editor/UITKAssetEditor/InputActionsEditorWindow.cs
 0.1 kb	 0.0% Packages/com.unity.inputsystem/InputSystem/Editor/UITKAssetEditor/InputActionsEditorState.cs
 0.1 kb	 0.0% Packages/com.unity.inputsystem/InputSystem/Editor/UITKAssetEditor/Commands/ControlSchemeCommands.cs
 0.1 kb	 0.0% Packages/com.unity.inputsystem/InputSystem/Editor/Settings/InputSettingsProvider.cs
 0.1 kb	 0.0% Packages/com.unity.inputsystem/InputSystem/Editor/Settings/InputEditorUserSettings.cs
 0.1 kb	 0.0% Packages/com.unity.inputsystem/InputSystem/Editor/PropertyDrawers/InputControlPathDrawer.cs
 0.1 kb	 0.0% Packages/com.unity.inputsystem/InputSystem/Editor/PropertyDrawers/InputActionDrawerBase.cs
 0.1 kb	 0.0% Packages/com.unity.inputsystem/InputSystem/Editor/PropertyDrawers/InputActionAssetDrawer.cs
 0.1 kb	 0.0% Packages/com.unity.inputsystem/InputSystem/Editor/ProjectWideActions/ProjectWideActionsAsset.cs
 0.1 kb	 0.0% Packages/com.unity.inputsystem/InputSystem/Editor/Internal/AdvancedDropdown/AdvancedDropdownWindow.cs
 0.1 kb	 0.0% Packages/com.unity.inputsystem/InputSystem/Editor/Internal/AdvancedDropdown/AdvancedDropdownState.cs
 0.1 kb	 0.0% Packages/com.unity.inputsystem/InputSystem/Editor/InputSystemPluginControl.cs
 0.1 kb	 0.0% Packages/com.unity.inputsystem/InputSystem/Editor/InputLayoutCodeGenerator.cs
 0.1 kb	 0.0% Packages/com.unity.inputsystem/InputSystem/Editor/InputAssetEditorUtils.cs
 0.1 kb	 0.0% Packages/com.unity.inputsystem/InputSystem/Editor/Debugger/InputLatencyCalculator.cs
 0.1 kb	 0.0% Packages/com.unity.inputsystem/InputSystem/Editor/ControlPicker/InputControlPickerState.cs
 0.1 kb	 0.0% Packages/com.unity.inputsystem/InputSystem/Editor/ControlPicker/InputControlPathEditor.cs
 0.1 kb	 0.0% Packages/com.unity.inputsystem/InputSystem/Editor/ControlPicker/InputControlDropdownItem.cs
 0.1 kb	 0.0% Packages/com.unity.inputsystem/InputSystem/Editor/AssetImporter/InputActionCodeGenerator.cs
 0.1 kb	 0.0% Packages/com.unity.inputsystem/InputSystem/Editor/AssetImporter/InputActionAssetEditor.cs
 0.1 kb	 0.0% Packages/com.unity.inputsystem/InputSystem/Editor/AssetImporter/IInputActionAssetEditor.cs
 0.1 kb	 0.0% Packages/com.unity.inputsystem/InputSystem/Editor/AssetEditor/InputActionEditorWindow.cs
 0.1 kb	 0.0% Packages/com.unity.inputsystem/InputSystem/Editor/AssetEditor/InputActionEditorToolbar.cs
 0.1 kb	 0.0% Packages/com.unity.inputsystem/InputSystem/Editor/AssetEditor/InputActionAssetManager.cs
 0.1 kb	 0.0% Packages/com.unity.inputsystem/InputSystem/Devices/Remote/RemoteInputPlayerConnection.cs
 0.1 kb	 0.0% Packages/com.unity.inputsystem/InputSystem/Devices/InputDeviceDescription.cs
 0.1 kb	 0.0% Packages/com.unity.inputsystem/InputSystem/Devices/Haptics/DualMotorRumbleCommand.cs
 0.1 kb	 0.0% Packages/com.unity.inputsystem/InputSystem/Devices/Commands/WarpMousePositionCommand.cs
 0.1 kb	 0.0% Packages/com.unity.inputsystem/InputSystem/Devices/Commands/QueryEnabledStateCommand.cs
 0.1 kb	 0.0% Packages/com.unity.inputsystem/InputSystem/Devices/Commands/QueryDimensionsCommand.cs
 0.1 kb	 0.0% Packages/com.unity.inputsystem/InputSystem/Devices/Commands/QueryCanRunInBackground.cs
 0.1 kb	 0.0% Packages/com.unity.inputsystem/InputSystem/Devices/Commands/IInputDeviceCommandInfo.cs
 0.1 kb	 0.0% Packages/com.unity.inputsystem/InputSystem/Controls/InputControlAttribute.cs
 0.1 kb	 0.0% Packages/com.unity.inputsystem/InputSystem/Controls/DiscreteButtonControl.cs
 0.1 kb	 0.0% Packages/com.unity.inputsystem/InputSystem/Actions/InputBindingCompositeContext.cs
 0.1 kb	 0.0% Packages/com.unity.inputsystem/InputSystem/Actions/InputActionSetupExtensions.cs
 0.1 kb	 0.0% Packages/com.unity.inputsystem/InputSystem/Actions/InputActionParameters.cs
 0.1 kb	 0.0% Packages/com.unity.collections/Unity.Collections/UnsafeAtomicCounter.cs
 0.1 kb	 0.0% Packages/com.meta.xr.sdk.voice/Scripts/Runtime/Interfaces/IPlatformVoiceServiceOverride.cs
 0.1 kb	 0.0% Packages/com.meta.xr.sdk.voice/Lib/Wit.ai/Scripts/Runtime/Data/Entities/EntityRegistryComponents/RegisteredDynamicEntityKeyword.cs
 0.1 kb	 0.0% Packages/com.meta.xr.sdk.voice/Lib/Wit.ai/Scripts/Runtime/Attributes/Attributes/VersionTagDropdownAttribute.cs
 0.1 kb	 0.0% Packages/com.meta.xr.sdk.voice/Lib/Telemetry/Scripts/Runtime/Tracing/VsdkProfiler.cs
 0.1 kb	 0.0% Packages/com.meta.xr.sdk.voice/Lib/Hub/Scripts/Runtime/Attributes/MetaHubContextAttribute.cs
 0.1 kb	 0.0% Packages/com.meta.xr.sdk.voice/Features/Dictation/source/Scripts/Runtime/Bindings/Android/IServiceEvents.cs
 0.1 kb	 0.0% Packages/com.meta.xr.sdk.voice/Features/Dictation/source/Scripts/Runtime/API/Service/AppDictationExperience.cs
 0.1 kb	 0.0% Packages/com.meta.xr.sdk.voice/Features/Dictation/source/Scripts/Runtime/API/Listeners/DictationListener.cs
 0.1 kb	 0.0% Packages/com.meta.xr.sdk.voice/Features/Composer/Composer/Scripts/Runtime/AppComposerExperience.cs
 0.1 kb	 0.0% Packages/com.meta.xr.sdk.voice/Features/Composer/Composer/Lib/Wit.ai/Features/composer/Scripts/Runtime/Interfaces/IComposerSpeechHandler.cs
 0.1 kb	 0.0% Packages/com.meta.xr.sdk.voice/Features/Composer/Composer/Lib/Wit.ai/Features/composer/Scripts/Runtime/Interfaces/IComposerSessionProvider.cs
 0.1 kb	 0.0% Packages/com.meta.xr.sdk.voice/Features/Composer/Composer/Lib/Wit.ai/Features/composer/Scripts/Runtime/Interfaces/IComposerRequestHandler.cs
 0.1 kb	 0.0% Packages/com.meta.xr.sdk.voice/Features/Composer/Composer/Lib/Wit.ai/Features/composer/Scripts/Runtime/Interfaces/IComposerActionHandler.cs
 0.1 kb	 0.0% Packages/com.meta.xr.sdk.interaction/Runtime/Scripts/Unity/UnityCanvas/UpdateCanvasSortingOrder.cs
 0.1 kb	 0.0% Packages/com.meta.xr.sdk.interaction/Runtime/Scripts/Throw/StandardVelocityCalculator.cs
 0.1 kb	 0.0% Packages/com.meta.xr.sdk.interaction/Runtime/Scripts/Throw/ControllerPoseInputDevice.cs
 0.1 kb	 0.0% Packages/com.meta.xr.sdk.interaction/Runtime/Scripts/Selection/Hands/WristAngleActiveState.cs
 0.1 kb	 0.0% Packages/com.meta.xr.sdk.interaction/Runtime/Scripts/PoseDetection/JointVelocityActiveState.cs
 0.1 kb	 0.0% Packages/com.meta.xr.sdk.interaction/Runtime/Scripts/PoseDetection/JointRotationActiveState.cs
 0.1 kb	 0.0% Packages/com.meta.xr.sdk.interaction/Runtime/Scripts/PoseDetection/JointDistanceActiveState.cs
 0.1 kb	 0.0% Packages/com.meta.xr.sdk.interaction/Runtime/Scripts/PoseDetection/FingerFeatureProperties.cs
 0.1 kb	 0.0% Packages/com.meta.xr.sdk.interaction/Runtime/Scripts/PoseDetection/Debug/HandShapeDebugVisual.cs
 0.1 kb	 0.0% Packages/com.meta.xr.sdk.interaction/Runtime/Scripts/PoseDetection/Debug/ActiveStateDebugTree.cs
 0.1 kb	 0.0% Packages/com.meta.xr.sdk.interaction/Runtime/Scripts/Interaction/Models/Locomotion/Turn/TurnerEventBroadcaster.cs
 0.1 kb	 0.0% Packages/com.meta.xr.sdk.interaction/Runtime/Scripts/Interaction/Models/Locomotion/Turn/AnimatedSnapTurnVisuals.cs
 0.1 kb	 0.0% Packages/com.meta.xr.sdk.interaction/Runtime/Scripts/Interaction/Models/Locomotion/Tunneling/WallPenetrationTunneling.cs
 0.1 kb	 0.0% Packages/com.meta.xr.sdk.interaction/Runtime/Scripts/Interaction/Models/Locomotion/LocomotionActiveState.cs
 0.1 kb	 0.0% Packages/com.meta.xr.sdk.interaction/Runtime/Scripts/Interaction/Models/Locomotion/ILocomotionEventHandler.cs
 0.1 kb	 0.0% Packages/com.meta.xr.sdk.interaction/Runtime/Scripts/Interaction/Models/Locomotion/CapsuleLocomotionHandler.cs
 0.1 kb	 0.0% Packages/com.meta.xr.sdk.interaction/Runtime/Scripts/Input/OneEuroFilter/OneEuroFilterPropertyBlock.cs
 0.1 kb	 0.0% Packages/com.meta.xr.sdk.interaction/Runtime/Scripts/Input/ITrackingToWorldTransformer.cs
 0.1 kb	 0.0% Packages/com.meta.xr.sdk.interaction/Runtime/Scripts/Input/Controllers/SyntheticControllerInHand.cs
 0.1 kb	 0.0% Packages/com.meta.xr.sdk.interaction/Runtime/Scripts/Input/Controllers/ControllerDataSourceConfig.cs
 0.1 kb	 0.0% Packages/com.meta.xr.sdk.interaction/Runtime/Scripts/Body/PoseDetection/BodyPoseDebugGizmos.cs
 0.1 kb	 0.0% Packages/com.meta.xr.sdk.interaction/Runtime/Sample/Scripts/Body/PoseCaptureCountdown.cs
 0.1 kb	 0.0% Packages/com.meta.xr.sdk.interaction.ovr/Runtime/Sample/Scripts/Menu/ISDKSceneMenuManager.cs
 0.1 kb	 0.0% Packages/com.meta.xr.sdk.core/Scripts/ImmersiveDebugger/Utils/MemberInfoExtensions.cs
 0.1 kb	 0.0% Packages/com.meta.xr.sdk.core/Scripts/ImmersiveDebugger/UserInterface/Utils/ProxyInputModule.cs
 0.1 kb	 0.0% Packages/com.meta.xr.sdk.core/Scripts/ImmersiveDebugger/UserInterface/Utils/ProxyCameraRig.cs
 0.1 kb	 0.0% Packages/com.meta.xr.sdk.core/Scripts/ImmersiveDebugger/UserInterface/Utils/PanelScrollRect.cs
 0.1 kb	 0.0% Packages/com.meta.xr.sdk.core/Scripts/ImmersiveDebugger/UserInterface/Utils/PanelRaycaster.cs
 0.1 kb	 0.0% Packages/com.meta.xr.sdk.core/Scripts/ImmersiveDebugger/UserInterface/Utils/PanelInputModule.cs
 0.1 kb	 0.0% Packages/com.meta.xr.sdk.core/Scripts/ImmersiveDebugger/UserInterface/Resources/Styles/ImageStyles/PanelButtonBackground.asset
 0.1 kb	 0.0% Packages/com.meta.xr.sdk.core/Scripts/ImmersiveDebugger/UserInterface/Resources/Styles/ImageStyles/MemberValueBackground.asset
 0.1 kb	 0.0% Packages/com.meta.xr.sdk.core/Scripts/ImmersiveDebugger/UserInterface/Resources/Styles/ImageStyles/MemberActionBackground.asset
 0.1 kb	 0.0% Packages/com.meta.xr.sdk.core/Scripts/ImmersiveDebugger/UserInterface/Resources/Styles/ImageStyles/LogDetailPaneCloseButton.asset
 0.1 kb	 0.0% Packages/com.meta.xr.sdk.core/Scripts/ImmersiveDebugger/UserInterface/Resources/Styles/ImageStyles/LogDetailPaneBackground.asset
 0.1 kb	 0.0% Packages/com.meta.xr.sdk.core/Scripts/ImmersiveDebugger/UserInterface/Resources/Styles/ImageStyles/InspectorTitleBackground.asset
 0.1 kb	 0.0% Packages/com.meta.xr.sdk.core/Scripts/ImmersiveDebugger/UserInterface/Resources/Styles/ImageStyles/HierarchyItemBackground.asset
 0.1 kb	 0.0% Packages/com.meta.xr.sdk.core/Scripts/ImmersiveDebugger/UserInterface/Resources/Styles/ImageStyles/HierarchyDivBackground.asset
 0.1 kb	 0.0% Packages/com.meta.xr.sdk.core/Scripts/ImmersiveDebugger/UserInterface/Resources/Styles/ImageStyles/DropdownValueBackground.asset
 0.1 kb	 0.0% Packages/com.meta.xr.sdk.core/Scripts/ImmersiveDebugger/UserInterface/Resources/Styles/ImageStyles/ConsoleLineBackground.asset
 0.1 kb	 0.0% Packages/com.meta.xr.sdk.core/Scripts/ImmersiveDebugger/UserInterface/Resources/Styles/ImageStyles/CloseButtonBackground.asset
 0.1 kb	 0.0% Packages/com.meta.xr.sdk.core/Scripts/ImmersiveDebugger/UserInterface/Resources/Styles/ImageStyles/CategoryButtonBackground.asset
 0.1 kb	 0.0% Packages/com.meta.xr.sdk.core/Scripts/ImmersiveDebugger/UserInterface/Resources/Styles/ImageStyles/CategoriesDivBackground.asset
 0.1 kb	 0.0% Packages/com.meta.xr.sdk.core/Scripts/ImmersiveDebugger/UserInterface/InspectorPanel.cs
 0.1 kb	 0.0% Packages/com.meta.xr.sdk.core/Scripts/ImmersiveDebugger/UserInterface/IDebugUIPanel.cs
 0.1 kb	 0.0% Packages/com.meta.xr.sdk.core/Scripts/ImmersiveDebugger/UserInterface/Generic/Styles/Implementations/TextStyle.cs
 0.1 kb	 0.0% Packages/com.meta.xr.sdk.core/Scripts/ImmersiveDebugger/UserInterface/Generic/Styles/Implementations/LayoutStyle.cs
 0.1 kb	 0.0% Packages/com.meta.xr.sdk.core/Scripts/ImmersiveDebugger/UserInterface/Generic/Styles/Implementations/ImageStyle.cs
 0.1 kb	 0.0% Packages/com.meta.xr.sdk.core/Scripts/ImmersiveDebugger/UserInterface/Generic/Controllers/Interface.cs
 0.1 kb	 0.0% Packages/com.meta.xr.sdk.core/Scripts/ImmersiveDebugger/UserInterface/Generic/Controllers/Implementations/ScrollView.cs
 0.1 kb	 0.0% Packages/com.meta.xr.sdk.core/Scripts/ImmersiveDebugger/UserInterface/Generic/Controllers/Implementations/Background.cs
 0.1 kb	 0.0% Packages/com.meta.xr.sdk.core/Scripts/ImmersiveDebugger/UserInterface/Generic/Controllers/Controller.cs
 0.1 kb	 0.0% Packages/com.meta.xr.sdk.core/Scripts/ImmersiveDebugger/UserInterface/DebugInterface.cs
 0.1 kb	 0.0% Packages/com.meta.xr.sdk.core/Scripts/ImmersiveDebugger/UserInterface/CategoryButton.cs
 0.1 kb	 0.0% Packages/com.meta.xr.sdk.core/Scripts/ImmersiveDebugger/Gizmos/GizmoTypesRegistry.cs
 0.1 kb	 0.0% Packages/com.meta.xr.sdk.core/Scripts/ImmersiveDebugger/Gizmos/GizmoRendererManager.cs
 0.1 kb	 0.0% Packages/com.meta.xr.sdk.core/Scripts/BuildingBlocks/MultiplayerBlocks/Shared/Colocation/ColocationPackage/Runtime/NetworkImpl/NetworkDataUtils.cs
 0.1 kb	 0.0% Packages/com.meta.xr.sdk.core/Scripts/BuildingBlocks/MultiplayerBlocks/Shared/Colocation/ColocationPackage/Runtime/NetworkImpl/NetworkAdapter.cs
 0.1 kb	 0.0% Packages/com.meta.xr.sdk.core/Scripts/BuildingBlocks/MultiplayerBlocks/PhotonFusion/Colocation/Scripts/FusionPlayer.cs
 0.1 kb	 0.0% Packages/com.meta.xr.sdk.core/Scripts/BuildingBlocks/MultiplayerBlocks/PhotonFusion/Colocation/Scripts/FusionAnchor.cs
 0.1 kb	 0.0% Built-in Texture2D: Splash Screen Unity Logo
 0.1 kb	 0.0% Assets/TextMesh Pro/Resources/LineBreaking Leading Characters.txt
 0.1 kb	 0.0% Assets/ERL/Textures/racing_tape_startline.png
 0.1 kb	 0.0% Assets/ERL/Scripts/Server/ServerManagerBaseNetwork.cs
 0.1 kb	 0.0% Assets/ERL/Scripts/RestClient/Scripts/RestClientGetAndPostExample.cs
 0.1 kb	 0.0% Assets/ERL/Scripts/Models/SessionDataNetworkStruct.cs
 0.1 kb	 0.0% Assets/ERL/Scripts/M2Mqtt/Messages/MqttMsgPublishEventArgs.cs
 0.1 kb	 0.0% Assets/ERL/Scripts/M2Mqtt/Messages/MqttMsgConnectEventArgs.cs
 0.1 kb	 0.0% Packages/com.unity.xr.openxr/Runtime/Features/OpenXRInteractionFeature.cs
 0.1 kb	 0.0% Packages/com.unity.xr.openxr/Runtime/Features/OpenXRFeatureAttribute.cs
 0.1 kb	 0.0% Packages/com.unity.xr.openxr/Runtime/Features/FoveatedRenderingFeature.cs
 0.1 kb	 0.0% Packages/com.unity.xr.openxr/MockRuntime/MockRuntime.cs
 0.1 kb	 0.0% Packages/com.unity.xr.meta-openxr/Runtime/Subsystems/Occlusion/AROcclusionFeature.cs
 0.1 kb	 0.0% Packages/com.unity.xr.meta-openxr/Runtime/Subsystems/BoundingBox/ARBoundingBoxFeature.cs
 0.1 kb	 0.0% Packages/com.unity.xr.management/Runtime/XRManagementAnalytics.cs
 0.1 kb	 0.0% Packages/com.unity.xr.management/Runtime/XRConfigurationData.cs
 0.1 kb	 0.0% Packages/com.unity.xr.legacyinputhelpers/Runtime/TrackedPoseDriver/TrackedPoseDriver.cs
 0.1 kb	 0.0% Packages/com.unity.xr.legacyinputhelpers/Runtime/CameraOffset.cs
 0.1 kb	 0.0% Packages/com.unity.xr.interaction.toolkit/Runtime/XR/SortingHelpers.cs
 0.1 kb	 0.0% Packages/com.unity.xr.interaction.toolkit/Runtime/Utilities/ProjectPath.cs
 0.1 kb	 0.0% Packages/com.unity.xr.interaction.toolkit/Runtime/Locomotion/Legacy/LocomotionSystem.cs
 0.1 kb	 0.0% Packages/com.unity.xr.interaction.toolkit/Runtime/Interaction/Filtering/Poke/XRPokeLogic.cs
 0.1 kb	 0.0% Packages/com.unity.xr.interaction.toolkit/Runtime/Interaction/Filtering/Poke/XRPokeFilter.cs
 0.1 kb	 0.0% Packages/com.unity.xr.interaction.toolkit/Runtime/Interaction/Controllers/XRBaseController.cs
 0.1 kb	 0.0% Packages/com.unity.xr.interaction.toolkit/Runtime/Interaction/Controllers/InteractionState.cs
 0.1 kb	 0.0% Packages/com.unity.xr.interaction.toolkit/Runtime/AR/Interactors/IARInteractor.cs
 0.1 kb	 0.0% Packages/com.unity.xr.hands/Runtime/XRHandProcessingUtility.cs
 0.1 kb	 0.0% Packages/com.unity.xr.hands/Runtime/Gestures/XRHandOrientationUtility.cs
 0.1 kb	 0.0% Packages/com.unity.xr.hands/Runtime/Gestures/XRFingerShapeCondition.cs
 0.1 kb	 0.0% Packages/com.unity.xr.arfoundation/Runtime/Simulation/XRSimulationPreferences.cs
 0.1 kb	 0.0% Packages/com.unity.xr.arfoundation/Runtime/Simulation/Subsystems/Plane/SimulationPlaneSubsystem.cs
 0.1 kb	 0.0% Packages/com.unity.xr.arfoundation/Runtime/Simulation/Subsystems/Plane/PlaneDiscoveryVoxelGrid.cs
 0.1 kb	 0.0% Packages/com.unity.xr.arfoundation/Runtime/Simulation/Subsystems/Meshing/SimulationMeshSubsystem.cs
 0.1 kb	 0.0% Packages/com.unity.xr.arfoundation/Runtime/Simulation/Subsystems/EnvironmentScanParams.cs
 0.1 kb	 0.0% Packages/com.unity.xr.arfoundation/Runtime/Simulation/Subsystems/EnvironmentProbe/EnvironmentProbeParams.cs
 0.1 kb	 0.0% Packages/com.unity.xr.arfoundation/Runtime/Simulation/Subsystems/CpuImage/SimulationXRCpuImageApi.cs
 0.1 kb	 0.0% Packages/com.unity.xr.arfoundation/Runtime/Simulation/Subsystems/CameraTextureProvider.cs
 0.1 kb	 0.0% Packages/com.unity.xr.arfoundation/Runtime/Simulation/Subsystems/Anchors/SimulationAnchorParams.cs
 0.1 kb	 0.0% Packages/com.unity.xr.arfoundation/Runtime/Simulation/SimulationXRayManager.cs
 0.1 kb	 0.0% Packages/com.unity.xr.arfoundation/Runtime/Simulation/SimulationSceneManager.cs
 0.1 kb	 0.0% Packages/com.unity.xr.arfoundation/Runtime/Simulation/Input/XRSimulationInputActions.cs
 0.1 kb	 0.0% Packages/com.unity.xr.arfoundation/Runtime/Simulation/Environment/XREnvironmentViewCamera.cs
 0.1 kb	 0.0% Packages/com.unity.xr.arfoundation/Runtime/Simulation/Environment/SimulationRenderSettings.cs
 0.1 kb	 0.0% Packages/com.unity.xr.arfoundation/Runtime/Simulation/Environment/SimulationEnvironment.cs
 0.1 kb	 0.0% Packages/com.unity.xr.arfoundation/Runtime/Simulation/Environment/SimulatedTrackedImage.cs
 0.1 kb	 0.0% Packages/com.unity.xr.arfoundation/Runtime/Simulation/Environment/SimulatedBoundedPlane.cs
 0.1 kb	 0.0% Packages/com.unity.xr.arfoundation/Runtime/ARSubsystems/PointCloudSubsystem/XRDepthSubsystem.deprecated.cs
 0.1 kb	 0.0% Packages/com.unity.xr.arfoundation/Runtime/ARFoundation/LightEstimation.cs
 0.1 kb	 0.0% Packages/com.unity.xr.arfoundation/Runtime/ARFoundation/CameraFacingDirection.cs
 0.1 kb	 0.0% Packages/com.unity.xr.arfoundation/Editor/Simulation/XRSimulationSettings.cs
 0.1 kb	 0.0% Packages/com.unity.visualscripting/Runtime/VisualScripting.Core/Reflection/Optimization/StaticActionInvoker_5.cs
 0.1 kb	 0.0% Packages/com.unity.visualscripting/Runtime/VisualScripting.Core/Reflection/Optimization/StaticActionInvoker_4.cs
 0.1 kb	 0.0% Packages/com.unity.visualscripting/Runtime/VisualScripting.Core/Reflection/Optimization/StaticActionInvoker_3.cs
 0.1 kb	 0.0% Packages/com.unity.visualscripting/Runtime/VisualScripting.Core/Reflection/Optimization/StaticActionInvoker_2.cs
 0.1 kb	 0.0% Packages/com.unity.visualscripting/Runtime/VisualScripting.Core/Reflection/Optimization/StaticActionInvoker_1.cs
 0.1 kb	 0.0% Packages/com.unity.visualscripting/Runtime/VisualScripting.Core/Reflection/Optimization/StaticActionInvoker_0.cs
 0.1 kb	 0.0% Packages/com.unity.visualscripting/Runtime/VisualScripting.Core/Ensure/EnsureThat.NullableValueTypes.cs
 0.1 kb	 0.0% Packages/com.unity.visualscripting/Runtime/VisualScripting.Core/Dependencies/FullSerializer/fsJsonPrinter.cs
 0.1 kb	 0.0% Packages/com.unity.visualscripting/Runtime/VisualScripting.Core/Dependencies/FullSerializer/fsBaseConverter.cs
 0.1 kb	 0.0% Packages/com.unity.visualscripting/Runtime/VisualScripting.Core/Dependencies/FullSerializer/Reflection/fsMetaProperty.cs
 0.1 kb	 0.0% Packages/com.unity.visualscripting/Runtime/VisualScripting.Core/Dependencies/FullSerializer/Converters/fsTypeConverter.cs
 0.1 kb	 0.0% Packages/com.unity.visualscripting/Runtime/VisualScripting.Core/Dependencies/FullSerializer/Converters/fsGuidConverter.cs
 0.1 kb	 0.0% Packages/com.unity.visualscripting/Runtime/VisualScripting.Core/Dependencies/FullSerializer/Converters/fsEnumConverter.cs
 0.1 kb	 0.0% Packages/com.unity.visualscripting/Runtime/VisualScripting.Core/Dependencies/FullSerializer/Converters/fsDateConverter.cs
 0.1 kb	 0.0% Packages/com.unity.visualscripting/Runtime/VisualScripting.Core/Dependencies/FullSerializer/Converters/fsArrayConverter.cs
 0.1 kb	 0.0% Packages/com.unity.ugui/Runtime/UGUI/UI/Core/Layout/HorizontalOrVerticalLayoutGroup.cs
 0.1 kb	 0.0% Packages/com.unity.rendering.light-transport/Runtime/UnifiedRayTracing/Compute/RadeonRays/RadixSort.cs
 0.1 kb	 0.0% Packages/com.unity.rendering.light-transport/Runtime/UnifiedRayTracing/Compute/RadeonRays/HlbvhBuilder.cs
 0.1 kb	 0.0% Packages/com.unity.rendering.light-transport/Runtime/UnifiedRayTracing/Common/Utilities/Utils.cs
 0.1 kb	 0.0% Packages/com.unity.rendering.light-transport/Runtime/Sampling/SobolData.cs
 0.1 kb	 0.0% Packages/com.unity.render-pipelines.universal/Runtime/Tiling/ZBinningJob.cs
 0.1 kb	 0.0% Packages/com.unity.render-pipelines.universal/Runtime/Tiling/TilingJob.cs
 0.1 kb	 0.0% Packages/com.unity.render-pipelines.universal/Runtime/TemporalAA.cs
 0.1 kb	 0.0% Packages/com.unity.render-pipelines.universal/Runtime/ShadowUtils.cs
 0.1 kb	 0.0% Packages/com.unity.render-pipelines.universal/Runtime/ShaderUtils.cs
 0.1 kb	 0.0% Packages/com.unity.render-pipelines.universal/Runtime/ShaderData.cs
 0.1 kb	 0.0% Packages/com.unity.render-pipelines.universal/Runtime/Passes/CapturePass.cs
 0.1 kb	 0.0% Packages/com.unity.render-pipelines.universal/Runtime/Overrides/WhiteBalance.cs
 0.1 kb	 0.0% Packages/com.unity.render-pipelines.universal/Runtime/Overrides/Tonemapping.cs
 0.1 kb	 0.0% Packages/com.unity.render-pipelines.universal/Runtime/Overrides/SplitToning.cs
 0.1 kb	 0.0% Packages/com.unity.render-pipelines.universal/Runtime/Overrides/MotionBlur.cs
 0.1 kb	 0.0% Packages/com.unity.render-pipelines.universal/Runtime/Overrides/FilmGrain.cs
 0.1 kb	 0.0% Packages/com.unity.render-pipelines.universal/Runtime/Overrides/DepthOfField.cs
 0.1 kb	 0.0% Packages/com.unity.render-pipelines.universal/Runtime/Overrides/ColorLookup.cs
 0.1 kb	 0.0% Packages/com.unity.render-pipelines.universal/Runtime/Overrides/ColorCurves.cs
 0.1 kb	 0.0% Packages/com.unity.render-pipelines.universal/Runtime/Overrides/ChannelMixer.cs
 0.1 kb	 0.0% Packages/com.unity.render-pipelines.universal/Runtime/History/TaaHistory.cs
 0.1 kb	 0.0% Packages/com.unity.render-pipelines.universal/Runtime/History/StpHistory.cs
 0.1 kb	 0.0% Packages/com.unity.render-pipelines.universal/Runtime/Decal/Entities/DecalChunk.cs
 0.1 kb	 0.0% Packages/com.unity.render-pipelines.universal/Runtime/Debug/DebugHandler.cs
 0.1 kb	 0.0% Packages/com.unity.render-pipelines.core/Runtime/XR/XRMirrorView.cs
 0.1 kb	 0.0% Packages/com.unity.render-pipelines.core/Runtime/Utilities/GPUPrefixSum/GPUPrefixSum.ShaderIDs.cs
 0.1 kb	 0.0% Packages/com.unity.render-pipelines.core/Runtime/GPUDriven/Utilities/ParallelBitArray.cs
 0.1 kb	 0.0% Packages/com.unity.render-pipelines.core/Runtime/GPUDriven/Utilities/MemoryUtilities.cs
 0.1 kb	 0.0% Packages/com.unity.render-pipelines.core/Runtime/GPUDriven/LODGroupDataPool.cs
 0.1 kb	 0.0% Packages/com.unity.render-pipelines.core/Runtime/GPUDriven/InstanceCuller.cs
 0.1 kb	 0.0% Packages/com.unity.render-pipelines.core/Runtime/Deprecated.cs
 0.1 kb	 0.0% Packages/com.unity.render-pipelines.core/Runtime/Common/CoreAttributes.cs
 0.1 kb	 0.0% Packages/com.unity.render-pipelines.core/Runtime/CommandBuffers/BaseCommandBufer.cs
 0.1 kb	 0.0% Packages/com.unity.inputsystem/InputSystem/Utilities/NameAndParameters.cs
 0.1 kb	 0.0% Packages/com.unity.inputsystem/InputSystem/Utilities/CSharpCodeHelpers.cs
 0.1 kb	 0.0% Packages/com.unity.inputsystem/InputSystem/Plugins/UI/TrackedDeviceRaycaster.cs
 0.1 kb	 0.0% Packages/com.unity.inputsystem/InputSystem/Plugins/UI/MultiplayerEventSystem.cs
 0.1 kb	 0.0% Packages/com.unity.inputsystem/InputSystem/Plugins/UI/InputSystemUIInputModule.cs
 0.1 kb	 0.0% Packages/com.unity.inputsystem/InputSystem/Plugins/UI/ExtendedPointerEventData.cs
 0.1 kb	 0.0% Packages/com.unity.inputsystem/InputSystem/Plugins/UI/ExtendedAxisEventData.cs
 0.1 kb	 0.0% Packages/com.unity.inputsystem/InputSystem/Plugins/HID/HIDDescriptorWindow.cs
 0.1 kb	 0.0% Packages/com.unity.inputsystem/InputSystem/Plugins/DualShock/IDualShockHaptics.cs
 0.1 kb	 0.0% Packages/com.unity.inputsystem/InputSystem/Editor/AssetEditor/ParameterListView.cs
 0.1 kb	 0.0% Packages/com.unity.inputsystem/InputSystem/Editor/AssetEditor/InputActionTreeViewItems.cs
 0.1 kb	 0.0% Packages/com.unity.inputsystem/InputSystem/Controls/Processors/NormalizeProcessor.cs
 0.1 kb	 0.0% Packages/com.unity.inputsystem/InputSystem/Actions/Interactions/SlowTapInteraction.cs
 0.1 kb	 0.0% Packages/com.unity.inputsystem/InputSystem/Actions/Interactions/MultiTapInteraction.cs
 0.1 kb	 0.0% Packages/com.unity.inputsystem/InputSystem/Actions/Composites/OneModifierComposite.cs
 0.1 kb	 0.0% Packages/com.unity.collections/Unity.Collections/UnsafeUtilityEx.cs
 0.1 kb	 0.0% Packages/com.unity.collections/Unity.Collections/UnsafeAppendBuffer.cs
 0.1 kb	 0.0% Packages/com.unity.collections/Unity.Collections/NativeParallelHashSetExtensions.gen.cs
 0.1 kb	 0.0% Packages/com.unity.collections/Unity.Collections/Jobs/RegisterGenericJobTypeAttribute.cs
 0.1 kb	 0.0% Packages/com.unity.collections/Unity.Collections/DoubleRewindableAllocators.cs
 0.1 kb	 0.0% Packages/com.unity.collections/Unity.Collections/DataStreamExtensions.cs
 0.1 kb	 0.0% Packages/com.meta.xr.sdk.voice/Scripts/Runtime/Bindings/Android/VoiceSDKListenerBinding.cs
 0.1 kb	 0.0% Packages/com.meta.xr.sdk.voice/Scripts/Runtime/Bindings/Android/VoiceSDKConfigBinding.cs
 0.1 kb	 0.0% Packages/com.meta.xr.sdk.voice/Lib/Wit.ai/Scripts/Runtime/ServiceReferences/CombinedAudioEventReference.cs
 0.1 kb	 0.0% Packages/com.meta.xr.sdk.voice/Lib/Wit.ai/Scripts/Runtime/ServiceReferences/AudioInputServiceReference.cs
 0.1 kb	 0.0% Packages/com.meta.xr.sdk.voice/Lib/Wit.ai/Scripts/Runtime/Requests/VoiceEventToRequestEventMapper.cs
 0.1 kb	 0.0% Packages/com.meta.xr.sdk.voice/Lib/Wit.ai/Scripts/Runtime/Net/WebSockets/Requests/WitWebSocketTtsRequest.cs
 0.1 kb	 0.0% Packages/com.meta.xr.sdk.voice/Lib/Wit.ai/Scripts/Runtime/Net/WebSockets/Requests/WitWebSocketJsonRequest.cs
 0.1 kb	 0.0% Packages/com.meta.xr.sdk.voice/Lib/Wit.ai/Scripts/Runtime/Net/WebSockets/Requests/WitWebSocketAuthRequest.cs
 0.1 kb	 0.0% Packages/com.meta.xr.sdk.voice/Lib/Wit.ai/Scripts/Runtime/Net/WebSockets/IWitWebSocketClientProvider.cs
 0.1 kb	 0.0% Packages/com.meta.xr.sdk.voice/Lib/Wit.ai/Scripts/Runtime/Lib/Mic/Common/IAudioVariableSampleRate.cs
 0.1 kb	 0.0% Packages/com.meta.xr.sdk.voice/Lib/Wit.ai/Scripts/Runtime/CallbackHandlers/SimpleStringEntityHandler.cs
 0.1 kb	 0.0% Packages/com.meta.xr.sdk.voice/Lib/Wit.ai/Scripts/Runtime/CallbackHandlers/OutOfScopeUtteranceHandler.cs
 0.1 kb	 0.0% Packages/com.meta.xr.sdk.voice/Lib/Wit.ai/Features/TTS/Scripts/Runtime/LipSync/BaseVisemeBlendShapeLipSync.cs
 0.1 kb	 0.0% Packages/com.meta.xr.sdk.voice/Lib/PlatformCompatibility/Scripts/Runtime/Interfaces/IVoiceSDKLogger.cs
 0.1 kb	 0.0% Packages/com.meta.xr.sdk.voice/Lib/Common/Scripts/Runtime/Configuration/VoiceCommand.cs
 0.1 kb	 0.0% Packages/com.meta.xr.sdk.voice/Features/Dictation/source/Lib/Wit.ai/Features/dictation/Scripts/Runtime/Dictation/ServiceReferences/DictationServiceReference.cs
 0.1 kb	 0.0% Packages/com.meta.xr.sdk.voice/Features/Dictation/source/Lib/Wit.ai/Features/dictation/Scripts/Runtime/Dictation/MultiRequestTranscription.cs
 0.1 kb	 0.0% Packages/com.meta.xr.sdk.voice/Features/Dictation/source/Lib/Wit.ai/Features/dictation/Scripts/Runtime/Dictation/Events/DictationSessionEvent.cs
 0.1 kb	 0.0% Packages/com.meta.xr.sdk.voice/Features/Composer/Composer/Lib/Wit.ai/Features/composer/Scripts/Runtime/Handlers/ComposerSpeechHandler.cs
 0.1 kb	 0.0% Packages/com.meta.xr.sdk.voice/Features/Composer/Composer/Lib/Wit.ai/Features/composer/Scripts/Runtime/Handlers/ComposerActionHandler.cs
 0.1 kb	 0.0% Packages/com.meta.xr.sdk.platform/Scripts/Models/UserDataStoreUpdateResponse.cs
 0.1 kb	 0.0% Packages/com.meta.xr.sdk.platform/Scripts/Models/NetSyncVoipAttenuationValue.cs
 0.1 kb	 0.0% Packages/com.meta.xr.sdk.platform/Scripts/Models/MicrophoneAvailabilityState.cs
 0.1 kb	 0.0% Packages/com.meta.xr.sdk.platform/Scripts/Models/LaunchInvitePanelFlowResult.cs
 0.1 kb	 0.0% Packages/com.meta.xr.sdk.platform/Scripts/Models/AppDownloadProgressResult.cs
 0.1 kb	 0.0% Packages/com.meta.xr.sdk.interaction/Runtime/Scripts/Unity/SelectorUnityEventWrapper.cs
 0.1 kb	 0.0% Packages/com.meta.xr.sdk.interaction/Runtime/Scripts/Unity/PointableUnityEventWrapper.cs
 0.1 kb	 0.0% Packages/com.meta.xr.sdk.interaction/Runtime/Scripts/Unity/InteractorUnityEventWrapper.cs
 0.1 kb	 0.0% Packages/com.meta.xr.sdk.interaction/Runtime/Scripts/Unity/ActiveStateUnityEventWrapper.cs
 0.1 kb	 0.0% Packages/com.meta.xr.sdk.interaction/Runtime/Scripts/PoseDetection/Debug/ActiveStateModel.cs
 0.1 kb	 0.0% Packages/com.meta.xr.sdk.interaction/Runtime/Scripts/Movements/MoveTowardsTargetProvider.cs
 0.1 kb	 0.0% Packages/com.meta.xr.sdk.interaction/Runtime/Scripts/Movements/JoystickPoseMovementProvider.cs
 0.1 kb	 0.0% Packages/com.meta.xr.sdk.interaction/Runtime/Scripts/MaterialProperties/MaterialPropertyBlockEditor.cs
 0.1 kb	 0.0% Packages/com.meta.xr.sdk.interaction/Runtime/Scripts/Interaction/Visuals/InteractorGroupNodeUI.cs
 0.1 kb	 0.0% Packages/com.meta.xr.sdk.interaction/Runtime/Scripts/Interaction/Visuals/BecomeChildOfTargetOnStart.cs
 0.1 kb	 0.0% Packages/com.meta.xr.sdk.interaction/Runtime/Scripts/Interaction/Surfaces/ClippedCylinderSurface.cs
 0.1 kb	 0.0% Packages/com.meta.xr.sdk.interaction/Runtime/Scripts/Interaction/Models/UseGrab/HandGrabUseInteractor.cs
 0.1 kb	 0.0% Packages/com.meta.xr.sdk.interaction/Runtime/Scripts/Interaction/Models/UseGrab/HandGrabUseInteractable.cs
 0.1 kb	 0.0% Packages/com.meta.xr.sdk.interaction/Runtime/Scripts/Interaction/Models/TouchHandGrab/TouchHandGrabInteractable.cs
 0.1 kb	 0.0% Packages/com.meta.xr.sdk.interaction/Runtime/Scripts/Interaction/Models/Snap/Visuals/SnapInteractorFollowVisual.cs
 0.1 kb	 0.0% Packages/com.meta.xr.sdk.interaction/Runtime/Scripts/Interaction/Models/Ray/Visuals/RayInteractorCursorVisual.cs
 0.1 kb	 0.0% Packages/com.meta.xr.sdk.interaction/Runtime/Scripts/Interaction/Models/Locomotion/Teleport/Visuals/ReticleDataTeleport.cs
 0.1 kb	 0.0% Packages/com.meta.xr.sdk.interaction/Runtime/Scripts/Interaction/Models/HandGrab/IHandGrabInteractable.cs
 0.1 kb	 0.0% Packages/com.meta.xr.sdk.interaction/Runtime/Scripts/Interaction/Grabbable/OneGrabTranslateTransformer.cs
 0.1 kb	 0.0% Packages/com.meta.xr.sdk.interaction/Runtime/Scripts/Interaction/Grabbable/GrabFreePhysicsTransformer.cs
 0.1 kb	 0.0% Packages/com.meta.xr.sdk.interaction/Runtime/Scripts/Interaction/Core/UpdateDriverAfterDataSource.cs
 0.1 kb	 0.0% Packages/com.meta.xr.sdk.interaction/Runtime/Scripts/Interaction/Core/SecondaryInteractorFilter.cs
 0.1 kb	 0.0% Packages/com.meta.xr.sdk.interaction/Runtime/Scripts/Interaction/Core/FirstHoverInteractorGroup.cs
 0.1 kb	 0.0% Packages/com.meta.xr.sdk.interaction/Runtime/Scripts/Interaction/Core/CandidatePositionComparer.cs
 0.1 kb	 0.0% Packages/com.meta.xr.sdk.interaction/Runtime/Scripts/Interaction/Core/BestSelectInteractorGroup.cs
 0.1 kb	 0.0% Packages/com.meta.xr.sdk.interaction/Runtime/Scripts/Input/Hands/OVRHandPrimitives.cs
 0.1 kb	 0.0% Packages/com.meta.xr.sdk.interaction/Runtime/Scripts/Grab/Visuals/HandGhostProvider.cs
 0.1 kb	 0.0% Packages/com.meta.xr.sdk.interaction/Runtime/Scripts/Grab/SnapSurfaces/SphereGrabSurface.cs
 0.1 kb	 0.0% Packages/com.meta.xr.sdk.interaction/Runtime/Scripts/Grab/SnapSurfaces/CylinderGrabSurface.cs
 0.1 kb	 0.0% Packages/com.meta.xr.sdk.interaction/Runtime/Scripts/Grab/SnapSurfaces/ColliderGrabSurface.cs
 0.1 kb	 0.0% Packages/com.meta.xr.sdk.interaction/Runtime/Scripts/Grab/SnapSurfaces/BezierGrabSurface.cs
 0.1 kb	 0.0% Packages/com.meta.xr.sdk.interaction/Runtime/Scripts/Grab/FingerRawPinchInjector.cs
 0.1 kb	 0.0% Packages/com.meta.xr.sdk.interaction/Runtime/Scripts/Grab/ControllerPinchInjector.cs
 0.1 kb	 0.0% Packages/com.meta.xr.sdk.interaction/Runtime/Scripts/Extensions/MonoBehaviourStartExtensions.cs
 0.1 kb	 0.0% Packages/com.meta.xr.sdk.interaction/Runtime/Scripts/DistanceGrab/Visuals/ReticleMeshDrawer.cs
 0.1 kb	 0.0% Packages/com.meta.xr.sdk.interaction/Runtime/Scripts/DistanceGrab/Visuals/ReticleIconDrawer.cs
 0.1 kb	 0.0% Packages/com.meta.xr.sdk.interaction/Runtime/Scripts/DistanceGrab/Visuals/ReticleGhostDrawer.cs
 0.1 kb	 0.0% Packages/com.meta.xr.sdk.interaction/Runtime/Sample/Scripts/ShouldHideHandOnGrab.cs
 0.1 kb	 0.0% Packages/com.meta.xr.sdk.interaction/Runtime/Sample/Scripts/RotationAudioEvents.cs
 0.1 kb	 0.0% Packages/com.meta.xr.sdk.interaction/Runtime/Sample/Scripts/PanelWithManipulators/ParentScaleInverter.cs
 0.1 kb	 0.0% Packages/com.meta.xr.sdk.interaction/Runtime/Sample/Scripts/PalmMenu/PalmMenuExample.cs
 0.1 kb	 0.0% Packages/com.meta.xr.sdk.interaction/Runtime/Sample/Scripts/HideHandVisualOnGrab.cs
 0.1 kb	 0.0% Packages/com.meta.xr.sdk.interaction/Runtime/Sample/Scripts/HandGrabRecord/TimerUIControl.cs
 0.1 kb	 0.0% Packages/com.meta.xr.sdk.interaction/Runtime/Sample/Scripts/FadeTextAfterActive.cs
 0.1 kb	 0.0% Packages/com.meta.xr.sdk.interaction/Runtime/Sample/Scripts/EnableTargetOnStart.cs
 0.1 kb	 0.0% Packages/com.meta.xr.sdk.interaction.ovr/Runtime/Scripts/Input/OVRControllerVisual.cs
 0.1 kb	 0.0% Packages/com.meta.xr.sdk.interaction.ovr/Runtime/Scripts/Input/FromOVRHandDataSource.cs
 0.1 kb	 0.0% Packages/com.meta.xr.sdk.interaction.ovr/Runtime/Scripts/Body/Input/OVRSkeletonMapping.cs
 0.1 kb	 0.0% Packages/com.meta.xr.sdk.core/Scripts/ImmersiveDebugger/UserInterface/Resources/Styles/ImageStyles/InspectorModeIcon.asset
 0.1 kb	 0.0% Packages/com.meta.xr.sdk.core/Scripts/ImmersiveDebugger/UserInterface/Resources/Styles/ImageStyles/InspectorFoldoutIcon.asset
 0.1 kb	 0.0% Packages/com.meta.xr.sdk.core/Scripts/ImmersiveDebugger/UserInterface/Resources/Styles/ImageStyles/InspectorBackground.asset
 0.1 kb	 0.0% Packages/com.meta.xr.sdk.core/Scripts/ImmersiveDebugger/UserInterface/Resources/Styles/ImageStyles/DropdownBackground.asset
 0.1 kb	 0.0% Packages/com.meta.xr.sdk.core/Scripts/ImmersiveDebugger/Managers/IDebugManager.cs
 0.1 kb	 0.0% Packages/com.meta.xr.sdk.core/Scripts/ImmersiveDebugger/Managers/ActionManager.cs
 0.1 kb	 0.0% Packages/com.meta.xr.sdk.core/Scripts/EnvironmentDepth/EnvironmentDepthUtils.cs
 0.1 kb	 0.0% Packages/com.meta.xr.sdk.core/Scripts/EnvironmentDepth/EnvironmentDepthManager.cs
 0.1 kb	 0.0% Packages/com.meta.xr.sdk.core/Scripts/BuildingBlocks/SharedSpatialAnchorCore/SharedSpatialAnchorCoreBuildingBlock.cs
 0.1 kb	 0.0% Packages/com.meta.xr.sdk.core/Scripts/BuildingBlocks/SharedSpatialAnchorCore/SharedSpatialAnchorCore.cs
 0.1 kb	 0.0% Packages/com.meta.xr.sdk.core/Scripts/BuildingBlocks/MultiplayerBlocks/Shared/PlatformInit/Scripts/PlatformInit_.cs
 0.1 kb	 0.0% Packages/com.meta.xr.sdk.core/Scripts/BuildingBlocks/MultiplayerBlocks/Shared/NetworkedAvatar/Scripts/IAvatarBehaviour.cs
 0.1 kb	 0.0% Packages/com.meta.xr.sdk.core/Scripts/BuildingBlocks/MultiplayerBlocks/Shared/LocalMatchmaking/LocalMatchmaking.cs
 0.1 kb	 0.0% Packages/com.meta.xr.sdk.core/Scripts/BuildingBlocks/MultiplayerBlocks/PhotonFusion/PlayerVoiceChat/Scripts/LipSyncPhotonFix.cs
 0.1 kb	 0.0% Packages/com.meta.xr.sdk.core/Scripts/BuildingBlocks/MultiplayerBlocks/PhotonFusion/NetworkRunner/Scripts/FusionBBEvents.cs
 0.1 kb	 0.0% Packages/com.meta.xr.sdk.core/Scripts/BuildingBlocks/ControllerButtonsMapperScripts/ControllerButtonsMapper.cs
 0.1 kb	 0.0% Packages/com.meta.xr.sdk.audio/Runtime/scripts/MetaXRAudioSourceExperimentalFeatures.cs
 0.1 kb	 0.0% Packages/com.meta.xr.mrutilitykit/Core/Scripts/SceneDecorator/Pool/PoolManagerSingleton.cs
 0.1 kb	 0.0% Packages/com.meta.xr.mrutilitykit/Core/Scripts/SceneDecorator/Pool/PoolManagerComponent.cs
 0.1 kb	 0.0% Packages/com.meta.xr.mrutilitykit/Core/Scripts/SceneDecorator/Modifier/ScaleUniformModifier.cs
 0.1 kb	 0.0% Packages/com.meta.xr.mrutilitykit/Core/Scripts/SceneDecorator/Masks/CellularNoiseMask.cs
 0.1 kb	 0.0% Packages/com.meta.xr.mrutilitykit/Core/Scripts/SceneDecorator/Masks/AnchorDistanceMask.cs
 0.1 kb	 0.0% Packages/com.meta.xr.mrutilitykit/Core/Scripts/SceneDecorator/Distributions/SimplexDistribution.cs
 0.1 kb	 0.0% Packages/com.meta.xr.mrutilitykit/Core/Scripts/SceneDecorator/Distributions/RandomDistribution.cs
 0.1 kb	 0.0% Packages/com.meta.xr.mrutilitykit/Core/Scripts/ICustomAnchorPrefabSpawner.cs
 0.1 kb	 0.0% Packages/com.meta.xr.mrutilitykit/Core/Scripts/DestructibleMeshComponent.cs
 0.1 kb	 0.0% Packages/com.meta.xr.mrutilitykit/Core/Scripts/BuildingBlocks/InstantContentPlacement/Scripts/VisualizeEnvRaycast.cs
 0.1 kb	 0.0% Packages/com.meta.xr.mrutilitykit/Core/Scripts/AnchorPrefabSpawnerUtilities.cs
 0.1 kb	 0.0% Assets/Samples/XR Interaction Toolkit/3.1.2/Starter Assets/Textures/DefaultMaterial_AO.png
 0.1 kb	 0.0% Assets/Samples/Splines/2.7.2/Spline Examples (requires Shader Graph package)/Runtime/SplineRendererCompute.cs
 0.1 kb	 0.0% Assets/Samples/Splines/2.7.2/Spline Examples (requires Shader Graph package)/Runtime/AnimateCarAlongSpline.cs
 0.1 kb	 0.0% Assets/Resources/OculusRuntimeSettings.asset
 0.1 kb	 0.0% Assets/Photon/Fusion/Runtime/Statistics/FusionNetworkObjectStatsGraph.cs
 0.1 kb	 0.0% Assets/Photon/Fusion/Runtime/Statistics/FusionNetworkObjectStatistics.cs
 0.1 kb	 0.0% Assets/MRTemplateAssets/Scripts/XRPokeFollowAffordanceFill.cs
 0.1 kb	 0.0% Assets/MRTemplateAssets/Scripts/SaveAndLoadAnchorDataToFile.cs
 0.1 kb	 0.0% Assets/MRTemplateAssets/Scripts/PlaneTrackingModeVisualizer.cs
 0.1 kb	 0.0% Assets/MRTemplateAssets/Scripts/DebugInfoDisplayController.cs
 0.1 kb	 0.0% Assets/MRTemplateAssets/Scripts/BoundingBoxEdgeVisualizer.cs
 0.1 kb	 0.0% Assets/MRTemplateAssets/Scripts/ARBoundingBoxDebugVisualizer.cs
 0.1 kb	 0.0% Assets/ERL/Scripts/Utils/DedicatedServerConfig.cs
 0.1 kb	 0.0% Assets/ERL/Scripts/M2Mqtt/Exceptions/MqttTimeoutException.cs
 0.1 kb	 0.0% Assets/ERL/Scripts/M2Mqtt/Exceptions/MqttClientException.cs
 0.1 kb	 0.0% Assets/ARCADE - FREE Racing Car/Textures/AFRC_Tex_Emission.png
 0.1 kb	 0.0% Packages/com.unity.xr.openxr/Runtime/OpenXRNativeTypes.cs
 0.1 kb	 0.0% Packages/com.unity.xr.openxr/Runtime/OpenXRColorSubmissonModeList.cs
 0.1 kb	 0.0% Packages/com.unity.xr.openxr/Runtime/Features/Interactions/DPadInteraction.cs
 0.1 kb	 0.0% Packages/com.unity.xr.interaction.toolkit/Runtime/UI/TouchModel.cs
 0.1 kb	 0.0% Packages/com.unity.xr.interaction.toolkit/Runtime/UI/PointerModel.cs
 0.1 kb	 0.0% Packages/com.unity.xr.interaction.toolkit/Runtime/UI/LazyFollow.cs
 0.1 kb	 0.0% Packages/com.unity.xr.interaction.toolkit/Runtime/Interaction/Gaze/IXRAimAssist.cs
 0.1 kb	 0.0% Packages/com.unity.xr.interaction.toolkit/Runtime/AR/Gestures/TwistGesture.cs
 0.1 kb	 0.0% Packages/com.unity.xr.interaction.toolkit/Runtime/AR/Gestures/TapGesture.cs
 0.1 kb	 0.0% Packages/com.unity.xr.interaction.toolkit/Runtime/AR/Gestures/PinchGesture.cs
 0.1 kb	 0.0% Packages/com.unity.xr.interaction.toolkit/Runtime/AR/Gestures/DragGesture.cs
 0.1 kb	 0.0% Packages/com.unity.xr.hands/Runtime/XRHandSubsystemDescriptor.cs
 0.1 kb	 0.0% Packages/com.unity.xr.hands/Runtime/XRHandSkeletonDriverUtility.cs
 0.1 kb	 0.0% Packages/com.unity.xr.hands/Runtime/XRHandJointsUpdatedEventArgs.cs
 0.1 kb	 0.0% Packages/com.unity.xr.core-utils/Runtime/CapabilityProfile/Dictionary/ICapabilityModifier.cs
 0.1 kb	 0.0% Packages/com.unity.xr.core-utils/Runtime/CapabilityProfile/Dictionary/CapabilityDictionary.cs
 0.1 kb	 0.0% Packages/com.unity.xr.core-utils/Runtime/CapabilityProfile/CapabilityProfile.cs
 0.1 kb	 0.0% Packages/com.unity.xr.core-utils/Runtime/Attributes/FlagsPropertyAttribute.cs
 0.1 kb	 0.0% Packages/com.unity.xr.arfoundation/Runtime/ARSubsystems/XRSaveAnchorResult.cs
 0.1 kb	 0.0% Packages/com.unity.xr.arfoundation/Runtime/ARSubsystems/XRLoadAnchorResult.cs
 0.1 kb	 0.0% Packages/com.unity.xr.arfoundation/Runtime/ARSubsystems/XREraseAnchorResult.cs
 0.1 kb	 0.0% Packages/com.unity.xr.arfoundation/Runtime/ARSubsystems/Textures/XRTextureType.cs
 0.1 kb	 0.0% Packages/com.unity.xr.arfoundation/Runtime/ARSubsystems/Textures/XRTextureDescriptor.cs
 0.1 kb	 0.0% Packages/com.unity.xr.arfoundation/Runtime/ARSubsystems/SharedStringBuilder.cs
 0.1 kb	 0.0% Packages/com.unity.xr.arfoundation/Runtime/ARSubsystems/SessionSubsystem/XRSessionSubsystem.cs
 0.1 kb	 0.0% Packages/com.unity.xr.arfoundation/Runtime/ARSubsystems/RaycastSubsystem/XRRaycastSubsystem.cs
 0.1 kb	 0.0% Packages/com.unity.xr.arfoundation/Runtime/ARSubsystems/PlaneTracking/PlaneAlignment.cs
 0.1 kb	 0.0% Packages/com.unity.xr.arfoundation/Runtime/ARSubsystems/OcclusionSubsystem/XROcclusionSubsystem.cs
 0.1 kb	 0.0% Packages/com.unity.xr.arfoundation/Runtime/ARSubsystems/ObjectTrackingSubsystem/XRReferenceObject.cs
 0.1 kb	 0.0% Packages/com.unity.xr.arfoundation/Runtime/ARSubsystems/NativeCopyUtility.cs
 0.1 kb	 0.0% Packages/com.unity.xr.arfoundation/Runtime/ARSubsystems/HumanBodySubsystem/XRHumanBodySubsystem.cs
 0.1 kb	 0.0% Packages/com.unity.xr.arfoundation/Runtime/ARSubsystems/EnvironmentProbeSubsystem/XREnvironmentProbe.cs
 0.1 kb	 0.0% Packages/com.unity.xr.arfoundation/Runtime/ARSubsystems/Configuration/ConfigurationChooser.cs
 0.1 kb	 0.0% Packages/com.unity.xr.arfoundation/Runtime/ARSubsystems/CameraSubsystem/XRCameraSubsystem.cs
 0.1 kb	 0.0% Packages/com.unity.xr.arfoundation/Runtime/ARSubsystems/CameraSubsystem/XRCameraIntrinsics.cs
 0.1 kb	 0.0% Packages/com.unity.xr.arfoundation/Runtime/ARSubsystems/AnchorSubsystem/XRAnchorSubsystem.cs
 0.1 kb	 0.0% Packages/com.unity.xr.arfoundation/Runtime/ARFoundation/TransformExtensions.cs
 0.1 kb	 0.0% Packages/com.unity.xr.arfoundation/Runtime/ARFoundation/Textures/UpdatableTexture3D.cs
 0.1 kb	 0.0% Packages/com.unity.xr.arfoundation/Runtime/ARFoundation/Textures/UpdatableTexture2D.cs
 0.1 kb	 0.0% Packages/com.unity.xr.arfoundation/Runtime/ARFoundation/Textures/NoSwapchainStrategy.cs
 0.1 kb	 0.0% Packages/com.unity.xr.arfoundation/Runtime/ARFoundation/Textures/IUpdatableTexture.cs
 0.1 kb	 0.0% Packages/com.unity.xr.arfoundation/Runtime/ARFoundation/Textures/ISwapchainStrategy.cs
 0.1 kb	 0.0% Packages/com.unity.xr.arfoundation/Runtime/ARFoundation/Textures/ARExternalTexture.cs
 0.1 kb	 0.0% Packages/com.unity.xr.arfoundation/Runtime/ARFoundation/Occlusion/ARShaderOcclusion.cs
 0.1 kb	 0.0% Packages/com.unity.xr.arfoundation/Runtime/ARFoundation/Occlusion/AROcclusionManager.cs
 0.1 kb	 0.0% Packages/com.unity.xr.arfoundation/Runtime/ARFoundation/BoundingBoxRaycaster.cs
 0.1 kb	 0.0% Packages/com.unity.xr.arfoundation/Runtime/ARFoundation/ARPointCloudManager.cs
 0.1 kb	 0.0% Packages/com.unity.xr.arfoundation/Runtime/ARFoundation/ARPlaneMeshGenerator.cs
 0.1 kb	 0.0% Packages/com.unity.xr.arfoundation/Runtime/ARFoundation/ARParticipantManager.cs
 0.1 kb	 0.0% Packages/com.unity.xr.arfoundation/Runtime/ARFoundation/ARHumanBodyManager.cs
 0.1 kb	 0.0% Packages/com.unity.xr.arfoundation/Runtime/ARFoundation/ARFaceMeshVisualizer.cs
 0.1 kb	 0.0% Packages/com.unity.xr.arfoundation/Runtime/ARFoundation/AREnvironmentProbe.cs
 0.1 kb	 0.0% Packages/com.unity.xr.arfoundation/Runtime/ARFoundation/ARCameraBackground.cs
 0.1 kb	 0.0% Packages/com.unity.xr.arfoundation/Runtime/ARFoundation/ARBoundingBoxManager.cs
 0.1 kb	 0.0% Packages/com.unity.visualscripting/Runtime/VisualScripting.State/FlowStateTransition.cs
 0.1 kb	 0.0% Packages/com.unity.visualscripting/Runtime/VisualScripting.Flow/Ports/ValuePortDefinition.cs
 0.1 kb	 0.0% Packages/com.unity.visualscripting/Runtime/VisualScripting.Flow/Ports/ValueInputDefinition.cs
 0.1 kb	 0.0% Packages/com.unity.visualscripting/Runtime/VisualScripting.Flow/Ports/UnitPortDefinition.cs
 0.1 kb	 0.0% Packages/com.unity.visualscripting/Runtime/VisualScripting.Flow/Ports/IUnitPortDefinition.cs
 0.1 kb	 0.0% Packages/com.unity.visualscripting/Runtime/VisualScripting.Flow/Framework/Variables/UnifiedVariableUnit.cs
 0.1 kb	 0.0% Packages/com.unity.visualscripting/Runtime/VisualScripting.Flow/Framework/Variables/Obsolete/SetObjectVariable.cs
 0.1 kb	 0.0% Packages/com.unity.visualscripting/Runtime/VisualScripting.Flow/Framework/Variables/Obsolete/ISceneVariableUnit.cs
 0.1 kb	 0.0% Packages/com.unity.visualscripting/Runtime/VisualScripting.Flow/Framework/Variables/Obsolete/ISavedVariableUnit.cs
 0.1 kb	 0.0% Packages/com.unity.visualscripting/Runtime/VisualScripting.Flow/Framework/Variables/Obsolete/IObjectVariableUnit.cs
 0.1 kb	 0.0% Packages/com.unity.visualscripting/Runtime/VisualScripting.Flow/Framework/Variables/Obsolete/IGraphVariableUnit.cs
 0.1 kb	 0.0% Packages/com.unity.visualscripting/Runtime/VisualScripting.Flow/Framework/Variables/Obsolete/GetObjectVariable.cs
 0.1 kb	 0.0% Packages/com.unity.visualscripting/Runtime/VisualScripting.Flow/Framework/Variables/IsVariableDefined.cs
 0.1 kb	 0.0% Packages/com.unity.visualscripting/Runtime/VisualScripting.Flow/Framework/Variables/IUnifiedVariableUnit.cs
 0.1 kb	 0.0% Packages/com.unity.visualscripting/Runtime/VisualScripting.Flow/Framework/Time/WaitForSecondsUnit.cs
 0.1 kb	 0.0% Packages/com.unity.visualscripting/Runtime/VisualScripting.Flow/Framework/Time/WaitForNextFrameUnit.cs
 0.1 kb	 0.0% Packages/com.unity.visualscripting/Runtime/VisualScripting.Flow/Framework/Math/Vector4/Vector4MoveTowards.cs
 0.1 kb	 0.0% Packages/com.unity.visualscripting/Runtime/VisualScripting.Flow/Framework/Math/Vector4/Vector4DotProduct.cs
 0.1 kb	 0.0% Packages/com.unity.visualscripting/Runtime/VisualScripting.Flow/Framework/Math/Vector4/DeprecatedVector4Add.cs
 0.1 kb	 0.0% Packages/com.unity.visualscripting/Runtime/VisualScripting.Flow/Framework/Math/Vector3/Vector3MoveTowards.cs
 0.1 kb	 0.0% Packages/com.unity.visualscripting/Runtime/VisualScripting.Flow/Framework/Math/Vector3/Vector3DotProduct.cs
 0.1 kb	 0.0% Packages/com.unity.visualscripting/Runtime/VisualScripting.Flow/Framework/Math/Vector3/Vector3CrossProduct.cs
 0.1 kb	 0.0% Packages/com.unity.visualscripting/Runtime/VisualScripting.Flow/Framework/Math/Vector3/DeprecatedVector3Add.cs
 0.1 kb	 0.0% Packages/com.unity.visualscripting/Runtime/VisualScripting.Flow/Framework/Math/Vector2/Vector2MoveTowards.cs
 0.1 kb	 0.0% Packages/com.unity.visualscripting/Runtime/VisualScripting.Flow/Framework/Math/Vector2/Vector2DotProduct.cs
 0.1 kb	 0.0% Packages/com.unity.visualscripting/Runtime/VisualScripting.Flow/Framework/Math/Vector2/DeprecatedVector2Add.cs
 0.1 kb	 0.0% Packages/com.unity.visualscripting/Runtime/VisualScripting.Flow/Framework/Math/Scalar/ScalarMoveTowards.cs
 0.1 kb	 0.0% Packages/com.unity.visualscripting/Runtime/VisualScripting.Flow/Framework/Math/Scalar/ScalarExponentiate.cs
 0.1 kb	 0.0% Packages/com.unity.visualscripting/Runtime/VisualScripting.Flow/Framework/Math/Scalar/DeprecatedScalarAdd.cs
 0.1 kb	 0.0% Packages/com.unity.visualscripting/Runtime/VisualScripting.Flow/Framework/Math/Generic/DeprecatedGenericAdd.cs
 0.1 kb	 0.0% Packages/com.unity.visualscripting/Runtime/VisualScripting.Flow/Framework/Logic/NumericComparison.cs
 0.1 kb	 0.0% Packages/com.unity.visualscripting/Runtime/VisualScripting.Flow/Framework/Logic/EqualityComparison.cs
 0.1 kb	 0.0% Packages/com.unity.visualscripting/Runtime/VisualScripting.Flow/Framework/Logic/BinaryComparisonUnit.cs
 0.1 kb	 0.0% Packages/com.unity.visualscripting/Runtime/VisualScripting.Flow/Framework/Logic/ApproximatelyEqual.cs
 0.1 kb	 0.0% Packages/com.unity.visualscripting/Runtime/VisualScripting.Flow/Framework/Events/TriggerCustomEvent.cs
 0.1 kb	 0.0% Packages/com.unity.visualscripting/Runtime/VisualScripting.Flow/Framework/Events/Rendering/OnBecameInvisible.cs
 0.1 kb	 0.0% Packages/com.unity.visualscripting/Runtime/VisualScripting.Flow/Framework/Events/Physics2D/TriggerEvent2DUnit.cs
 0.1 kb	 0.0% Packages/com.unity.visualscripting/Runtime/VisualScripting.Flow/Framework/Events/Physics2D/OnCollisionStay2D.cs
 0.1 kb	 0.0% Packages/com.unity.visualscripting/Runtime/VisualScripting.Flow/Framework/Events/Physics2D/OnCollisionExit2D.cs
 0.1 kb	 0.0% Packages/com.unity.visualscripting/Runtime/VisualScripting.Flow/Framework/Events/Physics2D/OnCollisionEnter2D.cs
 0.1 kb	 0.0% Packages/com.unity.visualscripting/Runtime/VisualScripting.Flow/Framework/Events/Physics2D/CollisionEvent2DUnit.cs
 0.1 kb	 0.0% Packages/com.unity.visualscripting/Runtime/VisualScripting.Flow/Framework/Events/Physics/OnParticleCollision.cs
 0.1 kb	 0.0% Packages/com.unity.visualscripting/Runtime/VisualScripting.Flow/Framework/Events/Physics/CollisionEventUnit.cs
 0.1 kb	 0.0% Packages/com.unity.visualscripting/Runtime/VisualScripting.Flow/Framework/Events/Navigation/OnDestinationReached.cs
 0.1 kb	 0.0% Packages/com.unity.visualscripting/Runtime/VisualScripting.Flow/Framework/Events/Input/OnMouseUpAsButton.cs
 0.1 kb	 0.0% Packages/com.unity.visualscripting/Runtime/VisualScripting.Flow/Framework/Events/GUI/OnToggleValueChanged.cs
 0.1 kb	 0.0% Packages/com.unity.visualscripting/Runtime/VisualScripting.Flow/Framework/Events/GUI/OnSliderValueChanged.cs
 0.1 kb	 0.0% Packages/com.unity.visualscripting/Runtime/VisualScripting.Flow/Framework/Events/GUI/OnInputFieldEndEdit.cs
 0.1 kb	 0.0% Packages/com.unity.visualscripting/Runtime/VisualScripting.Flow/Framework/Events/GUI/GenericGuiEventUnit.cs
 0.1 kb	 0.0% Packages/com.unity.visualscripting/Runtime/VisualScripting.Flow/Framework/Events/Editor/OnDrawGizmosSelected.cs
 0.1 kb	 0.0% Packages/com.unity.visualscripting/Runtime/VisualScripting.Flow/Framework/Events/Application/OnApplicationResume.cs
 0.1 kb	 0.0% Packages/com.unity.visualscripting/Runtime/VisualScripting.Flow/Framework/Events/Application/OnApplicationQuit.cs
 0.1 kb	 0.0% Packages/com.unity.visualscripting/Runtime/VisualScripting.Flow/Framework/Events/Application/OnApplicationPause.cs
 0.1 kb	 0.0% Packages/com.unity.visualscripting/Runtime/VisualScripting.Flow/Framework/Events/Application/OnApplicationFocus.cs
 0.1 kb	 0.0% Packages/com.unity.visualscripting/Runtime/VisualScripting.Flow/Framework/Events/Animation/BoltAnimationEvent.cs
 0.1 kb	 0.0% Packages/com.unity.visualscripting/Runtime/VisualScripting.Flow/Framework/Collections/Dictionaries/SetDictionaryItem.cs
 0.1 kb	 0.0% Packages/com.unity.visualscripting/Runtime/VisualScripting.Flow/Framework/Collections/Dictionaries/RemoveDictionaryItem.cs
 0.1 kb	 0.0% Packages/com.unity.visualscripting/Runtime/VisualScripting.Flow/Framework/Collections/Dictionaries/MergeDictionaries.cs
 0.1 kb	 0.0% Packages/com.unity.visualscripting/Runtime/VisualScripting.Flow/Framework/Collections/Dictionaries/GetDictionaryItem.cs
 0.1 kb	 0.0% Packages/com.unity.visualscripting/Runtime/VisualScripting.Flow/Framework/Collections/Dictionaries/AddDictionaryItem.cs
 0.1 kb	 0.0% Packages/com.unity.visualscripting/Runtime/VisualScripting.Flow/EditorBinding/UnitTitleAttribute.cs
 0.1 kb	 0.0% Packages/com.unity.visualscripting/Runtime/VisualScripting.Flow/EditorBinding/UnitOrderAttribute.cs
 0.1 kb	 0.0% Packages/com.unity.visualscripting/Runtime/VisualScripting.Flow/EditorBinding/SpecialUnitAttribute.cs
 0.1 kb	 0.0% Packages/com.unity.visualscripting/Runtime/VisualScripting.Flow/EditorBinding/PortLabelAttribute.cs
 0.1 kb	 0.0% Packages/com.unity.visualscripting/Runtime/VisualScripting.Flow/Dependencies/NCalc/NCalcParser.cs
 0.1 kb	 0.0% Packages/com.unity.visualscripting/Runtime/VisualScripting.Flow/Dependencies/NCalc/NCalcLexer.cs
 0.1 kb	 0.0% Packages/com.unity.visualscripting/Runtime/VisualScripting.Flow/Dependencies/NCalc/FunctionArgs.cs
 0.1 kb	 0.0% Packages/com.unity.visualscripting/Runtime/VisualScripting.Flow/Dependencies/NCalc/Expression.cs
 0.1 kb	 0.0% Packages/com.unity.visualscripting/Runtime/VisualScripting.Flow/Connections/InvalidConnection.cs
 0.1 kb	 0.0% Packages/com.unity.visualscripting/Runtime/VisualScripting.Flow/Connections/ControlConnection.cs
 0.1 kb	 0.0% Packages/com.unity.visualscripting/Runtime/VisualScripting.Core/Variables/VariableDeclarations.cs
 0.1 kb	 0.0% Packages/com.unity.visualscripting/Runtime/VisualScripting.Core/Variables/VariableDeclaration.cs
 0.1 kb	 0.0% Packages/com.unity.visualscripting/Runtime/VisualScripting.Core/Variables/IGraphWithVariables.cs
 0.1 kb	 0.0% Packages/com.unity.visualscripting/Runtime/VisualScripting.Core/Variables/ApplicationVariables.cs
 0.1 kb	 0.0% Packages/com.unity.visualscripting/Runtime/VisualScripting.Core/Utilities/UnityObjectUtility.cs
 0.1 kb	 0.0% Packages/com.unity.visualscripting/Runtime/VisualScripting.Core/Utilities/ReferenceCollector.cs
 0.1 kb	 0.0% Packages/com.unity.visualscripting/Runtime/VisualScripting.Core/Utilities/CSharpNameUtility.cs
 0.1 kb	 0.0% Packages/com.unity.visualscripting/Runtime/VisualScripting.Core/Unity/SingletonAttribute.cs
 0.1 kb	 0.0% Packages/com.unity.visualscripting/Runtime/VisualScripting.Core/Unity/IUnityObjectOwnable.cs
 0.1 kb	 0.0% Packages/com.unity.visualscripting/Runtime/VisualScripting.Core/Serialization/SerializeAttribute.cs
 0.1 kb	 0.0% Packages/com.unity.visualscripting/Runtime/VisualScripting.Core/Serialization/SerializeAsAttribute.cs
 0.1 kb	 0.0% Packages/com.unity.visualscripting/Runtime/VisualScripting.Core/Serialization/SerializationData.cs
 0.1 kb	 0.0% Packages/com.unity.visualscripting/Runtime/VisualScripting.Core/Serialization/Converters/UnityObjectConverter.cs
 0.1 kb	 0.0% Packages/com.unity.visualscripting/Runtime/VisualScripting.Core/Serialization/Converters/NamespaceConverter.cs
 0.1 kb	 0.0% Packages/com.unity.visualscripting/Runtime/VisualScripting.Core/Reflection/RenamedFromAttribute.cs
 0.1 kb	 0.0% Packages/com.unity.visualscripting/Runtime/VisualScripting.Core/Reflection/Optimization/StaticInvokerBase.cs
 0.1 kb	 0.0% Packages/com.unity.visualscripting/Runtime/VisualScripting.Core/Reflection/Optimization/ReflectionInvoker.cs
 0.1 kb	 0.0% Packages/com.unity.visualscripting/Runtime/VisualScripting.Core/Reflection/Optimization/OptimizedReflection.cs
 0.1 kb	 0.0% Packages/com.unity.visualscripting/Runtime/VisualScripting.Core/Reflection/Optimization/IOptimizedInvoker.cs
 0.1 kb	 0.0% Packages/com.unity.visualscripting/Runtime/VisualScripting.Core/Reflection/Optimization/IOptimizedAccessor.cs
 0.1 kb	 0.0% Packages/com.unity.visualscripting/Runtime/VisualScripting.Core/Reflection/Operators/UnaryOperatorHandler.cs
 0.1 kb	 0.0% Packages/com.unity.visualscripting/Runtime/VisualScripting.Core/Reflection/Operators/SubtractionHandler.cs
 0.1 kb	 0.0% Packages/com.unity.visualscripting/Runtime/VisualScripting.Core/Reflection/Operators/RightShiftHandler.cs
 0.1 kb	 0.0% Packages/com.unity.visualscripting/Runtime/VisualScripting.Core/Reflection/Operators/OperatorException.cs
 0.1 kb	 0.0% Packages/com.unity.visualscripting/Runtime/VisualScripting.Core/Reflection/Operators/InequalityHandler.cs
 0.1 kb	 0.0% Packages/com.unity.visualscripting/Runtime/VisualScripting.Core/Reflection/Operators/GreaterThanHandler.cs
 0.1 kb	 0.0% Packages/com.unity.visualscripting/Runtime/VisualScripting.Core/Reflection/Operators/ExclusiveOrHandler.cs
 0.1 kb	 0.0% Packages/com.unity.visualscripting/Runtime/VisualScripting.Core/Reflection/MemberInfoComparer.cs
 0.1 kb	 0.0% Packages/com.unity.visualscripting/Runtime/VisualScripting.Core/Reflection/LooseAssemblyName.cs
 0.1 kb	 0.0% Packages/com.unity.visualscripting/Runtime/VisualScripting.Core/Reflection/IAttributeProvider.cs
 0.1 kb	 0.0% Packages/com.unity.visualscripting/Runtime/VisualScripting.Core/Reflection/ConversionUtility.cs
 0.1 kb	 0.0% Packages/com.unity.visualscripting/Runtime/VisualScripting.Core/Listeners/UnityMessageListener.cs
 0.1 kb	 0.0% Packages/com.unity.visualscripting/Runtime/VisualScripting.Core/Listeners/IGraphEventListener.cs
 0.1 kb	 0.0% Packages/com.unity.visualscripting/Runtime/VisualScripting.Core/Graphs/IGraphParentElement.cs
 0.1 kb	 0.0% Packages/com.unity.visualscripting/Runtime/VisualScripting.Core/Graphs/IGraphNesterElement.cs
 0.1 kb	 0.0% Packages/com.unity.visualscripting/Runtime/VisualScripting.Core/Graphs/IGraphElementData.cs
 0.1 kb	 0.0% Packages/com.unity.visualscripting/Runtime/VisualScripting.Core/Events/FrameDelayedCallback.cs
 0.1 kb	 0.0% Packages/com.unity.visualscripting/Runtime/VisualScripting.Core/Events/EventHookComparer.cs
 0.1 kb	 0.0% Packages/com.unity.visualscripting/Runtime/VisualScripting.Core/Ensure/ExceptionMessages.cs
 0.1 kb	 0.0% Packages/com.unity.visualscripting/Runtime/VisualScripting.Core/EditorBinding/TypeIconAttribute.cs
 0.1 kb	 0.0% Packages/com.unity.visualscripting/Runtime/VisualScripting.Core/EditorBinding/PredictableAttribute.cs
 0.1 kb	 0.0% Packages/com.unity.visualscripting/Runtime/VisualScripting.Core/EditorBinding/InspectableAttribute.cs
 0.1 kb	 0.0% Packages/com.unity.visualscripting/Runtime/VisualScripting.Core/EditorBinding/EditorTimeBinding.cs
 0.1 kb	 0.0% Packages/com.unity.visualscripting/Runtime/VisualScripting.Core/EditorBinding/EditorBindingUtility.cs
 0.1 kb	 0.0% Packages/com.unity.visualscripting/Runtime/VisualScripting.Core/EditorBinding/AllowsNullAttribute.cs
 0.1 kb	 0.0% Packages/com.unity.visualscripting/Runtime/VisualScripting.Core/Dependencies/FullSerializer/Internal/fsOption.cs
 0.1 kb	 0.0% Packages/com.unity.visualscripting/Runtime/VisualScripting.Core/Decorators/IDecoratorAttribute.cs
 0.1 kb	 0.0% Packages/com.unity.visualscripting/Runtime/VisualScripting.Core/Cloning/Cloners/AnimationCurveCloner.cs
 0.1 kb	 0.0% Packages/com.unity.ugui/Runtime/TMP/TMP_DynamicFontAssetUtilities.cs
 0.1 kb	 0.0% Packages/com.unity.splines/Runtime/SplineDataHandleAttribute.cs
 0.1 kb	 0.0% Packages/com.unity.render-pipelines.universal/Runtime/NoAllocUtils.cs
 0.1 kb	 0.0% Packages/com.unity.render-pipelines.universal/Runtime/2D/Light2D.cs
 0.1 kb	 0.0% Packages/com.unity.render-pipelines.universal/Runtime/2D/Clipper.cs
 0.1 kb	 0.0% Packages/com.unity.render-pipelines.core/Runtime/XR/XRSRPSettings.cs
 0.1 kb	 0.0% Packages/com.unity.render-pipelines.core/Runtime/Volume/VolumeProfile.cs
 0.1 kb	 0.0% Packages/com.unity.render-pipelines.core/Runtime/Volume/VolumeParameter.cs
 0.1 kb	 0.0% Packages/com.unity.render-pipelines.core/Runtime/Volume/VolumeManager.cs
 0.1 kb	 0.0% Packages/com.unity.render-pipelines.core/Runtime/Volume/VolumeDebugData.cs
 0.1 kb	 0.0% Packages/com.unity.render-pipelines.core/Runtime/Volume/VolumeComponent.cs
 0.1 kb	 0.0% Packages/com.unity.render-pipelines.core/Runtime/Volume/VolumeCollection.cs
 0.1 kb	 0.0% Packages/com.unity.render-pipelines.core/Runtime/Volume/KeyframeUtility.cs
 0.1 kb	 0.0% Packages/com.unity.render-pipelines.core/Runtime/Utilities/TileLayoutUtils.cs
 0.1 kb	 0.0% Packages/com.unity.render-pipelines.core/Runtime/Utilities/TextureGradient.cs
 0.1 kb	 0.0% Packages/com.unity.render-pipelines.core/Runtime/Utilities/ResourceReloader.cs
 0.1 kb	 0.0% Packages/com.unity.render-pipelines.core/Runtime/Utilities/LightUnitUtils.cs
 0.1 kb	 0.0% Packages/com.unity.render-pipelines.core/Runtime/Utilities/HaltonSequence.cs
 0.1 kb	 0.0% Packages/com.unity.render-pipelines.core/Runtime/Utilities/HDROutputUtils.cs
 0.1 kb	 0.0% Packages/com.unity.render-pipelines.core/Runtime/Utilities/GPUPrefixSum/GPUPrefixSum.Data.cs
 0.1 kb	 0.0% Packages/com.unity.render-pipelines.core/Runtime/Utilities/DelegateUtility.cs
 0.1 kb	 0.0% Packages/com.unity.render-pipelines.core/Runtime/Utilities/CoreMatrixUtils.cs
 0.1 kb	 0.0% Packages/com.unity.render-pipelines.core/Runtime/Utilities/ColorSpaceUtils.cs
 0.1 kb	 0.0% Packages/com.unity.render-pipelines.core/Runtime/Utilities/ArrayExtensions.cs
 0.1 kb	 0.0% Packages/com.unity.render-pipelines.core/Runtime/Textures/Texture2DAtlas.cs
 0.1 kb	 0.0% Packages/com.unity.render-pipelines.core/Runtime/Textures/RTHandleSystem.cs
 0.1 kb	 0.0% Packages/com.unity.render-pipelines.core/Runtime/RenderPipeline/IVolumetricCloud.cs
 0.1 kb	 0.0% Packages/com.unity.render-pipelines.core/Runtime/RenderPipeline/ICloudBackground.cs
 0.1 kb	 0.0% Packages/com.unity.render-pipelines.core/Runtime/RenderGraph/RenderGraphCompilationCache.cs
 0.1 kb	 0.0% Packages/com.unity.render-pipelines.core/Runtime/PostProcessing/LensFlareDataSRP.cs
 0.1 kb	 0.0% Packages/com.unity.render-pipelines.core/Runtime/Lighting/ProbeVolume/ProbeBrickPool.cs
 0.1 kb	 0.0% Packages/com.unity.render-pipelines.core/Runtime/Lighting/ProbeVolume/ProbeBrickIndex.cs
 0.1 kb	 0.0% Packages/com.unity.render-pipelines.core/Runtime/GPUDriven/InstanceData/InstanceType.cs
 0.1 kb	 0.0% Packages/com.unity.render-pipelines.core/Runtime/GPUDriven/InstanceData/InstanceData.cs
 0.1 kb	 0.0% Packages/com.unity.render-pipelines.core/Runtime/Debugging/ProfilingScope.cs
 0.1 kb	 0.0% Packages/com.unity.render-pipelines.core/Runtime/Debugging/FrameTiming/FrameTimeSample.cs
 0.1 kb	 0.0% Packages/com.unity.render-pipelines.core/Runtime/Debugging/DebugManager.UIState.cs
 0.1 kb	 0.0% Packages/com.unity.render-pipelines.core/Runtime/Debugging/DebugManager.Actions.cs
 0.1 kb	 0.0% Packages/com.unity.render-pipelines.core/Runtime/Debugging/DebugFrameTiming.cs
 0.1 kb	 0.0% Packages/com.unity.render-pipelines.core/Runtime/Common/SerializableEnum.cs
 0.1 kb	 0.0% Packages/com.unity.render-pipelines.core/Runtime/Common/ReloadAttribute.cs
 0.1 kb	 0.0% Packages/com.unity.render-pipelines.core/Runtime/Common/IAdditionalData.cs
 0.1 kb	 0.0% Packages/com.unity.render-pipelines.core/Runtime/Common/DynamicString.cs
 0.1 kb	 0.0% Packages/com.unity.render-pipelines.core/Runtime/Common/CoreUnsafeUtils.cs
 0.1 kb	 0.0% Packages/com.unity.render-pipelines.core/Runtime/Common/ContextContainer.cs
 0.1 kb	 0.0% Packages/com.unity.render-pipelines.core/Runtime/Common/ConstantBuffer.cs
 0.1 kb	 0.0% Packages/com.unity.render-pipelines.core/Runtime/Camera/CameraSwitcher.cs
 0.1 kb	 0.0% Packages/com.unity.inputsystem/InputSystem/Utilities/Comparers.cs
 0.1 kb	 0.0% Packages/com.unity.inputsystem/InputSystem/State/InputStateHistory.cs
 0.1 kb	 0.0% Packages/com.unity.inputsystem/InputSystem/State/InputStateBuffers.cs
 0.1 kb	 0.0% Packages/com.unity.inputsystem/InputSystem/State/IInputStateTypeInfo.cs
 0.1 kb	 0.0% Packages/com.unity.inputsystem/InputSystem/Plugins/iOS/InputSettingsiOSProvider.cs
 0.1 kb	 0.0% Packages/com.unity.inputsystem/InputSystem/Plugins/Users/InputUserSettings.cs
 0.1 kb	 0.0% Packages/com.unity.inputsystem/InputSystem/Plugins/PlayerInput/PlayerInputEditor.cs
 0.1 kb	 0.0% Packages/com.unity.inputsystem/InputSystem/Plugins/EnhancedTouch/TouchSimulation.cs
 0.1 kb	 0.0% Packages/com.unity.inputsystem/InputSystem/NativeInputRuntime.cs
 0.1 kb	 0.0% Packages/com.unity.inputsystem/InputSystem/Events/InputEventListener.cs
 0.1 kb	 0.0% Packages/com.unity.inputsystem/InputSystem/Events/IMECompositionEvent.cs
 0.1 kb	 0.0% Packages/com.unity.inputsystem/InputSystem/Events/IInputEventTypeInfo.cs
 0.1 kb	 0.0% Packages/com.unity.inputsystem/InputSystem/Events/DeviceRemoveEvent.cs
 0.1 kb	 0.0% Packages/com.unity.inputsystem/InputSystem/Editor/UITKAssetEditor/Views/MatchingControlPaths.cs
 0.1 kb	 0.0% Packages/com.unity.inputsystem/InputSystem/Editor/UITKAssetEditor/Views/IViewStateCollection.cs
 0.1 kb	 0.0% Packages/com.unity.inputsystem/InputSystem/Editor/UITKAssetEditor/Views/ControlSchemesView.cs
 0.1 kb	 0.0% Packages/com.unity.inputsystem/InputSystem/Editor/UITKAssetEditor/Views/ActionPropertiesView.cs
 0.1 kb	 0.0% Packages/com.unity.inputsystem/InputSystem/Editor/UITKAssetEditor/EnumerableExtensions.cs
 0.1 kb	 0.0% Packages/com.unity.inputsystem/InputSystem/Editor/PropertyDrawers/InputActionMapDrawer.cs
 0.1 kb	 0.0% Packages/com.unity.inputsystem/InputSystem/Editor/PropertyDrawers/InputActionDrawer.cs
 0.1 kb	 0.0% Packages/com.unity.inputsystem/InputSystem/Editor/Internal/InputEventTreeView.cs
 0.1 kb	 0.0% Packages/com.unity.inputsystem/InputSystem/Editor/Internal/InputControlTreeView.cs
 0.1 kb	 0.0% Packages/com.unity.inputsystem/InputSystem/Editor/Internal/BuildProviderHelpers.cs
 0.1 kb	 0.0% Packages/com.unity.inputsystem/InputSystem/Editor/Internal/AdvancedDropdown/MultiLevelDataSource.cs
 0.1 kb	 0.0% Packages/com.unity.inputsystem/InputSystem/Editor/Internal/AdvancedDropdown/CallbackDataSource.cs
 0.1 kb	 0.0% Packages/com.unity.inputsystem/InputSystem/Editor/Internal/AdvancedDropdown/AdvancedDropdownItem.cs
 0.1 kb	 0.0% Packages/com.unity.inputsystem/InputSystem/Editor/Internal/AdvancedDropdown/AdvancedDropdownGUI.cs
 0.1 kb	 0.0% Packages/com.unity.inputsystem/InputSystem/Editor/InputParameterEditor.cs
 0.1 kb	 0.0% Packages/com.unity.inputsystem/InputSystem/Editor/DeviceSimulator/InputSystemPlugin.cs
 0.1 kb	 0.0% Packages/com.unity.inputsystem/InputSystem/Editor/Debugger/InputDebuggerWindow.cs
 0.1 kb	 0.0% Packages/com.unity.inputsystem/InputSystem/Editor/ControlPicker/InputControlPicker.cs
 0.1 kb	 0.0% Packages/com.unity.inputsystem/InputSystem/Editor/BuildPipeline/LinkFileGenerator.cs
 0.1 kb	 0.0% Packages/com.unity.inputsystem/InputSystem/Editor/AssetImporter/InputActionImporter.cs
 0.1 kb	 0.0% Packages/com.unity.inputsystem/InputSystem/Editor/AssetEditor/PropertiesViewBase.cs
 0.1 kb	 0.0% Packages/com.unity.inputsystem/InputSystem/Editor/AssetEditor/InputActionTreeView.cs
 0.1 kb	 0.0% Packages/com.unity.inputsystem/InputSystem/Editor/Analytics/InputEditorAnalytics.cs
 0.1 kb	 0.0% Packages/com.unity.inputsystem/InputSystem/Editor/Analytics/InputBuildAnalytic.cs
 0.1 kb	 0.0% Packages/com.unity.inputsystem/InputSystem/Devices/InputDeviceMatcher.cs
 0.1 kb	 0.0% Packages/com.unity.inputsystem/InputSystem/Devices/InputDeviceBuilder.cs
 0.1 kb	 0.0% Packages/com.unity.inputsystem/InputSystem/Devices/ITextInputReceiver.cs
 0.1 kb	 0.0% Packages/com.unity.inputsystem/InputSystem/Devices/IEventPreProcessor.cs
 0.1 kb	 0.0% Packages/com.unity.inputsystem/InputSystem/Devices/ICustomDeviceReset.cs
 0.1 kb	 0.0% Packages/com.unity.inputsystem/InputSystem/Devices/Commands/RequestSyncCommand.cs
 0.1 kb	 0.0% Packages/com.unity.inputsystem/InputSystem/Devices/Commands/RequestResetCommand.cs
 0.1 kb	 0.0% Packages/com.unity.inputsystem/InputSystem/Devices/Commands/QueryUserIdCommand.cs
 0.1 kb	 0.0% Packages/com.unity.inputsystem/InputSystem/Devices/Commands/QueryKeyNameCommand.cs
 0.1 kb	 0.0% Packages/com.unity.inputsystem/InputSystem/Devices/Commands/InputDeviceCommand.cs
 0.1 kb	 0.0% Packages/com.unity.inputsystem/InputSystem/Devices/Commands/EnableDeviceCommand.cs
 0.1 kb	 0.0% Packages/com.unity.inputsystem/InputSystem/Devices/Commands/DisableDeviceCommand.cs
 0.1 kb	 0.0% Packages/com.unity.inputsystem/InputSystem/Controls/TouchPressControl.cs
 0.1 kb	 0.0% Packages/com.unity.inputsystem/InputSystem/Controls/TouchPhaseControl.cs
 0.1 kb	 0.0% Packages/com.unity.inputsystem/InputSystem/Controls/QuaternionControl.cs
 0.1 kb	 0.0% Packages/com.unity.inputsystem/InputSystem/Controls/InputControlLayout.cs
 0.1 kb	 0.0% Packages/com.unity.inputsystem/InputSystem/Controls/InputControlExtensions.cs
 0.1 kb	 0.0% Packages/com.unity.inputsystem/InputSystem/Actions/InputInteractionContext.cs
 0.1 kb	 0.0% Packages/com.unity.inputsystem/InputSystem/Actions/InputBindingComposite.cs
 0.1 kb	 0.0% Packages/com.unity.inputsystem/InputSystem/Actions/IInputActionCollection.cs
 0.1 kb	 0.0% Packages/com.unity.collections/Unity.Collections/NativeNotBurstCompatible.cs
 0.1 kb	 0.0% Packages/com.meta.xr.sdk.voice/Scripts/Runtime/Utilities/MicPermissionsManager.cs
 0.1 kb	 0.0% Packages/com.meta.xr.sdk.voice/Resources/voicesdk_heroart.png
 0.1 kb	 0.0% Packages/com.meta.xr.sdk.voice/Lib/Wit.ai/Scripts/Runtime/Interfaces/IWitConfigurationProvider.cs
 0.1 kb	 0.0% Packages/com.meta.xr.sdk.voice/Lib/Wit.ai/Scripts/Runtime/Interfaces/IVoiceServiceRequestProvider.cs
 0.1 kb	 0.0% Packages/com.meta.xr.sdk.voice/Lib/Wit.ai/Scripts/Runtime/Interfaces/ITranscriptionEventProvider.cs
 0.1 kb	 0.0% Packages/com.meta.xr.sdk.voice/Lib/Wit.ai/Scripts/Runtime/Interfaces/CustomTranscriptionProvider.cs
 0.1 kb	 0.0% Packages/com.meta.xr.sdk.voice/Lib/Wit.ai/Scripts/Runtime/Events/UnityEventListeners/AudioEventListener.cs
 0.1 kb	 0.0% Packages/com.meta.xr.sdk.voice/Lib/Wit.ai/Scripts/Runtime/Data/Entities/EntityRegistryComponents/DynamicEntityKeywordRegistry.cs
 0.1 kb	 0.0% Packages/com.meta.xr.sdk.voice/Lib/Wit.ai/Scripts/Runtime/Data/Entities/DynamicEntityDataProvider.cs
 0.1 kb	 0.0% Packages/com.meta.xr.sdk.voice/Lib/Wit.ai/Scripts/Runtime/Data/Configuration/WitConfigurationCache.cs
 0.1 kb	 0.0% Packages/com.meta.xr.sdk.voice/Lib/Wit.ai/Features/TTS/Scripts/Runtime/Interfaces/ITTSRuntimeCacheHandler.cs
 0.1 kb	 0.0% Packages/com.meta.xr.sdk.voice/Lib/Wit.ai/Features/TTS/Scripts/Runtime/Integrations/TTSWitRequestSettings.cs
 0.1 kb	 0.0% Packages/com.meta.xr.sdk.voice/Lib/Wit.ai/Features/TTS/Scripts/Runtime/Integrations/TTSRuntimePlaybackCache.cs
 0.1 kb	 0.0% Packages/com.meta.xr.sdk.voice/Lib/Wit.ai/Features/TTS/Scripts/Runtime/Events/EventHandlers/EmoteEventHandler.cs
 0.1 kb	 0.0% Packages/com.meta.xr.sdk.voice/Lib/Wit.ai/Features/TTS/Scripts/Runtime/Events/EventHandlers/ActionEventHandler.cs
 0.1 kb	 0.0% Packages/com.meta.xr.sdk.voice/Lib/Telemetry/Scripts/Runtime/RuntimeTelemetry.cs
 0.1 kb	 0.0% Packages/com.meta.xr.sdk.voice/Lib/Telemetry/Scripts/Runtime/ITelemetryWriter.cs
 0.1 kb	 0.0% Packages/com.meta.xr.sdk.voice/Lib/Hub/Scripts/Runtime/Attributes/MetaHubPageAttribute.cs
 0.1 kb	 0.0% Packages/com.meta.xr.sdk.voice/Lib/Common/Scripts/Runtime/Listeners/SlotHandler.cs
 0.1 kb	 0.0% Packages/com.meta.xr.sdk.voice/Features/Composer/Composer/Lib/Wit.ai/Features/composer/Scripts/Runtime/Integrations/WitComposerService.cs
 0.1 kb	 0.0% Packages/com.meta.xr.sdk.voice/Features/Composer/Composer/Lib/Wit.ai/Features/composer/Scripts/Runtime/Integrations/WitComposerConstants.cs
 0.1 kb	 0.0% Packages/com.meta.xr.sdk.voice/Features/Composer/Composer/Lib/Wit.ai/Features/composer/Scripts/Runtime/Data/BaseReservedContextPath.cs
 0.1 kb	 0.0% Packages/com.meta.xr.sdk.interaction/Runtime/Scripts/Unity/UnityCanvas/CanvasRenderTexture.cs
 0.1 kb	 0.0% Packages/com.meta.xr.sdk.interaction/Runtime/Scripts/Unity/UnityCanvas/CanvasMeshRenderer.cs
 0.1 kb	 0.0% Packages/com.meta.xr.sdk.interaction/Runtime/Scripts/Throw/RANSACVelocityCalculator.cs
 0.1 kb	 0.0% Packages/com.meta.xr.sdk.interaction/Runtime/Scripts/Throw/IThrowVelocityCalculator.cs
 0.1 kb	 0.0% Packages/com.meta.xr.sdk.interaction/Runtime/Scripts/PoseDetection/SequenceActiveState.cs
 0.1 kb	 0.0% Packages/com.meta.xr.sdk.interaction/Runtime/Scripts/PoseDetection/JointDeltaProvider.cs
 0.1 kb	 0.0% Packages/com.meta.xr.sdk.interaction/Runtime/Scripts/PoseDetection/FeatureDescription.cs
 0.1 kb	 0.0% Packages/com.meta.xr.sdk.interaction/Runtime/Scripts/PoseDetection/FeatureConfigBuilder.cs
 0.1 kb	 0.0% Packages/com.meta.xr.sdk.interaction/Runtime/Scripts/Interaction/Models/Locomotion/Tunneling/LocomotionTunneling.cs
 0.1 kb	 0.0% Packages/com.meta.xr.sdk.interaction/Runtime/Scripts/Interaction/Models/Locomotion/Teleport/Visuals/TeleportArcVisual.cs
 0.1 kb	 0.0% Packages/com.meta.xr.sdk.interaction/Runtime/Scripts/Interaction/Models/Locomotion/Teleport/TeleportInteractor.cs
 0.1 kb	 0.0% Packages/com.meta.xr.sdk.interaction/Runtime/Scripts/Interaction/Models/Locomotion/Teleport/TeleportInteractable.cs
 0.1 kb	 0.0% Packages/com.meta.xr.sdk.interaction/Runtime/Scripts/Interaction/Models/Locomotion/Teleport/TeleportArcGravity.cs
 0.1 kb	 0.0% Packages/com.meta.xr.sdk.interaction/Runtime/Scripts/Interaction/Models/Locomotion/FirstPersonLocomotor.cs
 0.1 kb	 0.0% Packages/com.meta.xr.sdk.interaction/Runtime/Scripts/Interaction/Models/Locomotion/CharacterController.cs
 0.1 kb	 0.0% Packages/com.meta.xr.sdk.interaction/Runtime/Scripts/Interaction/Models/HandGrab/PoseMeasureParameters.cs
 0.1 kb	 0.0% Packages/com.meta.xr.sdk.interaction/Runtime/Scripts/Interaction/Core/VirtualActiveState.cs
 0.1 kb	 0.0% Packages/com.meta.xr.sdk.interaction/Runtime/Scripts/Input/OneEuroFilter/HandFilterParameterBlock.cs
 0.1 kb	 0.0% Packages/com.meta.xr.sdk.interaction/Runtime/Scripts/Input/Hands/IHandSkeletonProvider.cs
 0.1 kb	 0.0% Packages/com.meta.xr.sdk.interaction/Runtime/Scripts/Input/Hands/FromHandPrefabDataSource.cs
 0.1 kb	 0.0% Packages/com.meta.xr.sdk.interaction/Runtime/Scripts/Input/Hands/DataModifiers/JointRotationHistoryHand.cs
 0.1 kb	 0.0% Packages/com.meta.xr.sdk.interaction/Runtime/Scripts/Input/Hands/ControllerAnimatedHand.cs
 0.1 kb	 0.0% Packages/com.meta.xr.sdk.interaction/Runtime/Scripts/Input/Controllers/IControllerDataModifier.cs
 0.1 kb	 0.0% Packages/com.meta.xr.sdk.interaction/Runtime/Scripts/Input/Controllers/ControllerHandDataSource.cs
 0.1 kb	 0.0% Packages/com.meta.xr.sdk.interaction/Runtime/Sample/Scripts/PanelWithManipulators/UpdateRoundedBoxAnchorConstraint.cs
 0.1 kb	 0.0% Packages/com.meta.xr.sdk.interaction/Runtime/Sample/Scripts/Locomotion/LocomotorSound.cs
 0.1 kb	 0.0% Packages/com.meta.xr.sdk.interaction/Runtime/Sample/Scripts/Locomotion/AdjustableAudio.cs
 0.1 kb	 0.0% Packages/com.meta.xr.sdk.interaction/Runtime/Sample/Scripts/Body/LockedBodyPose.cs
 0.1 kb	 0.0% Packages/com.meta.xr.sdk.interaction/Runtime/Sample/Scripts/Body/BodyPoseSwitcher.cs
 0.1 kb	 0.0% Packages/com.meta.xr.sdk.interaction.ovr/Runtime/Scripts/Input/OVRButtonActiveState.cs
 0.1 kb	 0.0% Packages/com.meta.xr.sdk.interaction.ovr/Runtime/Sample/Scripts/PassThrough/MRPassthrough.cs
 0.1 kb	 0.0% Packages/com.meta.xr.sdk.interaction.ovr/Runtime/Sample/Scripts/MultiModal/PingPongPaddle.cs
 0.1 kb	 0.0% Packages/com.meta.xr.sdk.interaction.ovr/Runtime/Sample/Scripts/Menu/MenuWristButton.cs
 0.1 kb	 0.0% Packages/com.meta.xr.sdk.core/Scripts/OVRVirtualKeyboard/OVRVirtualKeyboardInputFieldTextHandler.cs
 0.1 kb	 0.0% Packages/com.meta.xr.sdk.core/Scripts/OVRVirtualKeyboard/OVRVirtualKeyboardControllerInputHandler.cs
 0.1 kb	 0.0% Packages/com.meta.xr.sdk.core/Scripts/OVRSimultaneousHandsAndControllersSample.cs
 0.1 kb	 0.0% Packages/com.meta.xr.sdk.core/Scripts/OVRGLTFAnimationNodeMorphTargetHandler.cs
 0.1 kb	 0.0% Packages/com.meta.xr.sdk.core/Scripts/ImmersiveDebugger/Utils/ValueContainer/Implementations/Vector3Container.cs
 0.1 kb	 0.0% Packages/com.meta.xr.sdk.core/Scripts/ImmersiveDebugger/Utils/ValueContainer/Implementations/Vector2Container.cs
 0.1 kb	 0.0% Packages/com.meta.xr.sdk.core/Scripts/ImmersiveDebugger/Utils/ValueContainer/Implementations/IntegerContainer.cs
 0.1 kb	 0.0% Packages/com.meta.xr.sdk.core/Scripts/ImmersiveDebugger/Utils/ValueContainer/Implementations/FloatContainer.cs
 0.1 kb	 0.0% Packages/com.meta.xr.sdk.core/Scripts/ImmersiveDebugger/Utils/Resources/Values/InspectorsPanelPositions.asset
 0.1 kb	 0.0% Packages/com.meta.xr.sdk.core/Scripts/ImmersiveDebugger/Utils/Resources/Values/ConsolePanelPositions.asset
 0.1 kb	 0.0% Packages/com.meta.xr.sdk.core/Scripts/ImmersiveDebugger/Utils/InstanceHandle.cs
 0.1 kb	 0.0% Packages/com.meta.xr.sdk.core/Scripts/ImmersiveDebugger/Utils/InstanceCache.cs
 0.1 kb	 0.0% Packages/com.meta.xr.sdk.core/Scripts/ImmersiveDebugger/Utils/ConsoleLogsCache.cs
 0.1 kb	 0.0% Packages/com.meta.xr.sdk.core/Scripts/ImmersiveDebugger/Utils/AssemblyParser.cs
 0.1 kb	 0.0% Packages/com.meta.xr.sdk.core/Scripts/ImmersiveDebugger/UserInterface/Resources/Textures/minimize_icon.png
 0.1 kb	 0.0% Packages/com.meta.xr.sdk.core/Scripts/ImmersiveDebugger/UserInterface/Resources/Textures/inspectors_icon.png
 0.1 kb	 0.0% Packages/com.meta.xr.sdk.core/Scripts/ImmersiveDebugger/UserInterface/Resources/Textures/hierarchy_icon.png
 0.1 kb	 0.0% Packages/com.meta.xr.sdk.core/Scripts/ImmersiveDebugger/UserInterface/Resources/Textures/compress_icon.png
 0.1 kb	 0.0% Packages/com.meta.xr.sdk.core/Scripts/ImmersiveDebugger/UserInterface/Resources/Textures/categories_icon.png
 0.1 kb	 0.0% Packages/com.meta.xr.sdk.core/Scripts/ImmersiveDebugger/UserInterface/Resources/Textures/caret_right_icon.png
 0.1 kb	 0.0% Packages/com.meta.xr.sdk.core/Scripts/ImmersiveDebugger/UserInterface/Resources/Textures/caret_down_icon.png
 0.1 kb	 0.0% Packages/com.meta.xr.sdk.core/Scripts/ImmersiveDebugger/UserInterface/Resources/Styles/ImageStyles/ToggleButtonIcon.asset
 0.1 kb	 0.0% Packages/com.meta.xr.sdk.core/Scripts/ImmersiveDebugger/UserInterface/Resources/Styles/ImageStyles/PanelButtonIcon.asset
 0.1 kb	 0.0% Packages/com.meta.xr.sdk.core/Scripts/ImmersiveDebugger/UserInterface/Resources/Styles/ImageStyles/PanelBackground.asset
 0.1 kb	 0.0% Packages/com.meta.xr.sdk.core/Scripts/ImmersiveDebugger/UserInterface/Resources/Styles/ImageStyles/MiniButtonIcon.asset
 0.1 kb	 0.0% Packages/com.meta.xr.sdk.core/Scripts/ImmersiveDebugger/UserInterface/Resources/Styles/ImageStyles/LogCollapseIcon.asset
 0.1 kb	 0.0% Packages/com.meta.xr.sdk.core/Scripts/ImmersiveDebugger/UserInterface/Resources/Styles/ImageStyles/DownArrowIcon.asset
 0.1 kb	 0.0% Packages/com.meta.xr.sdk.core/Scripts/ImmersiveDebugger/UserInterface/Resources/Styles/ImageStyles/CloseButtonIcon.asset
 0.1 kb	 0.0% Packages/com.meta.xr.sdk.core/Scripts/ImmersiveDebugger/UserInterface/Resources/Styles/ImageStyles/BarBackground.asset
 0.1 kb	 0.0% Packages/com.meta.xr.sdk.core/Scripts/ImmersiveDebugger/UserInterface/Inspector.cs
 0.1 kb	 0.0% Packages/com.meta.xr.sdk.core/Scripts/ImmersiveDebugger/UserInterface/Generic/Styles/Style.cs
 0.1 kb	 0.0% Packages/com.meta.xr.sdk.core/Scripts/ImmersiveDebugger/UserInterface/Generic/MonoBehaviours/Cursor.cs
 0.1 kb	 0.0% Packages/com.meta.xr.sdk.core/Scripts/ImmersiveDebugger/UserInterface/Generic/Controllers/Implementations/Toggle.cs
 0.1 kb	 0.0% Packages/com.meta.xr.sdk.core/Scripts/ImmersiveDebugger/UserInterface/Generic/Controllers/Implementations/TextArea.cs
 0.1 kb	 0.0% Packages/com.meta.xr.sdk.core/Scripts/ImmersiveDebugger/UserInterface/Generic/Controllers/Implementations/Switch.cs
 0.1 kb	 0.0% Packages/com.meta.xr.sdk.core/Scripts/ImmersiveDebugger/UserInterface/Generic/Controllers/Implementations/Slider.cs
 0.1 kb	 0.0% Packages/com.meta.xr.sdk.core/Scripts/ImmersiveDebugger/UserInterface/Generic/Controllers/Implementations/Panel.cs
 0.1 kb	 0.0% Packages/com.meta.xr.sdk.core/Scripts/ImmersiveDebugger/UserInterface/Generic/Controllers/Implementations/Label.cs
 0.1 kb	 0.0% Packages/com.meta.xr.sdk.core/Scripts/ImmersiveDebugger/UserInterface/Generic/Controllers/Implementations/Image.cs
 0.1 kb	 0.0% Packages/com.meta.xr.sdk.core/Scripts/ImmersiveDebugger/UserInterface/Generic/Controllers/Implementations/Dropdown.cs
 0.1 kb	 0.0% Packages/com.meta.xr.sdk.core/Scripts/ImmersiveDebugger/UserInterface/Generic/Controllers/Implementations/Button.cs
 0.1 kb	 0.0% Packages/com.meta.xr.sdk.core/Scripts/ImmersiveDebugger/UserInterface/DebugPanel.cs
 0.1 kb	 0.0% Packages/com.meta.xr.sdk.core/Scripts/ImmersiveDebugger/UserInterface/ConsoleLine.cs
 0.1 kb	 0.0% Packages/com.meta.xr.sdk.core/Scripts/ImmersiveDebugger/Interface/DebugAttributes.cs
 0.1 kb	 0.0% Packages/com.meta.xr.sdk.core/Scripts/ImmersiveDebugger/Gizmos/GizmoRenderer.cs
 0.1 kb	 0.0% Packages/com.meta.xr.sdk.core/Scripts/ImmersiveDebugger/Gizmos/DebugGizmos/PolylineRenderer.cs
 0.1 kb	 0.0% Packages/com.meta.xr.sdk.core/Scripts/BuildingBlocks/MultiplayerBlocks/Shared/Colocation/ColocationPackage/Runtime/NetworkImpl/INetworkData.cs
 0.1 kb	 0.0% Packages/com.meta.xr.mrutilitykit/Core/Scripts/Extensions/Vector3Extensions.cs
 0.1 kb	 0.0% Packages/com.meta.xr.mrutilitykit/Core/Scripts/Extensions/Vector2Extensions.cs
 0.1 kb	 0.0% Assets/Samples/Splines/2.7.2/Spline Examples (requires Shader Graph package)/Resources/Icons/SpeedTiltTool.png
 0.1 kb	 0.0% Assets/Photon/Fusion/Runtime/FusionAddressablePrefabsPreloader.cs
 0.1 kb	 0.0% Assets/MRTemplateAssets/Textures/Diagonal Stripes.png
 0.1 kb	 0.0% Assets/MRTemplateAssets/Sprites/UI/Circle_Outline_2.png
 0.1 kb	 0.0% Assets/MRTemplateAssets/Materials/Primitive/Torus_BaseColor.png
 0.1 kb	 0.0% Assets/MRTemplateAssets/Materials/Primitive/Concrete_Normal.tif
 0.1 kb	 0.0% Assets/ERL/Scripts/Server/ClientManagerBase.cs
 0.1 kb	 0.0% Assets/ERL/Scripts/RestClient/Scripts/RestClientHeadExample.cs
 0.1 kb	 0.0% Assets/ERL/Scripts/Player/PlayerInputProvider.cs
 0.1 kb	 0.0% Assets/ERL/Scripts/M2Mqtt/Session/MqttClientSession.cs
 0.1 kb	 0.0% Assets/ERL/Scripts/M2Mqtt/Messages/MqttMsgUnsubscribe.cs
 0.1 kb	 0.0% Assets/ERL/Scripts/M2Mqtt/Messages/MqttMsgDisconnect.cs
 0.1 kb	 0.0% Assets/ARCADE - FREE Racing Car/Textures/Color Variations/AFRC_Tex_Col1.png
 0.1 kb	 0.0% Packages/com.unity.xr.openxr/Runtime/OpenXRProjectValidation.cs
 0.1 kb	 0.0% Packages/com.unity.xr.openxr/Runtime/OpenXRLoaderNoPreInit.cs
 0.1 kb	 0.0% Packages/com.unity.xr.meta-openxr/Runtime/Subsystems/Session/ARSessionFeature.cs
 0.1 kb	 0.0% Packages/com.unity.xr.meta-openxr/Runtime/Subsystems/Raycast/ARRaycastFeature.cs
 0.1 kb	 0.0% Packages/com.unity.xr.meta-openxr/Runtime/Subsystems/Plane/ARPlaneFeature.cs
 0.1 kb	 0.0% Packages/com.unity.xr.meta-openxr/Runtime/Subsystems/Mesh/ARMeshFeature.cs
 0.1 kb	 0.0% Packages/com.unity.xr.meta-openxr/Runtime/Subsystems/Camera/ARCameraFeature.cs
 0.1 kb	 0.0% Packages/com.unity.xr.meta-openxr/Runtime/Subsystems/Anchor/ARAnchorFeature.cs
 0.1 kb	 0.0% Packages/com.unity.xr.management/Runtime/XRManagerSettings.cs
 0.1 kb	 0.0% Packages/com.unity.xr.management/Runtime/XRGeneralSettings.cs
 0.1 kb	 0.0% Packages/com.unity.xr.legacyinputhelpers/Runtime/ArmModels/ArmModel.cs
 0.1 kb	 0.0% Packages/com.unity.xr.interaction.toolkit/Runtime/XR/GizmoHelpers.cs
 0.1 kb	 0.0% Packages/com.unity.xr.interaction.toolkit/Runtime/UI/BodyUI/HandMenu.cs
 0.1 kb	 0.0% Packages/com.unity.xr.interaction.toolkit/Runtime/Interaction/Controllers/XRController.cs
 0.1 kb	 0.0% Packages/com.unity.xr.hands/Runtime/Gestures/XRFingerShapeMath.cs
 0.1 kb	 0.0% Packages/com.unity.xr.core-utils/Runtime/ScriptableSettingsBase.cs
 0.1 kb	 0.0% Packages/com.unity.xr.core-utils/Runtime/Extensions/MonoBehaviourExtensions.cs
 0.1 kb	 0.0% Packages/com.unity.xr.core-utils/Runtime/Datums/StringDatumProperty.cs
 0.1 kb	 0.0% Packages/com.unity.xr.core-utils/Runtime/Datums/FloatDatumProperty.cs
 0.1 kb	 0.0% Packages/com.unity.xr.core-utils/Runtime/Datums/AnimationCurveDatum.cs
 0.1 kb	 0.0% Packages/com.unity.xr.arfoundation/Runtime/Simulation/Subsystems/SimulatedExifData.cs
 0.1 kb	 0.0% Packages/com.unity.xr.arfoundation/Runtime/Simulation/Subsystems/PointCloud/PointCloudRaycaster.cs
 0.1 kb	 0.0% Packages/com.unity.xr.arfoundation/Runtime/Simulation/Subsystems/Plane/PlaneFindingParams.cs
 0.1 kb	 0.0% Packages/com.unity.xr.arfoundation/Runtime/Simulation/Subsystems/CpuImage/SimulationImageInfo.cs
 0.1 kb	 0.0% Packages/com.unity.xr.arfoundation/Runtime/Simulation/Subsystems/CameraFPSModeHandler.cs
 0.1 kb	 0.0% Packages/com.unity.xr.arfoundation/Runtime/Simulation/Subsystems/BoundingBox/BoundingBoxRaycaster.cs
 0.1 kb	 0.0% Packages/com.unity.xr.arfoundation/Runtime/Simulation/Subsystems/Anchors/SimulationAnchorImpl.cs
 0.1 kb	 0.0% Packages/com.unity.xr.arfoundation/Runtime/Simulation/SimulationConstants.cs
 0.1 kb	 0.0% Packages/com.unity.xr.arfoundation/Runtime/Simulation/Input/InputLayoutLoader.cs
 0.1 kb	 0.0% Packages/com.unity.xr.arfoundation/Runtime/Simulation/Environment/SimulatedBoundingBox.cs
 0.1 kb	 0.0% Packages/com.unity.xr.arfoundation/Runtime/ARSubsystems/Textures/XRCpuImage/AsyncConversionStatus.cs
 0.1 kb	 0.0% Packages/com.unity.xr.arfoundation/Runtime/ARFoundation/TrackingMode.cs
 0.1 kb	 0.0% Packages/com.unity.visualscripting/Runtime/VisualScripting.Core/Ensure/EnsureThat.ValueTypes.cs
 0.1 kb	 0.0% Packages/com.unity.visualscripting/Runtime/VisualScripting.Core/Ensure/EnsureThat.Reflection.cs
 0.1 kb	 0.0% Packages/com.unity.visualscripting/Runtime/VisualScripting.Core/Ensure/EnsureThat.Comparables.cs
 0.1 kb	 0.0% Packages/com.unity.visualscripting/Runtime/VisualScripting.Core/Ensure/EnsureThat.Collections.cs
 0.1 kb	 0.0% Packages/com.unity.visualscripting/Runtime/VisualScripting.Core/Dependencies/FullSerializer/fsSerializer.cs
 0.1 kb	 0.0% Packages/com.unity.visualscripting/Runtime/VisualScripting.Core/Dependencies/FullSerializer/fsJsonParser.cs
 0.1 kb	 0.0% Packages/com.unity.visualscripting/Runtime/VisualScripting.Core/Dependencies/FullSerializer/fsConverter.cs
 0.1 kb	 0.0% Packages/com.unity.visualscripting/Runtime/VisualScripting.Core/Dependencies/FullSerializer/fsContext.cs
 0.1 kb	 0.0% Packages/com.unity.visualscripting/Runtime/VisualScripting.Core/Dependencies/FullSerializer/Reflection/fsTypeCache.cs
 0.1 kb	 0.0% Packages/com.unity.visualscripting/Runtime/VisualScripting.Core/Dependencies/FullSerializer/Reflection/fsMetaType.cs
 0.1 kb	 0.0% Packages/com.unity.ugui/Runtime/UGUI/EventSystem/InputModules/StandaloneInputModule.cs
 0.1 kb	 0.0% Packages/com.unity.rendering.light-transport/Runtime/UnifiedRayTracing/Compute/RadeonRays/StringIDs.cs
 0.1 kb	 0.0% Packages/com.unity.rendering.light-transport/Runtime/UnifiedRayTracing/Compute/RadeonRays/Common.cs
 0.1 kb	 0.0% Packages/com.unity.rendering.light-transport/Runtime/UnifiedRayTracing/Compute/RadeonRays/BvhCheck.cs
 0.1 kb	 0.0% Packages/com.unity.render-pipelines.universal/Textures/SMAA/SearchTex.tga
 0.1 kb	 0.0% Packages/com.unity.render-pipelines.universal/Textures/DebugFont.tga
 0.1 kb	 0.0% Packages/com.unity.render-pipelines.universal/Textures/BlueNoise64/L/LDR_LLL1_0.png
 0.1 kb	 0.0% Packages/com.unity.render-pipelines.universal/Textures/BlueNoise16/L/LDR_LLL1_9.png
 0.1 kb	 0.0% Packages/com.unity.render-pipelines.universal/Textures/BlueNoise16/L/LDR_LLL1_8.png
 0.1 kb	 0.0% Packages/com.unity.render-pipelines.universal/Textures/BlueNoise16/L/LDR_LLL1_7.png
 0.1 kb	 0.0% Packages/com.unity.render-pipelines.universal/Textures/BlueNoise16/L/LDR_LLL1_6.png
 0.1 kb	 0.0% Packages/com.unity.render-pipelines.universal/Textures/BlueNoise16/L/LDR_LLL1_5.png
 0.1 kb	 0.0% Packages/com.unity.render-pipelines.universal/Textures/BlueNoise16/L/LDR_LLL1_4.png
 0.1 kb	 0.0% Packages/com.unity.render-pipelines.universal/Textures/BlueNoise16/L/LDR_LLL1_31.png
 0.1 kb	 0.0% Packages/com.unity.render-pipelines.universal/Textures/BlueNoise16/L/LDR_LLL1_30.png
 0.1 kb	 0.0% Packages/com.unity.render-pipelines.universal/Textures/BlueNoise16/L/LDR_LLL1_3.png
 0.1 kb	 0.0% Packages/com.unity.render-pipelines.universal/Textures/BlueNoise16/L/LDR_LLL1_29.png
 0.1 kb	 0.0% Packages/com.unity.render-pipelines.universal/Textures/BlueNoise16/L/LDR_LLL1_28.png
 0.1 kb	 0.0% Packages/com.unity.render-pipelines.universal/Textures/BlueNoise16/L/LDR_LLL1_27.png
 0.1 kb	 0.0% Packages/com.unity.render-pipelines.universal/Textures/BlueNoise16/L/LDR_LLL1_26.png
 0.1 kb	 0.0% Packages/com.unity.render-pipelines.universal/Textures/BlueNoise16/L/LDR_LLL1_25.png
 0.1 kb	 0.0% Packages/com.unity.render-pipelines.universal/Textures/BlueNoise16/L/LDR_LLL1_24.png
 0.1 kb	 0.0% Packages/com.unity.render-pipelines.universal/Textures/BlueNoise16/L/LDR_LLL1_23.png
 0.1 kb	 0.0% Packages/com.unity.render-pipelines.universal/Textures/BlueNoise16/L/LDR_LLL1_22.png
 0.1 kb	 0.0% Packages/com.unity.render-pipelines.universal/Textures/BlueNoise16/L/LDR_LLL1_21.png
 0.1 kb	 0.0% Packages/com.unity.render-pipelines.universal/Textures/BlueNoise16/L/LDR_LLL1_20.png
 0.1 kb	 0.0% Packages/com.unity.render-pipelines.universal/Textures/BlueNoise16/L/LDR_LLL1_2.png
 0.1 kb	 0.0% Packages/com.unity.render-pipelines.universal/Textures/BlueNoise16/L/LDR_LLL1_19.png
 0.1 kb	 0.0% Packages/com.unity.render-pipelines.universal/Textures/BlueNoise16/L/LDR_LLL1_18.png
 0.1 kb	 0.0% Packages/com.unity.render-pipelines.universal/Textures/BlueNoise16/L/LDR_LLL1_17.png
 0.1 kb	 0.0% Packages/com.unity.render-pipelines.universal/Textures/BlueNoise16/L/LDR_LLL1_16.png
 0.1 kb	 0.0% Packages/com.unity.render-pipelines.universal/Textures/BlueNoise16/L/LDR_LLL1_15.png
 0.1 kb	 0.0% Packages/com.unity.render-pipelines.universal/Textures/BlueNoise16/L/LDR_LLL1_14.png
 0.1 kb	 0.0% Packages/com.unity.render-pipelines.universal/Textures/BlueNoise16/L/LDR_LLL1_13.png
 0.1 kb	 0.0% Packages/com.unity.render-pipelines.universal/Textures/BlueNoise16/L/LDR_LLL1_12.png
 0.1 kb	 0.0% Packages/com.unity.render-pipelines.universal/Textures/BlueNoise16/L/LDR_LLL1_11.png
 0.1 kb	 0.0% Packages/com.unity.render-pipelines.universal/Textures/BlueNoise16/L/LDR_LLL1_10.png
 0.1 kb	 0.0% Packages/com.unity.render-pipelines.universal/Textures/BlueNoise16/L/LDR_LLL1_1.png
 0.1 kb	 0.0% Packages/com.unity.render-pipelines.universal/Textures/BlueNoise16/L/LDR_LLL1_0.png
 0.1 kb	 0.0% Packages/com.unity.render-pipelines.universal/Textures/BayerMatrix.png
 0.1 kb	 0.0% Packages/com.unity.render-pipelines.universal/Runtime/StpUtils.cs
 0.1 kb	 0.0% Packages/com.unity.render-pipelines.universal/Runtime/Overrides/Vignette.cs
 0.1 kb	 0.0% Packages/com.unity.render-pipelines.universal/Runtime/Overrides/Bloom.cs
 0.1 kb	 0.0% Packages/com.unity.render-pipelines.core/Runtime/XR/XRView.cs
 0.1 kb	 0.0% Packages/com.unity.render-pipelines.core/Runtime/XR/XRSystem.cs
 0.1 kb	 0.0% Packages/com.unity.render-pipelines.core/Runtime/XR/XRPass.cs
 0.1 kb	 0.0% Packages/com.unity.render-pipelines.core/Runtime/XR/XRLayout.cs
 0.1 kb	 0.0% Packages/com.unity.render-pipelines.core/Runtime/GPUDriven/BatchLayers.cs
 0.1 kb	 0.0% Packages/com.unity.render-pipelines.core/Runtime/Debugging/DebugUI.Containers.cs
 0.1 kb	 0.0% Packages/com.unity.multiplayer.center/Common/AnswerData.cs
 0.1 kb	 0.0% Packages/com.unity.learn.iet-framework/Runtime/SceneObjectGuidManager.cs
 0.1 kb	 0.0% Packages/com.unity.learn.iet-framework/Runtime/RuntimeFindObjectUtils.cs
 0.1 kb	 0.0% Packages/com.unity.inputsystem/InputSystem/Utilities/StringHelpers.cs
 0.1 kb	 0.0% Packages/com.unity.inputsystem/InputSystem/Utilities/SpriteUtilities.cs
 0.1 kb	 0.0% Packages/com.unity.inputsystem/InputSystem/Utilities/PrimitiveValue.cs
 0.1 kb	 0.0% Packages/com.unity.inputsystem/InputSystem/Utilities/PredictiveParser.cs
 0.1 kb	 0.0% Packages/com.unity.inputsystem/InputSystem/Utilities/NumberHelpers.cs
 0.1 kb	 0.0% Packages/com.unity.inputsystem/InputSystem/Utilities/MemoryHelpers.cs
 0.1 kb	 0.0% Packages/com.unity.inputsystem/InputSystem/Utilities/InternedString.cs
 0.1 kb	 0.0% Packages/com.unity.inputsystem/InputSystem/Utilities/ExceptionHelpers.cs
 0.1 kb	 0.0% Packages/com.unity.inputsystem/InputSystem/Utilities/DelegateHelpers.cs
 0.1 kb	 0.0% Packages/com.unity.inputsystem/InputSystem/Plugins/iOS/iOSStepCounter.cs
 0.1 kb	 0.0% Packages/com.unity.inputsystem/InputSystem/Plugins/XR/TrackedPoseDriver.cs
 0.1 kb	 0.0% Packages/com.unity.inputsystem/InputSystem/Plugins/XR/Haptics/BufferedRumble.cs
 0.1 kb	 0.0% Packages/com.unity.inputsystem/InputSystem/Plugins/UI/VirtualMouseInput.cs
 0.1 kb	 0.0% Packages/com.unity.inputsystem/InputSystem/Plugins/UI/INavigationEventData.cs
 0.1 kb	 0.0% Packages/com.unity.inputsystem/InputSystem/Plugins/UI/BaseInputOverride.cs
 0.1 kb	 0.0% Packages/com.unity.inputsystem/InputSystem/Plugins/DualShock/DualShockSupport.cs
 0.1 kb	 0.0% Packages/com.unity.inputsystem/InputSystem/Plugins/DualShock/DualShockGamepad.cs
 0.1 kb	 0.0% Packages/com.unity.inputsystem/InputSystem/Controls/Processors/ScaleProcessor.cs
 0.1 kb	 0.0% Packages/com.unity.inputsystem/InputSystem/Controls/Processors/InvertProcessor.cs
 0.1 kb	 0.0% Packages/com.unity.inputsystem/InputSystem/Controls/Processors/ClampProcessor.cs
 0.1 kb	 0.0% Packages/com.unity.inputsystem/InputSystem/Actions/Interactions/TapInteraction.cs
 0.1 kb	 0.0% Packages/com.unity.inputsystem/InputSystem/Actions/Interactions/PressInteraction.cs
 0.1 kb	 0.0% Packages/com.unity.inputsystem/InputSystem/Actions/Interactions/HoldInteraction.cs
 0.1 kb	 0.0% Packages/com.unity.inputsystem/InputSystem/Actions/InputActionTrace.cs
 0.1 kb	 0.0% Packages/com.unity.inputsystem/InputSystem/Actions/Composites/Vector3Composite.cs
 0.1 kb	 0.0% Packages/com.unity.inputsystem/InputSystem/Actions/Composites/Vector2Composite.cs
 0.1 kb	 0.0% Packages/com.unity.inputsystem/InputSystem/Actions/Composites/AxisComposite.cs
 0.1 kb	 0.0% Packages/com.unity.collections/Unity.Collections/UnsafeBitArray.cs
 0.1 kb	 0.0% Packages/com.unity.collections/Unity.Collections/UTF8ArrayUnsafeUtility.cs
 0.1 kb	 0.0% Packages/com.unity.collections/Unity.Collections/StreamCompressionModel.cs
 0.1 kb	 0.0% Packages/com.unity.collections/Unity.Collections/NativeArrayExtensions.cs
 0.1 kb	 0.0% Packages/com.unity.collections/Unity.Collections/FixedStringInternalMethods.cs
 0.1 kb	 0.0% Packages/com.unity.collections/Unity.Collections/FixedStringFormatMethods.gen.cs
 0.1 kb	 0.0% Packages/com.unity.burst/Runtime/CompilerServices/SkipLocalsInitAttribute.cs
 0.1 kb	 0.0% Packages/com.unity.burst/Runtime/CompilerServices/IgnoreWarningAttribute.cs
 0.1 kb	 0.0% Packages/com.unity.ai.navigation/Runtime/NavMeshModifierVolume.cs
 0.1 kb	 0.0% Packages/com.meta.xr.sdk.voice/Scripts/Runtime/Interfaces/IPlatformVoiceService.cs
 0.1 kb	 0.0% Packages/com.meta.xr.sdk.voice/Scripts/Runtime/Bindings/Android/VoiceSDKImplRequest.cs
 0.1 kb	 0.0% Packages/com.meta.xr.sdk.voice/Lib/Wit.ai/Scripts/Runtime/Requests/VoiceServiceRequestResults.cs
 0.1 kb	 0.0% Packages/com.meta.xr.sdk.voice/Lib/Wit.ai/Scripts/Runtime/Requests/VoiceServiceRequestOptions.cs
 0.1 kb	 0.0% Packages/com.meta.xr.sdk.voice/Lib/Wit.ai/Scripts/Runtime/Requests/VoiceServiceRequestEvents.cs
 0.1 kb	 0.0% Packages/com.meta.xr.sdk.voice/Lib/Wit.ai/Scripts/Runtime/Requests/UnityRequests/WitServerRequestConfiguration.cs
 0.1 kb	 0.0% Packages/com.meta.xr.sdk.voice/Lib/Wit.ai/Scripts/Runtime/Requests/UnityRequests/WitRuntimeRequestConfiguration.cs
 0.1 kb	 0.0% Packages/com.meta.xr.sdk.voice/Lib/Wit.ai/Scripts/Runtime/Net/WebSockets/NativeWebSocketWrapper.cs
 0.1 kb	 0.0% Packages/com.meta.xr.sdk.voice/Lib/Wit.ai/Scripts/Runtime/Lib/Mic/Common/IAudioLevelRangeProvider.cs
 0.1 kb	 0.0% Packages/com.meta.xr.sdk.voice/Lib/Wit.ai/Scripts/Runtime/Lib/Mic/Common/IAudioInputSource.cs
 0.1 kb	 0.0% Packages/com.meta.xr.sdk.voice/Lib/Wit.ai/Scripts/Runtime/Conduit/Attributes/HandleEntityResolutionFailure.cs
 0.1 kb	 0.0% Packages/com.meta.xr.sdk.voice/Lib/Wit.ai/Lib/third-party/NLayer/Decoder/LayerIIDecoderBase.cs
 0.1 kb	 0.0% Packages/com.meta.xr.sdk.voice/Lib/Wit.ai/Features/TTS/Scripts/Runtime/Utilities/TTSSpeakerBodyAnimator.cs
 0.1 kb	 0.0% Packages/com.meta.xr.sdk.voice/Lib/Wit.ai/Features/TTS/Scripts/Runtime/LipSync/VisemeTextureFlipLipSync.cs
 0.1 kb	 0.0% Packages/com.meta.xr.sdk.voice/Lib/Wit.ai/Features/TTS/Scripts/Runtime/LipSync/VisemeLipSyncAnimator.cs
 0.1 kb	 0.0% Packages/com.meta.xr.sdk.voice/Lib/Wit.ai/Features/TTS/Scripts/Runtime/LipSync/VisemeBlendShapeLipSync.cs
 0.1 kb	 0.0% Packages/com.meta.xr.sdk.voice/Lib/Wit.ai/Features/TTS/Scripts/Runtime/LipSync/VisemeAnimatorProvider.cs
 0.1 kb	 0.0% Packages/com.meta.xr.sdk.voice/Lib/Wit.ai/Features/TTS/Scripts/Runtime/LipSync/BaseTextureFlipLipSync.cs
 0.1 kb	 0.0% Packages/com.meta.xr.sdk.voice/Lib/PlatformCompatibility/Scripts/Runtime/Interfaces/IConnection.cs
 0.1 kb	 0.0% Packages/com.meta.xr.sdk.platform/Scripts/StandalonePlatformSettings.cs
 0.1 kb	 0.0% Packages/com.meta.xr.sdk.platform/Scripts/Models/UserAccountAgeCategory.cs
 0.1 kb	 0.0% Packages/com.meta.xr.sdk.platform/Scripts/Models/PushNotificationResult.cs
 0.1 kb	 0.0% Packages/com.meta.xr.sdk.platform/Scripts/Models/PartyUpdateNotification.cs
 0.1 kb	 0.0% Packages/com.meta.xr.sdk.platform/Scripts/Models/LivestreamingVideoStats.cs
 0.1 kb	 0.0% Packages/com.meta.xr.sdk.platform/Scripts/Models/LivestreamingStartResult.cs
 0.1 kb	 0.0% Packages/com.meta.xr.sdk.platform/Scripts/Models/LaunchUnblockFlowResult.cs
 0.1 kb	 0.0% Packages/com.meta.xr.sdk.platform/Scripts/Models/LaunchReportFlowResult.cs
 0.1 kb	 0.0% Packages/com.meta.xr.sdk.platform/Scripts/Models/LaunchBlockFlowResult.cs
 0.1 kb	 0.0% Packages/com.meta.xr.sdk.platform/Scripts/Models/InvitePanelResultInfo.cs
 0.1 kb	 0.0% Packages/com.meta.xr.sdk.platform/Scripts/Models/GroupPresenceLeaveIntent.cs
 0.1 kb	 0.0% Packages/com.meta.xr.sdk.platform/Scripts/Models/GroupPresenceJoinIntent.cs
 0.1 kb	 0.0% Packages/com.meta.xr.sdk.platform/Scripts/Models/AssetFileDownloadUpdate.cs
 0.1 kb	 0.0% Packages/com.meta.xr.sdk.platform/Scripts/Models/AssetFileDownloadResult.cs
 0.1 kb	 0.0% Packages/com.meta.xr.sdk.platform/Scripts/Models/AssetFileDeleteResult.cs
 0.1 kb	 0.0% Packages/com.meta.xr.sdk.platform/Scripts/Models/AchievementDefinition.cs
 0.1 kb	 0.0% Packages/com.meta.xr.sdk.platform/Scripts/AdvancedAbuseReportOptions.cs
 0.1 kb	 0.0% Packages/com.meta.xr.sdk.interaction/Runtime/Scripts/Unity/RigidbodyKinematicLocker.cs
 0.1 kb	 0.0% Packages/com.meta.xr.sdk.interaction/Runtime/Scripts/Unity/PointableCanvasModule.cs
 0.1 kb	 0.0% Packages/com.meta.xr.sdk.interaction/Runtime/Scripts/Selection/Hands/ShoulderEstimatePosition.cs
 0.1 kb	 0.0% Packages/com.meta.xr.sdk.interaction/Runtime/Scripts/Selection/Controllers/ControllerPointerPose.cs
 0.1 kb	 0.0% Packages/com.meta.xr.sdk.interaction/Runtime/Scripts/PoseDetection/JointDeltaProviderRef.cs
 0.1 kb	 0.0% Packages/com.meta.xr.sdk.interaction/Runtime/Scripts/Movements/MoveFromTargetProvider.cs
 0.1 kb	 0.0% Packages/com.meta.xr.sdk.interaction/Runtime/Scripts/Interaction/Visuals/InteractorDebugVisual.cs
 0.1 kb	 0.0% Packages/com.meta.xr.sdk.interaction/Runtime/Scripts/Interaction/Visuals/InteractableDebugVisual.cs
 0.1 kb	 0.0% Packages/com.meta.xr.sdk.interaction/Runtime/Scripts/Interaction/Visuals/InteractableColorVisual.cs
 0.1 kb	 0.0% Packages/com.meta.xr.sdk.interaction/Runtime/Scripts/Interaction/Surfaces/PhysicsLayerSurface.cs
 0.1 kb	 0.0% Packages/com.meta.xr.sdk.interaction/Runtime/Scripts/Interaction/Surfaces/ClippedPlaneSurface.cs
 0.1 kb	 0.0% Packages/com.meta.xr.sdk.interaction/Runtime/Scripts/Interaction/Models/UseGrab/UseFingerControllerAPI.cs
 0.1 kb	 0.0% Packages/com.meta.xr.sdk.interaction/Runtime/Scripts/Interaction/Models/UseGrab/IHandGrabUseDelegate.cs
 0.1 kb	 0.0% Packages/com.meta.xr.sdk.interaction/Runtime/Scripts/Interaction/Models/TouchHandGrab/TouchHandGrabInteractor.cs
 0.1 kb	 0.0% Packages/com.meta.xr.sdk.interaction/Runtime/Scripts/Interaction/Models/TouchHandGrab/HandSphereMapGenerator.cs
 0.1 kb	 0.0% Packages/com.meta.xr.sdk.interaction/Runtime/Scripts/Interaction/Models/Snap/SurfaceSnapPoseDelegate.cs
 0.1 kb	 0.0% Packages/com.meta.xr.sdk.interaction/Runtime/Scripts/Interaction/Models/Snap/SequentialSlotsProvider.cs
 0.1 kb	 0.0% Packages/com.meta.xr.sdk.interaction/Runtime/Scripts/Interaction/Models/Ray/Visuals/RayInteractorPinchVisual.cs
 0.1 kb	 0.0% Packages/com.meta.xr.sdk.interaction/Runtime/Scripts/Interaction/Models/Ray/Visuals/RayInteractorDebugGizmos.cs
 0.1 kb	 0.0% Packages/com.meta.xr.sdk.interaction/Runtime/Scripts/Interaction/Models/Poke/Visuals/PokeInteractableVisual.cs
 0.1 kb	 0.0% Packages/com.meta.xr.sdk.interaction/Runtime/Scripts/Interaction/Models/Poke/Visuals/HandPokeLimiterVisual.cs
 0.1 kb	 0.0% Packages/com.meta.xr.sdk.interaction/Runtime/Scripts/Interaction/Models/Locomotion/Teleport/Visuals/ActiveStateFingerVisual.cs
 0.1 kb	 0.0% Packages/com.meta.xr.sdk.interaction/Runtime/Scripts/Interaction/Models/HandGrab/IHandGrabInteractor.cs
 0.1 kb	 0.0% Packages/com.meta.xr.sdk.interaction/Runtime/Scripts/Interaction/Models/HandGrab/HandGrabInteractor.cs
 0.1 kb	 0.0% Packages/com.meta.xr.sdk.interaction/Runtime/Scripts/Interaction/Models/HandGrab/HandGrabInteraction.cs
 0.1 kb	 0.0% Packages/com.meta.xr.sdk.interaction/Runtime/Scripts/Interaction/Models/HandGrab/HandGrabInteractable.cs
 0.1 kb	 0.0% Packages/com.meta.xr.sdk.interaction/Runtime/Scripts/Interaction/Models/DistanceGrab/DistanceGrabInteractor.cs
 0.1 kb	 0.0% Packages/com.meta.xr.sdk.interaction/Runtime/Scripts/Interaction/Models/DistanceGrab/DistanceGrabInteractable.cs
 0.1 kb	 0.0% Packages/com.meta.xr.sdk.interaction/Runtime/Scripts/Interaction/Grabbable/TwoGrabRotateTransformer.cs
 0.1 kb	 0.0% Packages/com.meta.xr.sdk.interaction/Runtime/Scripts/Interaction/Grabbable/TwoGrabPlaneTransformer.cs
 0.1 kb	 0.0% Packages/com.meta.xr.sdk.interaction/Runtime/Scripts/Interaction/Grabbable/TwoGrabFreeTransformer.cs
 0.1 kb	 0.0% Packages/com.meta.xr.sdk.interaction/Runtime/Scripts/Interaction/Grabbable/OneGrabSphereTransformer.cs
 0.1 kb	 0.0% Packages/com.meta.xr.sdk.interaction/Runtime/Scripts/Interaction/Grabbable/OneGrabRotateTransformer.cs
 0.1 kb	 0.0% Packages/com.meta.xr.sdk.interaction/Runtime/Scripts/Interaction/Grabbable/OneGrabFreeTransformer.cs
 0.1 kb	 0.0% Packages/com.meta.xr.sdk.interaction/Runtime/Scripts/Interaction/Core/InteractorActiveState.cs
 0.1 kb	 0.0% Packages/com.meta.xr.sdk.interaction/Runtime/Scripts/Interaction/Core/InteractableGroupView.cs
 0.1 kb	 0.0% Packages/com.meta.xr.sdk.interaction/Runtime/Scripts/Interaction/Core/GameObjectActiveState.cs
 0.1 kb	 0.0% Packages/com.meta.xr.sdk.interaction/Runtime/Scripts/Interaction/Core/DPadUnityEventWrapper.cs
 0.1 kb	 0.0% Packages/com.meta.xr.sdk.interaction/Runtime/Scripts/Interaction/Core/ControllerActiveState.cs
 0.1 kb	 0.0% Packages/com.meta.xr.sdk.interaction/Runtime/Scripts/Interaction/Core/BestHoverInteractorGroup.cs
 0.1 kb	 0.0% Packages/com.meta.xr.sdk.interaction/Runtime/Scripts/Input/Axis1DPrioritySelector.cs
 0.1 kb	 0.0% Packages/com.meta.xr.sdk.interaction/Runtime/Scripts/HandGlow/HandPokeOvershootGlow.cs
 0.1 kb	 0.0% Packages/com.meta.xr.sdk.interaction/Runtime/Scripts/HandGlow/HandFingerMaskGenerator.cs
 0.1 kb	 0.0% Packages/com.meta.xr.sdk.interaction/Runtime/Scripts/Grab/Visuals/HandGrabStateVisual.cs
 0.1 kb	 0.0% Packages/com.meta.xr.sdk.interaction/Runtime/Scripts/Grab/Visuals/GrabStrengthIndicator.cs
 0.1 kb	 0.0% Packages/com.meta.xr.sdk.interaction/Runtime/Scripts/Grab/SnapSurfaces/BoxGrabSurface.cs
 0.1 kb	 0.0% Packages/com.meta.xr.sdk.interaction/Runtime/Scripts/Grab/FingerRawPinchAPI.cs
 0.1 kb	 0.0% Packages/com.meta.xr.sdk.interaction/Runtime/Scripts/Grab/FingerPinchGrabAPI.cs
 0.1 kb	 0.0% Packages/com.meta.xr.sdk.interaction/Runtime/Scripts/Grab/FingerPalmGrabAPI.cs
 0.1 kb	 0.0% Packages/com.meta.xr.sdk.interaction/Runtime/Scripts/DistanceGrab/Visuals/ReticleDataMesh.cs
 0.1 kb	 0.0% Packages/com.meta.xr.sdk.interaction/Runtime/Scripts/DistanceGrab/Visuals/ReticleDataIcon.cs
 0.1 kb	 0.0% Packages/com.meta.xr.sdk.interaction/Runtime/Scripts/DistanceGrab/Visuals/ReticleDataGhost.cs
 0.1 kb	 0.0% Packages/com.meta.xr.sdk.interaction/Runtime/Scripts/Attributes/ConditionalHideAttribute.cs
 0.1 kb	 0.0% Packages/com.meta.xr.sdk.interaction/Runtime/Sample/Scripts/UseGrabPressure/PressureSquishable.cs
 0.1 kb	 0.0% Packages/com.meta.xr.sdk.interaction/Runtime/Sample/Scripts/UseGrabPressure/PressureBreakable.cs
 0.1 kb	 0.0% Packages/com.meta.xr.sdk.interaction/Runtime/Sample/Scripts/Snap/ConstantRotation.cs
 0.1 kb	 0.0% Packages/com.meta.xr.sdk.interaction/Runtime/Sample/Scripts/SceneGroupLoader.cs
 0.1 kb	 0.0% Packages/com.meta.xr.sdk.interaction/Runtime/Sample/Scripts/ScaleModifier.cs
 0.1 kb	 0.0% Packages/com.meta.xr.sdk.interaction/Runtime/Sample/Scripts/ScaleAudioEvents.cs
 0.1 kb	 0.0% Packages/com.meta.xr.sdk.interaction/Runtime/Sample/Scripts/SamplesInfoPanel.cs
 0.1 kb	 0.0% Packages/com.meta.xr.sdk.interaction/Runtime/Sample/Scripts/SampleSceneGroup.cs
 0.1 kb	 0.0% Packages/com.meta.xr.sdk.interaction/Runtime/Sample/Scripts/RespawnOnDrop.cs
 0.1 kb	 0.0% Packages/com.meta.xr.sdk.interaction/Runtime/Sample/Scripts/PoseUseSample.cs
 0.1 kb	 0.0% Packages/com.meta.xr.sdk.interaction/Runtime/Sample/Scripts/MultiModal/SlingshotPellet.cs
 0.1 kb	 0.0% Packages/com.meta.xr.sdk.interaction/Runtime/Sample/Scripts/Locomotion/LocomotionSettings/TogglerActiveState.cs
 0.1 kb	 0.0% Packages/com.meta.xr.sdk.interaction/Runtime/Sample/Scripts/CountdownTimer.cs
 0.1 kb	 0.0% Packages/com.meta.xr.sdk.interaction/Runtime/Sample/Objects/UISet/Scripts/DropDownGroup.cs
 0.1 kb	 0.0% Packages/com.meta.xr.sdk.interaction.ovr/Runtime/Scripts/Input/SetDisplayRefresh.cs
 0.1 kb	 0.0% Packages/com.meta.xr.sdk.interaction.ovr/Runtime/Scripts/Input/OVRControllerUtility.cs
 0.1 kb	 0.0% Packages/com.meta.xr.sdk.interaction.ovr/Runtime/Scripts/Input/FromOVRHmdDataSource.cs
 0.1 kb	 0.0% Packages/com.meta.xr.sdk.core/Scripts/Util/SampleMetadata/SampleTelemetryEvents.cs
 0.1 kb	 0.0% Packages/com.meta.xr.sdk.core/Scripts/ImmersiveDebugger/UserInterface/Resources/Textures/warning_icon.png
 0.1 kb	 0.0% Packages/com.meta.xr.sdk.core/Scripts/ImmersiveDebugger/UserInterface/Resources/Textures/toggle_on.png
 0.1 kb	 0.0% Packages/com.meta.xr.sdk.core/Scripts/ImmersiveDebugger/UserInterface/Resources/Textures/toggle_off.png
 0.1 kb	 0.0% Packages/com.meta.xr.sdk.core/Scripts/ImmersiveDebugger/UserInterface/Resources/Textures/shift_icon.png
 0.1 kb	 0.0% Packages/com.meta.xr.sdk.core/Scripts/ImmersiveDebugger/UserInterface/Resources/Textures/rotate_icon.png
 0.1 kb	 0.0% Packages/com.meta.xr.sdk.core/Scripts/ImmersiveDebugger/UserInterface/Resources/Textures/opacity_icon.png
 0.1 kb	 0.0% Packages/com.meta.xr.sdk.core/Scripts/ImmersiveDebugger/UserInterface/Resources/Textures/notice_icon.png
 0.1 kb	 0.0% Packages/com.meta.xr.sdk.core/Scripts/ImmersiveDebugger/UserInterface/Resources/Textures/move_icon.png
 0.1 kb	 0.0% Packages/com.meta.xr.sdk.core/Scripts/ImmersiveDebugger/UserInterface/Resources/Textures/expand_icon.png
 0.1 kb	 0.0% Packages/com.meta.xr.sdk.core/Scripts/ImmersiveDebugger/UserInterface/Resources/Textures/error_icon.png
 0.1 kb	 0.0% Packages/com.meta.xr.sdk.core/Scripts/ImmersiveDebugger/UserInterface/Resources/Textures/down_icon.png
 0.1 kb	 0.0% Packages/com.meta.xr.sdk.core/Scripts/ImmersiveDebugger/UserInterface/Resources/Textures/console_icon.png
 0.1 kb	 0.0% Packages/com.meta.xr.sdk.core/Scripts/ImmersiveDebugger/UserInterface/Resources/Textures/close_icon.png
 0.1 kb	 0.0% Packages/com.meta.xr.sdk.core/Scripts/ImmersiveDebugger/UserInterface/Resources/Styles/LayoutStyles/ConsoleLineLogDetailsLabel.asset
 0.1 kb	 0.0% Packages/com.meta.xr.sdk.core/Scripts/ImmersiveDebugger/UserInterface/Resources/Styles/ImageStyles/WarningIcon.asset
 0.1 kb	 0.0% Packages/com.meta.xr.sdk.core/Scripts/ImmersiveDebugger/UserInterface/Resources/Styles/ImageStyles/PillWarning.asset
 0.1 kb	 0.0% Packages/com.meta.xr.sdk.core/Scripts/ImmersiveDebugger/UserInterface/Resources/Styles/ImageStyles/PillError.asset
 0.1 kb	 0.0% Packages/com.meta.xr.sdk.core/Scripts/ImmersiveDebugger/UserInterface/Resources/Styles/ImageStyles/NoticeIcon.asset
 0.1 kb	 0.0% Packages/com.meta.xr.sdk.core/Scripts/ImmersiveDebugger/UserInterface/Resources/Styles/ImageStyles/MiniCounter.asset
 0.1 kb	 0.0% Packages/com.meta.xr.sdk.core/Scripts/ImmersiveDebugger/UserInterface/Resources/Styles/ImageStyles/FoldoutIcon.asset
 0.1 kb	 0.0% Packages/com.meta.xr.sdk.core/Scripts/ImmersiveDebugger/UserInterface/Resources/Styles/ImageStyles/ErrorIcon.asset
 0.1 kb	 0.0% Packages/com.meta.xr.sdk.core/Scripts/ImmersiveDebugger/RuntimeSettings.cs
 0.1 kb	 0.0% Packages/com.meta.xr.sdk.core/Scripts/ImmersiveDebugger/Managers/WatchManager.cs
 0.1 kb	 0.0% Packages/com.meta.xr.sdk.core/Scripts/ImmersiveDebugger/Managers/TweakManager.cs
 0.1 kb	 0.0% Packages/com.meta.xr.sdk.core/Scripts/ImmersiveDebugger/Managers/Hooks/GizmoHook.cs
 0.1 kb	 0.0% Packages/com.meta.xr.sdk.core/Scripts/ImmersiveDebugger/Managers/Hooks/ActionHook.cs
 0.1 kb	 0.0% Packages/com.meta.xr.sdk.core/Scripts/ImmersiveDebugger/Managers/GizmoManager.cs
 0.1 kb	 0.0% Packages/com.meta.xr.sdk.core/Scripts/ImmersiveDebugger/Managers/DebugManager.cs
 0.1 kb	 0.0% Packages/com.meta.xr.sdk.core/Scripts/ImmersiveDebugger/InspectedData/InspectedData.cs
 0.1 kb	 0.0% Packages/com.meta.xr.sdk.core/Scripts/ImmersiveDebugger/DebugInspector/DebugInspector.cs
 0.1 kb	 0.0% Packages/com.meta.xr.sdk.core/Scripts/EnvironmentDepth/DepthProviderOpenXR.cs
 0.1 kb	 0.0% Packages/com.meta.xr.sdk.core/Scripts/BuildingBlocks/SharedSpatialAnchorCore/SharedSpatialAnchorErrorHandler.cs
 0.1 kb	 0.0% Packages/com.meta.xr.sdk.core/Scripts/BuildingBlocks/RoomMesh/RoomMeshController.cs
 0.1 kb	 0.0% Packages/com.meta.xr.sdk.core/Scripts/BuildingBlocks/MultiplayerBlocks/PhotonFusion/PlayerVoiceChat/Scripts/VoiceSetup.cs
 0.1 kb	 0.0% Packages/com.meta.xr.sdk.core/Editor/OVRPlatformToolSettings.cs
 0.1 kb	 0.0% Packages/com.meta.xr.sdk.audio/Runtime/scripts/MetaXRAudioRoomAcousticProperties.cs
 0.1 kb	 0.0% Packages/com.meta.xr.mrutilitykit/Core/Scripts/SceneDecorator/SceneDecoratorTypes.cs
 0.1 kb	 0.0% Packages/com.meta.xr.mrutilitykit/Core/Scripts/SceneDecorator/SceneDecorator.cs
 0.1 kb	 0.0% Packages/com.meta.xr.mrutilitykit/Core/Scripts/SceneDecorator/SceneDecoration.cs
 0.1 kb	 0.0% Packages/com.meta.xr.mrutilitykit/Core/Scripts/SceneDecorator/Modifier/ScaleModifier.cs
 0.1 kb	 0.0% Packages/com.meta.xr.mrutilitykit/Core/Scripts/SceneDecorator/Modifier/RotationModifier.cs
 0.1 kb	 0.0% Packages/com.meta.xr.mrutilitykit/Core/Scripts/SceneDecorator/Masks/StochasticMask.cs
 0.1 kb	 0.0% Packages/com.meta.xr.mrutilitykit/Core/Scripts/SceneDecorator/Masks/SpaceMapGPUMask.cs
 0.1 kb	 0.0% Packages/com.meta.xr.mrutilitykit/Core/Scripts/SceneDecorator/Masks/SimplexNoiseMask.cs
 0.1 kb	 0.0% Packages/com.meta.xr.mrutilitykit/Core/Scripts/SceneDecorator/Masks/RayDistanceMask.cs
 0.1 kb	 0.0% Packages/com.meta.xr.mrutilitykit/Core/Scripts/SceneDecorator/Masks/NotInsideMask.cs
 0.1 kb	 0.0% Packages/com.meta.xr.mrutilitykit/Core/Scripts/SceneDecorator/Masks/CompositeMaskMul.cs
 0.1 kb	 0.0% Packages/com.meta.xr.mrutilitykit/Core/Scripts/SceneDecorator/Masks/CompositeMaskMin.cs
 0.1 kb	 0.0% Packages/com.meta.xr.mrutilitykit/Core/Scripts/SceneDecorator/Masks/CompositeMaskMax.cs
 0.1 kb	 0.0% Packages/com.meta.xr.mrutilitykit/Core/Scripts/SceneDecorator/Masks/CompositeMaskAvg.cs
 0.1 kb	 0.0% Packages/com.meta.xr.mrutilitykit/Core/Scripts/SceneDecorator/Masks/CompositeMaskAdd.cs
 0.1 kb	 0.0% Packages/com.meta.xr.mrutilitykit/Core/Scripts/SceneDecorator/Editor/ModifierEditor.cs
 0.1 kb	 0.0% Packages/com.meta.xr.mrutilitykit/Core/Scripts/SceneDecorator/Distributions/GridDistribution.cs
 0.1 kb	 0.0% Packages/com.meta.xr.mrutilitykit/Core/Scripts/ImmersiveSceneDebugger.cs
 0.1 kb	 0.0% Packages/com.meta.xr.mrutilitykit/Core/Scripts/BuildingBlocks/InstantContentPlacement/Scripts/PointAndLocate.cs
 0.1 kb	 0.0% Packages/com.meta.xr.mrutilitykit/Core/Scripts/BuildingBlocks/InstantContentPlacement/Scripts/PlaceWithAnchor.cs
 0.1 kb	 0.0% Packages/com.meta.xr.mrutilitykit/Core/Scripts/BuildingBlocks/InstantContentPlacement/Scripts/GrabAndLocate.cs
 0.1 kb	 0.0% Assets/Samples/Splines/2.7.2/Spline Examples (requires Shader Graph package)/Runtime/SplineOscillator.cs
 0.1 kb	 0.0% Assets/Samples/Splines/2.7.2/Spline Examples (requires Shader Graph package)/Runtime/NPCSplinePathExample.cs
 0.1 kb	 0.0% Assets/Samples/Splines/2.7.2/Spline Examples (requires Shader Graph package)/Runtime/LoftRoadBehaviour.cs
 0.1 kb	 0.0% Assets/Samples/Splines/2.7.2/Spline Examples (requires Shader Graph package)/Runtime/CameraPathExample.cs
 0.1 kb	 0.0% Assets/Samples/Splines/2.7.2/Spline Examples (requires Shader Graph package)/Resources/Icons/WidthTool.png
 0.1 kb	 0.0% Assets/Samples/Splines/2.7.2/Spline Examples (requires Shader Graph package)/Resources/Icons/DriftTool.png
 0.1 kb	 0.0% Assets/MRTemplateAssets/Scripts/VideoTimeScrubControl.cs
 0.1 kb	 0.0% Assets/MRTemplateAssets/Scripts/VideoPlayerRenderTexture.cs
 0.1 kb	 0.0% Assets/MRTemplateAssets/Scripts/SpawnedObjectsManager.cs
 0.1 kb	 0.0% Assets/MRTemplateAssets/Scripts/PlatformUnderstanding.cs
 0.1 kb	 0.0% Assets/MRTemplateAssets/Materials/Primitive/Torus_Normal.png
 0.1 kb	 0.0% Assets/ERL/Scripts/Track/AnimateCarAlongSplineV2.cs
 0.1 kb	 0.0% Packages/com.unity.xr.hands/Runtime/OpenXR/OpenXRHandProvider.cs
 0.1 kb	 0.0% Packages/com.unity.xr.hands/Runtime/OpenXR/MetaHandTrackingAim.cs
 0.1 kb	 0.0% Packages/com.unity.xr.core-utils/Runtime/Attributes/EnumDisplayAttribute.cs
 0.1 kb	 0.0% Packages/com.unity.xr.arfoundation/Runtime/ARSubsystems/XRResultStatus.cs
 0.1 kb	 0.0% Packages/com.unity.xr.arfoundation/Runtime/ARSubsystems/Textures/XRShaderKeywords.cs
 0.1 kb	 0.0% Packages/com.unity.xr.arfoundation/Runtime/ARSubsystems/Textures/ShaderKeywords.cs
 0.1 kb	 0.0% Packages/com.unity.xr.arfoundation/Runtime/ARSubsystems/SerializableGuid.cs
 0.1 kb	 0.0% Packages/com.unity.xr.arfoundation/Runtime/ARSubsystems/ScopedProfiler.cs
 0.1 kb	 0.0% Packages/com.unity.xr.arfoundation/Runtime/ARSubsystems/PointCloudSubsystem/XRPointCloudData.cs
 0.1 kb	 0.0% Packages/com.unity.xr.arfoundation/Runtime/ARSubsystems/PlaneTracking/XRPlaneSubsystem.cs
 0.1 kb	 0.0% Packages/com.unity.xr.arfoundation/Runtime/ARSubsystems/ParticipantSubsystem/XRParticipant.cs
 0.1 kb	 0.0% Packages/com.unity.xr.arfoundation/Runtime/ARSubsystems/OcclusionSubsystem/XROcclusionFrame.cs
 0.1 kb	 0.0% Packages/com.unity.xr.arfoundation/Runtime/ARSubsystems/OcclusionSubsystem/XRNearFarPlanes.cs
 0.1 kb	 0.0% Packages/com.unity.xr.arfoundation/Runtime/ARSubsystems/ObjectTrackingSubsystem/XRTrackedObject.cs
 0.1 kb	 0.0% Packages/com.unity.xr.arfoundation/Runtime/ARSubsystems/ImageTrackingSubsystem/XRTrackedImage.cs
 0.1 kb	 0.0% Packages/com.unity.xr.arfoundation/Runtime/ARSubsystems/ImageTrackingSubsystem/XRReferenceImage.cs
 0.1 kb	 0.0% Packages/com.unity.xr.arfoundation/Runtime/ARSubsystems/HumanBodySubsystem/XRHumanBodyJoint.cs
 0.1 kb	 0.0% Packages/com.unity.xr.arfoundation/Runtime/ARSubsystems/FaceSubsystem/XRFaceSubsystem.cs
 0.1 kb	 0.0% Packages/com.unity.xr.arfoundation/Runtime/ARSubsystems/Configuration/Configuration.cs
 0.1 kb	 0.0% Packages/com.unity.xr.arfoundation/Runtime/ARSubsystems/CameraSubsystem/XRCameraParams.cs
 0.1 kb	 0.0% Packages/com.unity.xr.arfoundation/Runtime/ARSubsystems/CameraSubsystem/XRCameraFrame.cs
 0.1 kb	 0.0% Packages/com.unity.xr.arfoundation/Runtime/ARSubsystems/BoundingBoxSubsystem/XRBoundingBox.cs
 0.1 kb	 0.0% Packages/com.unity.xr.arfoundation/Runtime/ARSubsystems/ARRenderingUtils.cs
 0.1 kb	 0.0% Packages/com.unity.xr.arfoundation/Runtime/ARFoundation/Textures/UpdatableCubemap.cs
 0.1 kb	 0.0% Packages/com.unity.xr.arfoundation/Runtime/ARFoundation/Textures/ARTextureInfo.cs
 0.1 kb	 0.0% Packages/com.unity.xr.arfoundation/Runtime/ARFoundation/RenderingUtility.cs
 0.1 kb	 0.0% Packages/com.unity.xr.arfoundation/Runtime/ARFoundation/PoseExtensions.cs
 0.1 kb	 0.0% Packages/com.unity.xr.arfoundation/Runtime/ARFoundation/LoaderUtility.cs
 0.1 kb	 0.0% Packages/com.unity.xr.arfoundation/Runtime/ARFoundation/ARUpdateOrder.cs
 0.1 kb	 0.0% Packages/com.unity.xr.arfoundation/Runtime/ARFoundation/ARTrackedObject.cs
 0.1 kb	 0.0% Packages/com.unity.xr.arfoundation/Runtime/ARFoundation/ARTrackedImage.cs
 0.1 kb	 0.0% Packages/com.unity.xr.arfoundation/Runtime/ARFoundation/ARSessionOrigin.cs
 0.1 kb	 0.0% Packages/com.unity.xr.arfoundation/Runtime/ARFoundation/ARRaycastManager.cs
 0.1 kb	 0.0% Packages/com.unity.xr.arfoundation/Runtime/ARFoundation/ARPlaneManager.cs
 0.1 kb	 0.0% Packages/com.unity.xr.arfoundation/Runtime/ARFoundation/ARParticipant.cs
 0.1 kb	 0.0% Packages/com.unity.xr.arfoundation/Runtime/ARFoundation/ARMeshManager.cs
 0.1 kb	 0.0% Packages/com.unity.xr.arfoundation/Runtime/ARFoundation/ARInputManager.cs
 0.1 kb	 0.0% Packages/com.unity.xr.arfoundation/Runtime/ARFoundation/ARFaceManager.cs
 0.1 kb	 0.0% Packages/com.unity.xr.arfoundation/Runtime/ARFoundation/ARCameraManager.cs
 0.1 kb	 0.0% Packages/com.unity.xr.arfoundation/Runtime/ARFoundation/ARBoundingBox.cs
 0.1 kb	 0.0% Packages/com.unity.xr.arfoundation/Runtime/ARFoundation/ARAnchorManager.cs
 0.1 kb	 0.0% Packages/com.unity.visualscripting/Runtime/VisualScripting.State/Units/SetStateGraph.cs
 0.1 kb	 0.0% Packages/com.unity.visualscripting/Runtime/VisualScripting.State/Units/GetStateGraphs.cs
 0.1 kb	 0.0% Packages/com.unity.visualscripting/Runtime/VisualScripting.State/Units/GetStateGraph.cs
 0.1 kb	 0.0% Packages/com.unity.visualscripting/Runtime/VisualScripting.State/StateTransition.cs
 0.1 kb	 0.0% Packages/com.unity.visualscripting/Runtime/VisualScripting.State/StateGraphData.cs
 0.1 kb	 0.0% Packages/com.unity.visualscripting/Runtime/VisualScripting.State/StateGraphAsset.cs
 0.1 kb	 0.0% Packages/com.unity.visualscripting/Runtime/VisualScripting.State/StateEventHooks.cs
 0.1 kb	 0.0% Packages/com.unity.visualscripting/Runtime/VisualScripting.State/IStateTransition.cs
 0.1 kb	 0.0% Packages/com.unity.visualscripting/Runtime/VisualScripting.State/IStateDebugData.cs
 0.1 kb	 0.0% Packages/com.unity.visualscripting/Runtime/VisualScripting.State/Framework/Graph/HasStateGraph.cs
 0.1 kb	 0.0% Packages/com.unity.visualscripting/Runtime/VisualScripting.Flow/UnitPreservation.cs
 0.1 kb	 0.0% Packages/com.unity.visualscripting/Runtime/VisualScripting.Flow/ScriptMachine.cs
 0.1 kb	 0.0% Packages/com.unity.visualscripting/Runtime/VisualScripting.Flow/ScriptGraphAsset.cs
 0.1 kb	 0.0% Packages/com.unity.visualscripting/Runtime/VisualScripting.Flow/Ports/InvalidOutput.cs
 0.1 kb	 0.0% Packages/com.unity.visualscripting/Runtime/VisualScripting.Flow/Ports/IUnitValuePort.cs
 0.1 kb	 0.0% Packages/com.unity.visualscripting/Runtime/VisualScripting.Flow/Ports/IUnitOutputPort.cs
 0.1 kb	 0.0% Packages/com.unity.visualscripting/Runtime/VisualScripting.Flow/Ports/IUnitInvalidPort.cs
 0.1 kb	 0.0% Packages/com.unity.visualscripting/Runtime/VisualScripting.Flow/Ports/IUnitInputPort.cs
 0.1 kb	 0.0% Packages/com.unity.visualscripting/Runtime/VisualScripting.Flow/Ports/IUnitControlPort.cs
 0.1 kb	 0.0% Packages/com.unity.visualscripting/Runtime/VisualScripting.Flow/Ports/ControlOutput.cs
 0.1 kb	 0.0% Packages/com.unity.visualscripting/Runtime/VisualScripting.Flow/MultiInputUnit.cs
 0.1 kb	 0.0% Packages/com.unity.visualscripting/Runtime/VisualScripting.Flow/IUnitDebugData.cs
 0.1 kb	 0.0% Packages/com.unity.visualscripting/Runtime/VisualScripting.Flow/Framework/Variables/SaveVariables.cs
 0.1 kb	 0.0% Packages/com.unity.visualscripting/Runtime/VisualScripting.Flow/Framework/Variables/Obsolete/SetVariableUnit.cs
 0.1 kb	 0.0% Packages/com.unity.visualscripting/Runtime/VisualScripting.Flow/Framework/Variables/Obsolete/SetSceneVariable.cs
 0.1 kb	 0.0% Packages/com.unity.visualscripting/Runtime/VisualScripting.Flow/Framework/Variables/Obsolete/SetSavedVariable.cs
 0.1 kb	 0.0% Packages/com.unity.visualscripting/Runtime/VisualScripting.Flow/Framework/Variables/Obsolete/SetGraphVariable.cs
 0.1 kb	 0.0% Packages/com.unity.visualscripting/Runtime/VisualScripting.Flow/Framework/Variables/Obsolete/IVariableUnit.cs
 0.1 kb	 0.0% Packages/com.unity.visualscripting/Runtime/VisualScripting.Flow/Framework/Variables/Obsolete/GetVariableUnit.cs
 0.1 kb	 0.0% Packages/com.unity.visualscripting/Runtime/VisualScripting.Flow/Framework/Variables/Obsolete/GetSceneVariable.cs
 0.1 kb	 0.0% Packages/com.unity.visualscripting/Runtime/VisualScripting.Flow/Framework/Variables/Obsolete/GetSavedVariable.cs
 0.1 kb	 0.0% Packages/com.unity.visualscripting/Runtime/VisualScripting.Flow/Framework/Variables/Obsolete/GetGraphVariable.cs
 0.1 kb	 0.0% Packages/com.unity.visualscripting/Runtime/VisualScripting.Flow/Framework/Time/WaitWhileUnit.cs
 0.1 kb	 0.0% Packages/com.unity.visualscripting/Runtime/VisualScripting.Flow/Framework/Time/WaitUntilUnit.cs
 0.1 kb	 0.0% Packages/com.unity.visualscripting/Runtime/VisualScripting.Flow/Framework/Math/Vector4/Vector4Subtract.cs
 0.1 kb	 0.0% Packages/com.unity.visualscripting/Runtime/VisualScripting.Flow/Framework/Math/Vector4/Vector4PerSecond.cs
 0.1 kb	 0.0% Packages/com.unity.visualscripting/Runtime/VisualScripting.Flow/Framework/Math/Vector4/Vector4Normalize.cs
 0.1 kb	 0.0% Packages/com.unity.visualscripting/Runtime/VisualScripting.Flow/Framework/Math/Vector4/Vector4Multiply.cs
 0.1 kb	 0.0% Packages/com.unity.visualscripting/Runtime/VisualScripting.Flow/Framework/Math/Vector4/Vector4Modulo.cs
 0.1 kb	 0.0% Packages/com.unity.visualscripting/Runtime/VisualScripting.Flow/Framework/Math/Vector4/Vector4Minimum.cs
 0.1 kb	 0.0% Packages/com.unity.visualscripting/Runtime/VisualScripting.Flow/Framework/Math/Vector4/Vector4Maximum.cs
 0.1 kb	 0.0% Packages/com.unity.visualscripting/Runtime/VisualScripting.Flow/Framework/Math/Vector4/Vector4Divide.cs
 0.1 kb	 0.0% Packages/com.unity.visualscripting/Runtime/VisualScripting.Flow/Framework/Math/Vector4/Vector4Distance.cs
 0.1 kb	 0.0% Packages/com.unity.visualscripting/Runtime/VisualScripting.Flow/Framework/Math/Vector4/Vector4Average.cs
 0.1 kb	 0.0% Packages/com.unity.visualscripting/Runtime/VisualScripting.Flow/Framework/Math/Vector4/Vector4Absolute.cs
 0.1 kb	 0.0% Packages/com.unity.visualscripting/Runtime/VisualScripting.Flow/Framework/Math/Vector3/Vector3Subtract.cs
 0.1 kb	 0.0% Packages/com.unity.visualscripting/Runtime/VisualScripting.Flow/Framework/Math/Vector3/Vector3Project.cs
 0.1 kb	 0.0% Packages/com.unity.visualscripting/Runtime/VisualScripting.Flow/Framework/Math/Vector3/Vector3PerSecond.cs
 0.1 kb	 0.0% Packages/com.unity.visualscripting/Runtime/VisualScripting.Flow/Framework/Math/Vector3/Vector3Normalize.cs
 0.1 kb	 0.0% Packages/com.unity.visualscripting/Runtime/VisualScripting.Flow/Framework/Math/Vector3/Vector3Multiply.cs
 0.1 kb	 0.0% Packages/com.unity.visualscripting/Runtime/VisualScripting.Flow/Framework/Math/Vector3/Vector3Modulo.cs
 0.1 kb	 0.0% Packages/com.unity.visualscripting/Runtime/VisualScripting.Flow/Framework/Math/Vector3/Vector3Minimum.cs
 0.1 kb	 0.0% Packages/com.unity.visualscripting/Runtime/VisualScripting.Flow/Framework/Math/Vector3/Vector3Maximum.cs
 0.1 kb	 0.0% Packages/com.unity.visualscripting/Runtime/VisualScripting.Flow/Framework/Math/Vector3/Vector3Divide.cs
 0.1 kb	 0.0% Packages/com.unity.visualscripting/Runtime/VisualScripting.Flow/Framework/Math/Vector3/Vector3Distance.cs
 0.1 kb	 0.0% Packages/com.unity.visualscripting/Runtime/VisualScripting.Flow/Framework/Math/Vector3/Vector3Average.cs
 0.1 kb	 0.0% Packages/com.unity.visualscripting/Runtime/VisualScripting.Flow/Framework/Math/Vector3/Vector3Absolute.cs
 0.1 kb	 0.0% Packages/com.unity.visualscripting/Runtime/VisualScripting.Flow/Framework/Math/Vector2/Vector2Subtract.cs
 0.1 kb	 0.0% Packages/com.unity.visualscripting/Runtime/VisualScripting.Flow/Framework/Math/Vector2/Vector2Project.cs
 0.1 kb	 0.0% Packages/com.unity.visualscripting/Runtime/VisualScripting.Flow/Framework/Math/Vector2/Vector2PerSecond.cs
 0.1 kb	 0.0% Packages/com.unity.visualscripting/Runtime/VisualScripting.Flow/Framework/Math/Vector2/Vector2Normalize.cs
 0.1 kb	 0.0% Packages/com.unity.visualscripting/Runtime/VisualScripting.Flow/Framework/Math/Vector2/Vector2Multiply.cs
 0.1 kb	 0.0% Packages/com.unity.visualscripting/Runtime/VisualScripting.Flow/Framework/Math/Vector2/Vector2Modulo.cs
 0.1 kb	 0.0% Packages/com.unity.visualscripting/Runtime/VisualScripting.Flow/Framework/Math/Vector2/Vector2Minimum.cs
 0.1 kb	 0.0% Packages/com.unity.visualscripting/Runtime/VisualScripting.Flow/Framework/Math/Vector2/Vector2Maximum.cs
 0.1 kb	 0.0% Packages/com.unity.visualscripting/Runtime/VisualScripting.Flow/Framework/Math/Vector2/Vector2Divide.cs
 0.1 kb	 0.0% Packages/com.unity.visualscripting/Runtime/VisualScripting.Flow/Framework/Math/Vector2/Vector2Distance.cs
 0.1 kb	 0.0% Packages/com.unity.visualscripting/Runtime/VisualScripting.Flow/Framework/Math/Vector2/Vector2Average.cs
 0.1 kb	 0.0% Packages/com.unity.visualscripting/Runtime/VisualScripting.Flow/Framework/Math/Vector2/Vector2Absolute.cs
 0.1 kb	 0.0% Packages/com.unity.visualscripting/Runtime/VisualScripting.Flow/Framework/Math/Scalar/ScalarSubtract.cs
 0.1 kb	 0.0% Packages/com.unity.visualscripting/Runtime/VisualScripting.Flow/Framework/Math/Scalar/ScalarPerSecond.cs
 0.1 kb	 0.0% Packages/com.unity.visualscripting/Runtime/VisualScripting.Flow/Framework/Math/Scalar/ScalarNormalize.cs
 0.1 kb	 0.0% Packages/com.unity.visualscripting/Runtime/VisualScripting.Flow/Framework/Math/Scalar/ScalarMultiply.cs
 0.1 kb	 0.0% Packages/com.unity.visualscripting/Runtime/VisualScripting.Flow/Framework/Math/Scalar/ScalarMinimum.cs
 0.1 kb	 0.0% Packages/com.unity.visualscripting/Runtime/VisualScripting.Flow/Framework/Math/Scalar/ScalarMaximum.cs
 0.1 kb	 0.0% Packages/com.unity.visualscripting/Runtime/VisualScripting.Flow/Framework/Math/Scalar/ScalarAverage.cs
 0.1 kb	 0.0% Packages/com.unity.visualscripting/Runtime/VisualScripting.Flow/Framework/Math/Scalar/ScalarAbsolute.cs
 0.1 kb	 0.0% Packages/com.unity.visualscripting/Runtime/VisualScripting.Flow/Framework/Math/Generic/GenericSubtract.cs
 0.1 kb	 0.0% Packages/com.unity.visualscripting/Runtime/VisualScripting.Flow/Framework/Math/Generic/GenericMultiply.cs
 0.1 kb	 0.0% Packages/com.unity.visualscripting/Runtime/VisualScripting.Flow/Framework/Math/Generic/GenericModulo.cs
 0.1 kb	 0.0% Packages/com.unity.visualscripting/Runtime/VisualScripting.Flow/Framework/Math/Generic/GenericDivide.cs
 0.1 kb	 0.0% Packages/com.unity.visualscripting/Runtime/VisualScripting.Flow/Framework/Logic/GreaterOrEqual.cs
 0.1 kb	 0.0% Packages/com.unity.visualscripting/Runtime/VisualScripting.Flow/Framework/Graph/SetScriptGraph.cs
 0.1 kb	 0.0% Packages/com.unity.visualscripting/Runtime/VisualScripting.Flow/Framework/Graph/HasScriptGraph.cs
 0.1 kb	 0.0% Packages/com.unity.visualscripting/Runtime/VisualScripting.Flow/Framework/Graph/GetScriptGraphs.cs
 0.1 kb	 0.0% Packages/com.unity.visualscripting/Runtime/VisualScripting.Flow/Framework/Graph/GetScriptGraph.cs
 0.1 kb	 0.0% Packages/com.unity.visualscripting/Runtime/VisualScripting.Flow/Framework/Events/Time/OnTimerElapsed.cs
 0.1 kb	 0.0% Packages/com.unity.visualscripting/Runtime/VisualScripting.Flow/Framework/Events/Rendering/OnBecameVisible.cs
 0.1 kb	 0.0% Packages/com.unity.visualscripting/Runtime/VisualScripting.Flow/Framework/Events/Physics2D/OnTriggerStay2D.cs
 0.1 kb	 0.0% Packages/com.unity.visualscripting/Runtime/VisualScripting.Flow/Framework/Events/Physics2D/OnTriggerExit2D.cs
 0.1 kb	 0.0% Packages/com.unity.visualscripting/Runtime/VisualScripting.Flow/Framework/Events/Physics2D/OnTriggerEnter2D.cs
 0.1 kb	 0.0% Packages/com.unity.visualscripting/Runtime/VisualScripting.Flow/Framework/Events/Physics2D/OnJointBreak2D.cs
 0.1 kb	 0.0% Packages/com.unity.visualscripting/Runtime/VisualScripting.Flow/Framework/Events/Physics/TriggerEventUnit.cs
 0.1 kb	 0.0% Packages/com.unity.visualscripting/Runtime/VisualScripting.Flow/Framework/Events/Physics/OnTriggerStay.cs
 0.1 kb	 0.0% Packages/com.unity.visualscripting/Runtime/VisualScripting.Flow/Framework/Events/Physics/OnTriggerExit.cs
 0.1 kb	 0.0% Packages/com.unity.visualscripting/Runtime/VisualScripting.Flow/Framework/Events/Physics/OnTriggerEnter.cs
 0.1 kb	 0.0% Packages/com.unity.visualscripting/Runtime/VisualScripting.Flow/Framework/Events/Physics/OnCollisionStay.cs
 0.1 kb	 0.0% Packages/com.unity.visualscripting/Runtime/VisualScripting.Flow/Framework/Events/Physics/OnCollisionExit.cs
 0.1 kb	 0.0% Packages/com.unity.visualscripting/Runtime/VisualScripting.Flow/Framework/Events/Physics/OnCollisionEnter.cs
 0.1 kb	 0.0% Packages/com.unity.visualscripting/Runtime/VisualScripting.Flow/Framework/Events/Input/OnKeyboardInput.cs
 0.1 kb	 0.0% Packages/com.unity.visualscripting/Runtime/VisualScripting.Flow/Framework/Events/Input/OnButtonInput.cs
 0.1 kb	 0.0% Packages/com.unity.visualscripting/Runtime/VisualScripting.Flow/Framework/Events/Input/IMouseEventUnit.cs
 0.1 kb	 0.0% Packages/com.unity.visualscripting/Runtime/VisualScripting.Flow/Framework/Events/GUI/PointerEventUnit.cs
 0.1 kb	 0.0% Packages/com.unity.visualscripting/Runtime/VisualScripting.Flow/Framework/Events/GUI/OnPointerExit.cs
 0.1 kb	 0.0% Packages/com.unity.visualscripting/Runtime/VisualScripting.Flow/Framework/Events/GUI/OnPointerEnter.cs
 0.1 kb	 0.0% Packages/com.unity.visualscripting/Runtime/VisualScripting.Flow/Framework/Events/GUI/OnPointerDown.cs
 0.1 kb	 0.0% Packages/com.unity.visualscripting/Runtime/VisualScripting.Flow/Framework/Events/GUI/OnPointerClick.cs
 0.1 kb	 0.0% Packages/com.unity.visualscripting/Runtime/VisualScripting.Flow/Framework/Events/GUI/OnButtonClick.cs
 0.1 kb	 0.0% Packages/com.unity.visualscripting/Runtime/VisualScripting.Flow/Framework/Events/CustomEventArgs.cs
 0.1 kb	 0.0% Packages/com.unity.visualscripting/Runtime/VisualScripting.Flow/Framework/Events/BoltUnityEvent.cs
 0.1 kb	 0.0% Packages/com.unity.visualscripting/Runtime/VisualScripting.Flow/Framework/Events/Animation/OnAnimatorMove.cs
 0.1 kb	 0.0% Packages/com.unity.visualscripting/Runtime/VisualScripting.Flow/Framework/Control/SwitchOnString.cs
 0.1 kb	 0.0% Packages/com.unity.visualscripting/Runtime/VisualScripting.Flow/Framework/Control/SwitchOnInteger.cs
 0.1 kb	 0.0% Packages/com.unity.visualscripting/Runtime/VisualScripting.Flow/Framework/Control/SelectOnString.cs
 0.1 kb	 0.0% Packages/com.unity.visualscripting/Runtime/VisualScripting.Flow/Framework/Control/SelectOnInteger.cs
 0.1 kb	 0.0% Packages/com.unity.visualscripting/Runtime/VisualScripting.Flow/Framework/Collections/Lists/RemoveListItemAt.cs
 0.1 kb	 0.0% Packages/com.unity.visualscripting/Runtime/VisualScripting.Flow/Framework/Collections/Lists/RemoveListItem.cs
 0.1 kb	 0.0% Packages/com.unity.visualscripting/Runtime/VisualScripting.Flow/Framework/Collections/Lists/ListContainsItem.cs
 0.1 kb	 0.0% Packages/com.unity.visualscripting/Runtime/VisualScripting.Flow/Framework/Collections/Lists/InsertListItem.cs
 0.1 kb	 0.0% Packages/com.unity.visualscripting/Runtime/VisualScripting.Flow/Framework/Collections/Dictionaries/CreateDictionary.cs
 0.1 kb	 0.0% Packages/com.unity.visualscripting/Runtime/VisualScripting.Flow/Framework/Collections/Dictionaries/ClearDictionary.cs
 0.1 kb	 0.0% Packages/com.unity.visualscripting/Runtime/VisualScripting.Flow/FlowGraphData.cs
 0.1 kb	 0.0% Packages/com.unity.visualscripting/Runtime/VisualScripting.Flow/EditorBinding/PortKeyAttribute.cs
 0.1 kb	 0.0% Packages/com.unity.visualscripting/Runtime/VisualScripting.Flow/Connections/ValueConnection.cs
 0.1 kb	 0.0% Packages/com.unity.visualscripting/Runtime/VisualScripting.Flow/Connections/IUnitRelation.cs
 0.1 kb	 0.0% Packages/com.unity.visualscripting/Runtime/VisualScripting.Flow/Connections/IUnitConnection.cs
 0.1 kb	 0.0% Packages/com.unity.visualscripting/Runtime/VisualScripting.Core/Variables/VariablesSaver.cs
 0.1 kb	 0.0% Packages/com.unity.visualscripting/Runtime/VisualScripting.Core/Variables/VariablesAsset.cs
 0.1 kb	 0.0% Packages/com.unity.visualscripting/Runtime/VisualScripting.Core/Variables/SceneVariables.cs
 0.1 kb	 0.0% Packages/com.unity.visualscripting/Runtime/VisualScripting.Core/Variables/SavedVariables.cs
 0.1 kb	 0.0% Packages/com.unity.visualscripting/Runtime/VisualScripting.Core/Variables/ObjectVariables.cs
 0.1 kb	 0.0% Packages/com.unity.visualscripting/Runtime/VisualScripting.Core/Utilities/StringUtility.cs
 0.1 kb	 0.0% Packages/com.unity.visualscripting/Runtime/VisualScripting.Core/Utilities/IInitializable.cs
 0.1 kb	 0.0% Packages/com.unity.visualscripting/Runtime/VisualScripting.Core/Utilities/IIdentifiable.cs
 0.1 kb	 0.0% Packages/com.unity.visualscripting/Runtime/VisualScripting.Core/Utilities/ExceptionUtility.cs
 0.1 kb	 0.0% Packages/com.unity.visualscripting/Runtime/VisualScripting.Core/Utilities/CoroutineRunner.cs
 0.1 kb	 0.0% Packages/com.unity.visualscripting/Runtime/VisualScripting.Core/Unity/LudiqBehaviour.cs
 0.1 kb	 0.0% Packages/com.unity.visualscripting/Runtime/VisualScripting.Core/Serialization/Serialization.cs
 0.1 kb	 0.0% Packages/com.unity.visualscripting/Runtime/VisualScripting.Core/Serialization/SerializableType.cs
 0.1 kb	 0.0% Packages/com.unity.visualscripting/Runtime/VisualScripting.Core/Serialization/DictionaryAsset.cs
 0.1 kb	 0.0% Packages/com.unity.visualscripting/Runtime/VisualScripting.Core/Serialization/Converters/Ray2DConverter.cs
 0.1 kb	 0.0% Packages/com.unity.visualscripting/Runtime/VisualScripting.Core/Reflection/RuntimeCodebase.cs
 0.1 kb	 0.0% Packages/com.unity.visualscripting/Runtime/VisualScripting.Core/Reflection/Operators/OperatorUtility.cs
 0.1 kb	 0.0% Packages/com.unity.visualscripting/Runtime/VisualScripting.Core/Reflection/Operators/OperatorHandler.cs
 0.1 kb	 0.0% Packages/com.unity.visualscripting/Runtime/VisualScripting.Core/Reflection/Operators/ModuloHandler.cs
 0.1 kb	 0.0% Packages/com.unity.visualscripting/Runtime/VisualScripting.Core/Reflection/Operators/LessThanHandler.cs
 0.1 kb	 0.0% Packages/com.unity.visualscripting/Runtime/VisualScripting.Core/Reflection/Operators/LeftShiftHandler.cs
 0.1 kb	 0.0% Packages/com.unity.visualscripting/Runtime/VisualScripting.Core/Reflection/Operators/IncrementHandler.cs
 0.1 kb	 0.0% Packages/com.unity.visualscripting/Runtime/VisualScripting.Core/Reflection/Operators/EqualityHandler.cs
 0.1 kb	 0.0% Packages/com.unity.visualscripting/Runtime/VisualScripting.Core/Reflection/Operators/DivisionHandler.cs
 0.1 kb	 0.0% Packages/com.unity.visualscripting/Runtime/VisualScripting.Core/Reflection/Operators/DecrementHandler.cs
 0.1 kb	 0.0% Packages/com.unity.visualscripting/Runtime/VisualScripting.Core/Reflection/Operators/AdditionHandler.cs
 0.1 kb	 0.0% Packages/com.unity.visualscripting/Runtime/VisualScripting.Core/Reflection/MemberUtility.cs
 0.1 kb	 0.0% Packages/com.unity.visualscripting/Runtime/VisualScripting.Core/Reflection/AttributeUtility.cs
 0.1 kb	 0.0% Packages/com.unity.visualscripting/Runtime/VisualScripting.Core/Profiling/ProfilingUtility.cs
 0.1 kb	 0.0% Packages/com.unity.visualscripting/Runtime/VisualScripting.Core/Profiling/ProfilingScope.cs
 0.1 kb	 0.0% Packages/com.unity.visualscripting/Runtime/VisualScripting.Core/Profiling/ProfiledSegment.cs
 0.1 kb	 0.0% Packages/com.unity.visualscripting/Runtime/VisualScripting.Core/Platforms/PlatformUtility.cs
 0.1 kb	 0.0% Packages/com.unity.visualscripting/Runtime/VisualScripting.Core/Platforms/IAotStubbable.cs
 0.1 kb	 0.0% Packages/com.unity.visualscripting/Runtime/VisualScripting.Core/Listeners/MessageListener.cs
 0.1 kb	 0.0% Packages/com.unity.visualscripting/Runtime/VisualScripting.Core/Graphs/IGraphElement.cs
 0.1 kb	 0.0% Packages/com.unity.visualscripting/Runtime/VisualScripting.Core/Graphs/IGraphDebugData.cs
 0.1 kb	 0.0% Packages/com.unity.visualscripting/Runtime/VisualScripting.Core/Graphs/GraphReference.cs
 0.1 kb	 0.0% Packages/com.unity.visualscripting/Runtime/VisualScripting.Core/Graphs/GraphInstances.cs
 0.1 kb	 0.0% Packages/com.unity.visualscripting/Runtime/VisualScripting.Core/Graphs/GraphDebugData.cs
 0.1 kb	 0.0% Packages/com.unity.visualscripting/Runtime/VisualScripting.Core/Events/IEventMachine.cs
 0.1 kb	 0.0% Packages/com.unity.visualscripting/Runtime/VisualScripting.Core/Events/EmptyEventArgs.cs
 0.1 kb	 0.0% Packages/com.unity.visualscripting/Runtime/VisualScripting.Core/Ensure/EnsureThat.Strings.cs
 0.1 kb	 0.0% Packages/com.unity.visualscripting/Runtime/VisualScripting.Core/Ensure/EnsureThat.Objects.cs
 0.1 kb	 0.0% Packages/com.unity.visualscripting/Runtime/VisualScripting.Core/Ensure/EnsureThat.Booleans.cs
 0.1 kb	 0.0% Packages/com.unity.visualscripting/Runtime/VisualScripting.Core/EditorBinding/TypeSetAttribute.cs
 0.1 kb	 0.0% Packages/com.unity.visualscripting/Runtime/VisualScripting.Core/Decorators/ValueAttribute.cs
 0.1 kb	 0.0% Packages/com.unity.visualscripting/Runtime/VisualScripting.Core/Collections/AotDictionary.cs
 0.1 kb	 0.0% Packages/com.unity.visualscripting/Runtime/VisualScripting.Core/Cloning/ISpecifiesCloner.cs
 0.1 kb	 0.0% Packages/com.unity.visualscripting/Runtime/VisualScripting.Core/Cloning/CloningContext.cs
 0.1 kb	 0.0% Packages/com.unity.visualscripting/Runtime/VisualScripting.Core/Cloning/Cloners/ReflectedCloner.cs
 0.1 kb	 0.0% Packages/com.unity.visualscripting/Runtime/VisualScripting.Core/Cloning/Cloners/GradientCloner.cs
 0.1 kb	 0.0% Packages/com.unity.visualscripting/Runtime/VisualScripting.Core/Cloning/Cloners/EnumerableCloner.cs
 0.1 kb	 0.0% Packages/com.unity.visualscripting/Runtime/VisualScripting.Core/Cloning/Cloners/DictionaryCloner.cs
 0.1 kb	 0.0% Packages/com.unity.ugui/Runtime/TMP/TMP_ScrollbarEventHandler.cs
 0.1 kb	 0.0% Packages/com.unity.ugui/Runtime/TMP/TMP_PackageResourceImporter.cs
 0.1 kb	 0.0% Packages/com.unity.splines/Runtime/SplineModificationData.cs
 0.1 kb	 0.0% Packages/com.unity.render-pipelines.universal/Textures/SMAA/AreaTex.tga
 0.1 kb	 0.0% Packages/com.unity.render-pipelines.universal/Textures/FilmGrain/Thin02.png
 0.1 kb	 0.0% Packages/com.unity.render-pipelines.universal/Textures/FilmGrain/Thin01.png
 0.1 kb	 0.0% Packages/com.unity.render-pipelines.universal/Textures/FilmGrain/Medium06.png
 0.1 kb	 0.0% Packages/com.unity.render-pipelines.universal/Textures/FilmGrain/Medium05.png
 0.1 kb	 0.0% Packages/com.unity.render-pipelines.universal/Textures/FilmGrain/Medium04.png
 0.1 kb	 0.0% Packages/com.unity.render-pipelines.universal/Textures/FilmGrain/Medium03.png
 0.1 kb	 0.0% Packages/com.unity.render-pipelines.universal/Textures/FilmGrain/Medium02.png
 0.1 kb	 0.0% Packages/com.unity.render-pipelines.universal/Textures/FilmGrain/Medium01.png
 0.1 kb	 0.0% Packages/com.unity.render-pipelines.universal/Textures/FilmGrain/Large02.png
 0.1 kb	 0.0% Packages/com.unity.render-pipelines.universal/Textures/FilmGrain/Large01.png
 0.1 kb	 0.0% Packages/com.unity.render-pipelines.core/Runtime/Vrs/VrsShaders.cs
 0.1 kb	 0.0% Packages/com.unity.render-pipelines.core/Runtime/Vrs/VrsResources.cs
 0.1 kb	 0.0% Packages/com.unity.render-pipelines.core/Runtime/Volume/VolumeStack.cs
 0.1 kb	 0.0% Packages/com.unity.render-pipelines.core/Runtime/Utilities/TextureCurve.cs
 0.1 kb	 0.0% Packages/com.unity.render-pipelines.core/Runtime/Utilities/MeshGizmo.cs
 0.1 kb	 0.0% Packages/com.unity.render-pipelines.core/Runtime/Utilities/HashFNV1A32.cs
 0.1 kb	 0.0% Packages/com.unity.render-pipelines.core/Runtime/Utilities/HableCurve.cs
 0.1 kb	 0.0% Packages/com.unity.render-pipelines.core/Runtime/Utilities/GPUPrefixSum/GPUPrefixSum.cs
 0.1 kb	 0.0% Packages/com.unity.render-pipelines.core/Runtime/Utilities/CoreUtils.cs
 0.1 kb	 0.0% Packages/com.unity.render-pipelines.core/Runtime/Utilities/ColorUtils.cs
 0.1 kb	 0.0% Packages/com.unity.render-pipelines.core/Runtime/Textures/TextureXR.cs
 0.1 kb	 0.0% Packages/com.unity.render-pipelines.core/Runtime/Textures/RTHandles.cs
 0.1 kb	 0.0% Packages/com.unity.render-pipelines.core/Runtime/Stripping/IStripper.cs
 0.1 kb	 0.0% Packages/com.unity.render-pipelines.core/Runtime/ShaderLibrary/Sampling/Hammersley.cs
 0.1 kb	 0.0% Packages/com.unity.render-pipelines.core/Runtime/Lighting/ProbeVolume/ProbeVolume.cs
 0.1 kb	 0.0% Packages/com.unity.render-pipelines.core/Runtime/GPUDriven/FrustumPlanes.cs
 0.1 kb	 0.0% Packages/com.unity.render-pipelines.core/Runtime/Debugging/Prefabs/Scripts/UIFoldout.cs
 0.1 kb	 0.0% Packages/com.unity.render-pipelines.core/Runtime/Debugging/DebugUpdater.cs
 0.1 kb	 0.0% Packages/com.unity.render-pipelines.core/Runtime/Debugging/DebugUI.Panel.cs
 0.1 kb	 0.0% Packages/com.unity.render-pipelines.core/Runtime/Debugging/DebugUI.Fields.cs
 0.1 kb	 0.0% Packages/com.unity.render-pipelines.core/Runtime/Debugging/DebugShapes.cs
 0.1 kb	 0.0% Packages/com.unity.render-pipelines.core/Runtime/Debugging/DebugOverlay.cs
 0.1 kb	 0.0% Packages/com.unity.render-pipelines.core/Runtime/Debugging/DebugManager.cs
 0.1 kb	 0.0% Packages/com.unity.render-pipelines.core/Runtime/Camera/FreeCamera.cs
 0.1 kb	 0.0% Packages/com.unity.mathematics/Unity.Mathematics/PropertyAttributes.cs
 0.1 kb	 0.0% Packages/com.unity.inputsystem/InputSystem/State/InputStateBlock.cs
 0.1 kb	 0.0% Packages/com.unity.inputsystem/InputSystem/Plugins/iOS/iOSPostProcessBuild.cs
 0.1 kb	 0.0% Packages/com.unity.inputsystem/InputSystem/Plugins/XInput/XInputSupport.cs
 0.1 kb	 0.0% Packages/com.unity.inputsystem/InputSystem/Plugins/XInput/XInputController.cs
 0.1 kb	 0.0% Packages/com.unity.inputsystem/InputSystem/Plugins/XInput/IXboxOneRumble.cs
 0.1 kb	 0.0% Packages/com.unity.inputsystem/InputSystem/Plugins/WebGL/WebGLJoystick.cs
 0.1 kb	 0.0% Packages/com.unity.inputsystem/InputSystem/Plugins/UnityRemote/UnityRemoteSupport.cs
 0.1 kb	 0.0% Packages/com.unity.inputsystem/InputSystem/Plugins/Switch/SwitchSupportHID.cs
 0.1 kb	 0.0% Packages/com.unity.inputsystem/InputSystem/Plugins/PlayerInput/PlayerInputManager.cs
 0.1 kb	 0.0% Packages/com.unity.inputsystem/InputSystem/Plugins/PlayerInput/DefaultInputActions.cs
 0.1 kb	 0.0% Packages/com.unity.inputsystem/InputSystem/Plugins/OnScreen/OnScreenSupport.cs
 0.1 kb	 0.0% Packages/com.unity.inputsystem/InputSystem/Plugins/OnScreen/OnScreenStick.cs
 0.1 kb	 0.0% Packages/com.unity.inputsystem/InputSystem/Plugins/OnScreen/OnScreenControl.cs
 0.1 kb	 0.0% Packages/com.unity.inputsystem/InputSystem/Plugins/OnScreen/OnScreenButton.cs
 0.1 kb	 0.0% Packages/com.unity.inputsystem/InputSystem/Plugins/Linux/SDLDeviceBuilder.cs
 0.1 kb	 0.0% Packages/com.unity.inputsystem/InputSystem/Plugins/EnhancedTouch/TouchHistory.cs
 0.1 kb	 0.0% Packages/com.unity.inputsystem/InputSystem/Plugins/Android/AndroidSupport.cs
 0.1 kb	 0.0% Packages/com.unity.inputsystem/InputSystem/InputSystemObject.cs
 0.1 kb	 0.0% Packages/com.unity.inputsystem/InputSystem/InputManagerStateMonitors.cs
 0.1 kb	 0.0% Packages/com.unity.inputsystem/InputSystem/InputFeatureNames.cs
 0.1 kb	 0.0% Packages/com.unity.inputsystem/InputSystem/IInputRuntime.cs
 0.1 kb	 0.0% Packages/com.unity.inputsystem/InputSystem/IInputDiagnostics.cs
 0.1 kb	 0.0% Packages/com.unity.inputsystem/InputSystem/Events/InputEventTrace.cs
 0.1 kb	 0.0% Packages/com.unity.inputsystem/InputSystem/Events/InputEventStream.cs
 0.1 kb	 0.0% Packages/com.unity.inputsystem/InputSystem/Events/InputEventPtr.cs
 0.1 kb	 0.0% Packages/com.unity.inputsystem/InputSystem/Events/InputEventBuffer.cs
 0.1 kb	 0.0% Packages/com.unity.inputsystem/InputSystem/Events/DeviceResetEvent.cs
 0.1 kb	 0.0% Packages/com.unity.inputsystem/InputSystem/Events/DeltaStateEvent.cs
 0.1 kb	 0.0% Packages/com.unity.inputsystem/InputSystem/Editor/UITKAssetEditor/Views/PropertiesView.cs
 0.1 kb	 0.0% Packages/com.unity.inputsystem/InputSystem/Editor/UITKAssetEditor/Views/DropManipulator.cs
 0.1 kb	 0.0% Packages/com.unity.inputsystem/InputSystem/Editor/UITKAssetEditor/Views/CopyPasteHelper.cs
 0.1 kb	 0.0% Packages/com.unity.inputsystem/InputSystem/Editor/UITKAssetEditor/Views/ActionsTreeView.cs
 0.1 kb	 0.0% Packages/com.unity.inputsystem/InputSystem/Editor/UITKAssetEditor/Views/ActionMapsView.cs
 0.1 kb	 0.0% Packages/com.unity.inputsystem/InputSystem/Editor/UITKAssetEditor/StateContainer.cs
 0.1 kb	 0.0% Packages/com.unity.inputsystem/InputSystem/Editor/UITKAssetEditor/ExpressionUtils.cs
 0.1 kb	 0.0% Packages/com.unity.inputsystem/InputSystem/Editor/Internal/TreeViewHelpers.cs
 0.1 kb	 0.0% Packages/com.unity.inputsystem/InputSystem/Editor/Internal/InputStateWindow.cs
 0.1 kb	 0.0% Packages/com.unity.inputsystem/InputSystem/Editor/Internal/EditorHelpers.cs
 0.1 kb	 0.0% Packages/com.unity.inputsystem/InputSystem/Editor/Internal/AdvancedDropdown/AdvancedDropdown.cs
 0.1 kb	 0.0% Packages/com.unity.inputsystem/InputSystem/Editor/InputDiagnostics.cs
 0.1 kb	 0.0% Packages/com.unity.inputsystem/InputSystem/Devices/Haptics/IDualMotorRumble.cs
 0.1 kb	 0.0% Packages/com.unity.inputsystem/InputSystem/Devices/Haptics/DualMotorRumble.cs
 0.1 kb	 0.0% Packages/com.unity.inputsystem/InputSystem/Controls/Vector3Control.cs
 0.1 kb	 0.0% Packages/com.unity.inputsystem/InputSystem/Controls/Vector2Control.cs
 0.1 kb	 0.0% Packages/com.unity.inputsystem/InputSystem/Controls/IntegerControl.cs
 0.1 kb	 0.0% Packages/com.unity.inputsystem/InputSystem/Controls/DoubleControl.cs
 0.1 kb	 0.0% Packages/com.unity.inputsystem/InputSystem/Controls/ButtonControl.cs
 0.1 kb	 0.0% Packages/com.unity.inputsystem/InputSystem/Controls/AnyKeyControl.cs
 0.1 kb	 0.0% Packages/com.unity.inputsystem/InputSystem/Actions/InputControlScheme.cs
 0.1 kb	 0.0% Packages/com.unity.inputsystem/InputSystem/Actions/InputBindingResolver.cs
 0.1 kb	 0.0% Packages/com.unity.inputsystem/InputSystem/Actions/InputActionReference.cs
 0.1 kb	 0.0% Packages/com.unity.inputsystem/InputSystem/Actions/InputActionProperty.cs
 0.1 kb	 0.0% Packages/com.unity.inputsystem/InputSystem/Actions/IInputInteraction.cs
 0.1 kb	 0.0% Packages/com.unity.collections/Unity.Collections/UnsafeList.cs
 0.1 kb	 0.0% Packages/com.unity.collections/Unity.Collections/FixedStringParseMethods.cs
 0.1 kb	 0.0% Packages/com.unity.collections/Unity.Collections/FixedStringAppendMethods.cs
 0.1 kb	 0.0% Packages/com.meta.xr.sdk.voice/Scripts/Runtime/Utilities/VoiceErrorSimulator.cs
 0.1 kb	 0.0% Packages/com.meta.xr.sdk.voice/Scripts/Runtime/UX/VoiceTranscriptionLabel.cs
 0.1 kb	 0.0% Packages/com.meta.xr.sdk.voice/Scripts/Runtime/UX/VoiceActivationButton.cs
 0.1 kb	 0.0% Packages/com.meta.xr.sdk.voice/Lib/Wit.ai/Scripts/Runtime/Interfaces/IWitConfigurationSetter.cs
 0.1 kb	 0.0% Packages/com.meta.xr.sdk.voice/Lib/Wit.ai/Scripts/Runtime/Interfaces/ITranscriptionProvider.cs
 0.1 kb	 0.0% Packages/com.meta.xr.sdk.voice/Lib/Wit.ai/Scripts/Runtime/Interfaces/IDynamicEntitiesProvider.cs
 0.1 kb	 0.0% Packages/com.meta.xr.sdk.voice/Lib/Wit.ai/Scripts/Runtime/Data/Entities/WitSimpleDynamicEntity.cs
 0.1 kb	 0.0% Packages/com.meta.xr.sdk.voice/Lib/Wit.ai/Scripts/Runtime/Data/Entities/WitDynamicEntitiesData.cs
 0.1 kb	 0.0% Packages/com.meta.xr.sdk.voice/Lib/Wit.ai/Scripts/Runtime/Data/Entities/DynamicEntityProvider.cs
 0.1 kb	 0.0% Packages/com.meta.xr.sdk.voice/Lib/Wit.ai/Scripts/Runtime/Data/Configuration/WitRuntimeConfiguration.cs
 0.1 kb	 0.0% Packages/com.meta.xr.sdk.voice/Lib/Wit.ai/Scripts/Runtime/Data/AudioBufferPrefabProvider.cs
 0.1 kb	 0.0% Packages/com.meta.xr.sdk.voice/Lib/Wit.ai/Features/TTS/Scripts/Runtime/UX/TTSSpeakerStatusLabel.cs
 0.1 kb	 0.0% Packages/com.meta.xr.sdk.voice/Lib/Wit.ai/Features/TTS/Scripts/Runtime/Interfaces/ITextProcessors.cs
 0.1 kb	 0.0% Packages/com.meta.xr.sdk.voice/Lib/Wit.ai/Features/TTS/Scripts/Runtime/Interfaces/ITTSVoiceProvider.cs
 0.1 kb	 0.0% Packages/com.meta.xr.sdk.voice/Lib/Wit.ai/Features/TTS/Scripts/Runtime/Interfaces/ITTSDiskCacheHandler.cs
 0.1 kb	 0.0% Packages/com.meta.xr.sdk.voice/Lib/Wit.ai/Features/TTS/Scripts/Runtime/Integrations/TTSWitVoiceSettings.cs
 0.1 kb	 0.0% Packages/com.meta.xr.sdk.voice/Lib/Wit.ai/Features/TTS/Scripts/Runtime/Integrations/TTSRuntimeLRUCache.cs
 0.1 kb	 0.0% Packages/com.meta.xr.sdk.voice/Lib/Wit.ai/Features/TTS/Scripts/Runtime/Integrations/BaseTTSRuntimeCache.cs
 0.1 kb	 0.0% Packages/com.meta.xr.sdk.voice/Lib/Telemetry/Scripts/Runtime/OperationID.cs
 0.1 kb	 0.0% Packages/com.meta.xr.sdk.voice/Lib/PlatformCompatibility/Scripts/Runtime/Utility/DateTimeUtility.cs
 0.1 kb	 0.0% Packages/com.meta.xr.sdk.voice/Features/Composer/Composer/Lib/Wit.ai/Features/composer/Scripts/Runtime/Interfaces/IComposerSession.cs
 0.1 kb	 0.0% Packages/com.meta.xr.sdk.voice/Features/Composer/Composer/Lib/Wit.ai/Features/composer/Scripts/Runtime/Data/WitComposerData.cs
 0.1 kb	 0.0% Packages/com.meta.xr.sdk.voice/Features/Composer/Composer/Lib/Wit.ai/Features/composer/Scripts/Runtime/Data/ReservedContextPath.cs
 0.1 kb	 0.0% Packages/com.meta.xr.sdk.voice/Features/Composer/Composer/Lib/Wit.ai/Features/composer/Scripts/Runtime/Data/ComposerResponseData.cs
 0.1 kb	 0.0% Packages/com.meta.xr.sdk.voice/Features/Composer/Composer/Lib/Wit.ai/Features/composer/Scripts/Runtime/Data/ComposerContextMap.cs
 0.1 kb	 0.0% Packages/com.meta.xr.sdk.voice/Features/Composer/Composer/Lib/Wit.ai/Features/composer/Scripts/Runtime/Data/BaseComposerSession.cs
 0.1 kb	 0.0% Packages/com.meta.xr.sdk.interaction/Runtime/Scripts/Unity/UnityCanvas/CanvasCylinder.cs
 0.1 kb	 0.0% Packages/com.meta.xr.sdk.interaction/Runtime/Scripts/Unity/Input/InputMouseButton.cs
 0.1 kb	 0.0% Packages/com.meta.xr.sdk.interaction/Runtime/Scripts/Throw/IVelocityCalculator.cs
 0.1 kb	 0.0% Packages/com.meta.xr.sdk.interaction/Runtime/Scripts/Throw/HandPoseInputDevice.cs
 0.1 kb	 0.0% Packages/com.meta.xr.sdk.interaction/Runtime/Scripts/PoseDetection/ShapeRecognizer.cs
 0.1 kb	 0.0% Packages/com.meta.xr.sdk.interaction/Runtime/Scripts/Polyline/PolylineGizmos.cs
 0.1 kb	 0.0% Packages/com.meta.xr.sdk.interaction/Runtime/Scripts/Interaction/Models/Locomotion/Turn/TurnArrowVisuals.cs
 0.1 kb	 0.0% Packages/com.meta.xr.sdk.interaction/Runtime/Scripts/Interaction/Models/Locomotion/PlayerLocomotor.cs
 0.1 kb	 0.0% Packages/com.meta.xr.sdk.interaction/Runtime/Scripts/Interaction/Models/Locomotion/LocomotionGate.cs
 0.1 kb	 0.0% Packages/com.meta.xr.sdk.interaction/Runtime/Scripts/Interaction/Models/Locomotion/LocomotionEvent.cs
 0.1 kb	 0.0% Packages/com.meta.xr.sdk.interaction/Runtime/Scripts/Interaction/Models/Locomotion/FlyingLocomotor.cs
 0.1 kb	 0.0% Packages/com.meta.xr.sdk.interaction/Runtime/Scripts/Input/SkeletonJointsCache.cs
 0.1 kb	 0.0% Packages/com.meta.xr.sdk.interaction/Runtime/Scripts/Input/OneEuroFilter/FilteredTransform.cs
 0.1 kb	 0.0% Packages/com.meta.xr.sdk.interaction/Runtime/Scripts/Input/Hands/JointsRadiusFeature.cs
 0.1 kb	 0.0% Packages/com.meta.xr.sdk.interaction/Runtime/Scripts/Input/Hands/HandSourceInjector.cs
 0.1 kb	 0.0% Packages/com.meta.xr.sdk.interaction/Runtime/Scripts/Input/Hands/HandPhysicsCapsules.cs
 0.1 kb	 0.0% Packages/com.meta.xr.sdk.interaction/Runtime/Scripts/Input/Hands/HandDataSourceConfig.cs
 0.1 kb	 0.0% Packages/com.meta.xr.sdk.interaction/Runtime/Scripts/Input/Hands/DataModifiers/LastKnownGoodHand.cs
 0.1 kb	 0.0% Packages/com.meta.xr.sdk.interaction/Runtime/Scripts/Input/HMD/HmdDataSourceConfig.cs
 0.1 kb	 0.0% Packages/com.meta.xr.sdk.interaction/Runtime/Scripts/Input/Controllers/ScrollInputProvider.cs
 0.1 kb	 0.0% Packages/com.meta.xr.sdk.interaction/Runtime/Scripts/Input/Controllers/ControllerVisual.cs
 0.1 kb	 0.0% Packages/com.meta.xr.sdk.interaction/Runtime/Scripts/Input/Controllers/ControllerDataAsset.cs
 0.1 kb	 0.0% Packages/com.meta.xr.sdk.interaction/Runtime/Scripts/Collisions/IsCapsuleWithinColliderApprox.cs
 0.1 kb	 0.0% Packages/com.meta.xr.sdk.interaction/Runtime/Scripts/Body/PoseDetection/PoseFromBody.cs
 0.1 kb	 0.0% Packages/com.meta.xr.sdk.interaction/Runtime/Scripts/Body/PoseDetection/IBodyPose.cs
 0.1 kb	 0.0% Packages/com.meta.xr.sdk.interaction/Runtime/Scripts/Body/PoseDetection/BodyPoseData.cs
 0.1 kb	 0.0% Packages/com.meta.xr.sdk.interaction/Runtime/Scripts/Body/Input/ISkeletonMapping.cs
 0.1 kb	 0.0% Packages/com.meta.xr.sdk.interaction/Runtime/Scripts/Body/Input/BodyJointsCache.cs
 0.1 kb	 0.0% Packages/com.meta.xr.sdk.interaction/Runtime/Scripts/Body/Input/BodyDataAsset.cs
 0.1 kb	 0.0% Packages/com.meta.xr.sdk.interaction/Runtime/Sample/Scripts/MoveRelativeToTargetProvider.cs
 0.1 kb	 0.0% Packages/com.meta.xr.sdk.interaction/Runtime/Sample/Scripts/Locomotion/LocomotionSettings/MenuToggler.cs
 0.1 kb	 0.0% Packages/com.meta.xr.sdk.interaction/Runtime/Sample/Scripts/HandGrabUse/Rendering/BasicPBRGlobals.cs
 0.1 kb	 0.0% Packages/com.meta.xr.sdk.interaction/Runtime/Sample/Scripts/ComprehensiveRigExampleUI/RoundedBoxVideoController.cs
 0.1 kb	 0.0% Packages/com.meta.xr.sdk.interaction.ovr/Runtime/Sample/Scripts/MultiModal/Slingshot.cs
 0.1 kb	 0.0% Packages/com.meta.xr.sdk.interaction.ovr/Runtime/Sample/Scripts/Menu/VersionTextGUI.cs
 0.1 kb	 0.0% Packages/com.meta.xr.sdk.core/Scripts/Util/OVRMixedRealityCaptureConfiguration.cs
 0.1 kb	 0.0% Packages/com.meta.xr.sdk.core/Scripts/OpenXRFeatures/MetaXREyeTrackedFoveationFeature.cs
 0.1 kb	 0.0% Packages/com.meta.xr.sdk.core/Scripts/OVRVirtualKeyboard/OVRVirtualKeyboardSampleWPMPrompt.cs
 0.1 kb	 0.0% Packages/com.meta.xr.sdk.core/Scripts/OVRVirtualKeyboard/OVRVirtualKeyboardSampleInputHandler.cs
 0.1 kb	 0.0% Packages/com.meta.xr.sdk.core/Scripts/OVRVirtualKeyboard/OVRVirtualKeyboardHandInputHandler.cs
 0.1 kb	 0.0% Packages/com.meta.xr.sdk.core/Scripts/OVRHandTrackingWideMotionModeSample.cs
 0.1 kb	 0.0% Packages/com.meta.xr.sdk.core/Scripts/OVRControllerDrivenHandPosesSample.cs
 0.1 kb	 0.0% Packages/com.meta.xr.sdk.core/Scripts/Movement/OVRUnityHumanoidSkeletonRetargeter.cs
 0.1 kb	 0.0% Packages/com.meta.xr.sdk.core/Scripts/Movement/OVRHumanBodyBonesMappingsInterface.cs
 0.1 kb	 0.0% Packages/com.meta.xr.sdk.core/Scripts/ImmersiveDebugger/UserInterface/Values.cs
 0.1 kb	 0.0% Packages/com.meta.xr.sdk.core/Scripts/ImmersiveDebugger/UserInterface/Value.cs
 0.1 kb	 0.0% Packages/com.meta.xr.sdk.core/Scripts/ImmersiveDebugger/UserInterface/Utils/Utils.cs
 0.1 kb	 0.0% Packages/com.meta.xr.sdk.core/Scripts/ImmersiveDebugger/UserInterface/Resources/Textures/pointer.png
 0.1 kb	 0.0% Packages/com.meta.xr.sdk.core/Scripts/ImmersiveDebugger/UserInterface/Resources/Textures/eye_icon.png
 0.1 kb	 0.0% Packages/com.meta.xr.sdk.core/Scripts/ImmersiveDebugger/UserInterface/Resources/Textures/bin_icon.png
 0.1 kb	 0.0% Packages/com.meta.xr.sdk.core/Scripts/ImmersiveDebugger/UserInterface/Resources/Styles/LayoutStyles/LogDetailsPaneBackground.asset
 0.1 kb	 0.0% Packages/com.meta.xr.sdk.core/Scripts/ImmersiveDebugger/UserInterface/Resources/Styles/LayoutStyles/LogDetailPaneCloseButton.asset
 0.1 kb	 0.0% Packages/com.meta.xr.sdk.core/Scripts/ImmersiveDebugger/UserInterface/Resources/Styles/LayoutStyles/InspectorTitleBackground.asset
 0.1 kb	 0.0% Packages/com.meta.xr.sdk.core/Scripts/ImmersiveDebugger/UserInterface/Resources/Styles/LayoutStyles/InspectorCategoryFlex.asset
 0.1 kb	 0.0% Packages/com.meta.xr.sdk.core/Scripts/ImmersiveDebugger/UserInterface/Resources/Styles/LayoutStyles/HierarchyItemLabelInner.asset
 0.1 kb	 0.0% Packages/com.meta.xr.sdk.core/Scripts/ImmersiveDebugger/UserInterface/Resources/Styles/LayoutStyles/CategoriesDivBackground.asset
 0.1 kb	 0.0% Packages/com.meta.xr.sdk.core/Scripts/ImmersiveDebugger/UserInterface/Resources/Styles/ImageStyles/PillInfo.asset
 0.1 kb	 0.0% Packages/com.meta.xr.sdk.core/Scripts/ImmersiveDebugger/UserInterface/Resources/Styles/ImageStyles/Default.asset
 0.1 kb	 0.0% Packages/com.meta.xr.sdk.core/Scripts/ImmersiveDebugger/UserInterface/Resources/Styles/ImageStyles/BinIcon.asset
 0.1 kb	 0.0% Packages/com.meta.xr.sdk.core/Scripts/ImmersiveDebugger/UserInterface/Member.cs
 0.1 kb	 0.0% Packages/com.meta.xr.sdk.core/Scripts/ImmersiveDebugger/UserInterface/LogEntry.cs
 0.1 kb	 0.0% Packages/com.meta.xr.sdk.core/Scripts/ImmersiveDebugger/UserInterface/Generic/Controllers/Implementations/Icon.cs
 0.1 kb	 0.0% Packages/com.meta.xr.sdk.core/Scripts/ImmersiveDebugger/UserInterface/Generic/Controllers/Implementations/Flex.cs
 0.1 kb	 0.0% Packages/com.meta.xr.sdk.core/Scripts/ImmersiveDebugger/UserInterface/DebugBar.cs
 0.1 kb	 0.0% Packages/com.meta.xr.sdk.core/Scripts/ImmersiveDebugger/UserInterface/Console.cs
 0.1 kb	 0.0% Packages/com.meta.xr.sdk.core/Scripts/ImmersiveDebugger/Gizmos/DebugGizmos/DebugGizmos.cs
 0.1 kb	 0.0% Packages/com.meta.xr.sdk.core/Scripts/BuildingBlocks/MultiplayerBlocks/Shared/Colocation/ColocationPackage/Runtime/Utils/Logger.cs
 0.1 kb	 0.0% Packages/com.meta.xr.sdk.core/Scripts/BuildingBlocks/MultiplayerBlocks/Shared/Colocation/ColocationPackage/Runtime/NetworkImpl/Player.cs
 0.1 kb	 0.0% Packages/com.meta.xr.sdk.core/Scripts/BuildingBlocks/MultiplayerBlocks/Shared/Colocation/ColocationPackage/Runtime/NetworkImpl/Anchor.cs
 0.1 kb	 0.0% Packages/com.meta.xr.mrutilitykit/Core/Scripts/EnvironmentRaycastManager.cs
 0.1 kb	 0.0% Assets/TextMesh Pro/Sprites/EmojiOne.png
 0.1 kb	 0.0% Assets/MRTemplateAssets/Textures/Dot-32.png
 0.1 kb	 0.0% Assets/ERL/Scripts/Server/ServerManager.cs
 0.1 kb	 0.0% Assets/ERL/Scripts/Server/ClientManager.cs
 0.1 kb	 0.0% Assets/ERL/Scripts/RestClient/Scripts/RestClientTrackAPI.cs
 0.1 kb	 0.0% Assets/ERL/Scripts/RestClient/Scripts/RestClientExample.cs
 0.1 kb	 0.0% Assets/ERL/Scripts/Player/PlayerDataNetwork.cs
 0.1 kb	 0.0% Assets/ERL/Scripts/M2Mqtt/Utility/QueueExtension.cs
 0.1 kb	 0.0% Assets/ERL/Scripts/M2Mqtt/Net/MqttNetworkChannel.cs
 0.1 kb	 0.0% Assets/ERL/Scripts/M2Mqtt/Messages/MqttMsgUnsuback.cs
 0.1 kb	 0.0% Assets/ERL/Scripts/M2Mqtt/Messages/MqttMsgSubscribe.cs
 0.1 kb	 0.0% Assets/ERL/Scripts/M2Mqtt/Messages/MqttMsgSuback.cs
 0.1 kb	 0.0% Assets/ERL/Scripts/M2Mqtt/Messages/MqttMsgPubrel.cs
 0.1 kb	 0.0% Assets/ERL/Scripts/M2Mqtt/Messages/MqttMsgPubrec.cs
 0.1 kb	 0.0% Assets/ERL/Scripts/M2Mqtt/Messages/MqttMsgPublish.cs
 0.1 kb	 0.0% Assets/ERL/Scripts/M2Mqtt/Messages/MqttMsgPubcomp.cs
 0.1 kb	 0.0% Assets/ERL/Scripts/M2Mqtt/Messages/MqttMsgPuback.cs
 0.1 kb	 0.0% Assets/ERL/Scripts/M2Mqtt/Messages/MqttMsgPingResp.cs
 0.1 kb	 0.0% Assets/ERL/Scripts/M2Mqtt/Messages/MqttMsgPingReq.cs
 0.1 kb	 0.0% Assets/ERL/Scripts/M2Mqtt/Messages/MqttMsgContext.cs
 0.1 kb	 0.0% Assets/ERL/Scripts/M2Mqtt/Messages/MqttMsgConnect.cs
 0.1 kb	 0.0% Assets/ERL/Scripts/M2Mqtt/Messages/MqttMsgConnack.cs
 0.1 kb	 0.0% Assets/ERL/Scripts/M2Mqtt/Internal/MsgInternalEvent.cs
 0.1 kb	 0.0% Assets/ERL/Scripts/M2Mqtt/Internal/InternalEvent.cs
 0.1 kb	 0.0% Assets/ERL/Scripts/M2Mqtt/IMqttNetworkChannel.cs
 0.1 kb	 0.0% Assets/ERL/Scripts/Car/CarInputManagerLive.cs
 0.1 kb	 0.0% Packages/com.unity.xr.openxr/Runtime/WaitForRestartFinish.cs
 0.1 kb	 0.0% Packages/com.unity.xr.openxr/Runtime/OpenXRUnityAPI.cs
 0.1 kb	 0.0% Packages/com.unity.xr.openxr/Runtime/OpenXRDiagnosticReport.cs
 0.1 kb	 0.0% Packages/com.unity.xr.openxr/Runtime/Features/OpenXRFeature.cs
 0.1 kb	 0.0% Packages/com.unity.xr.management/Runtime/XRLoaderHelper.cs
 0.1 kb	 0.0% Packages/com.unity.xr.management/Runtime/IXRLoaderPreInit.cs
 0.1 kb	 0.0% Packages/com.unity.xr.interaction.toolkit/Runtime/XR/XRRig.cs
 0.1 kb	 0.0% Packages/com.unity.xr.hands/Runtime/XRHandSubsystem.deprecated.cs
 0.1 kb	 0.0% Packages/com.unity.xr.hands/Runtime/IXRHandProcessor.cs
 0.1 kb	 0.0% Packages/com.unity.xr.hands/Runtime/Gestures/XRFingerShape.cs
 0.1 kb	 0.0% Packages/com.unity.xr.core-utils/Runtime/SerializableGuidUtil.cs
 0.1 kb	 0.0% Packages/com.unity.xr.core-utils/Runtime/OnDestroyNotifier.cs
 0.1 kb	 0.0% Packages/com.unity.xr.core-utils/Runtime/Extensions/Vector3Extensions.cs
 0.1 kb	 0.0% Packages/com.unity.xr.core-utils/Runtime/Extensions/Vector2Extensions.cs
 0.1 kb	 0.0% Packages/com.unity.xr.core-utils/Runtime/Extensions/TransformExtensions.cs
 0.1 kb	 0.0% Packages/com.unity.xr.core-utils/Runtime/Extensions/StopwatchExtensions.cs
 0.1 kb	 0.0% Packages/com.unity.xr.core-utils/Runtime/Extensions/QuaternionExtensions.cs
 0.1 kb	 0.0% Packages/com.unity.xr.core-utils/Runtime/Extensions/LayerMaskExtensions.cs
 0.1 kb	 0.0% Packages/com.unity.xr.core-utils/Runtime/Extensions/HashSetExtensions.cs
 0.1 kb	 0.0% Packages/com.unity.xr.core-utils/Runtime/Extensions/GameObjectExtensions.cs
 0.1 kb	 0.0% Packages/com.unity.xr.core-utils/Runtime/Extensions/DictionaryExtensions.cs
 0.1 kb	 0.0% Packages/com.unity.xr.core-utils/Runtime/Extensions/CollectionExtensions.cs
 0.1 kb	 0.0% Packages/com.unity.xr.core-utils/Runtime/Datums/IntDatumProperty.cs
 0.1 kb	 0.0% Packages/com.unity.xr.core-utils/Runtime/Bindings/IEventBinding.cs
 0.1 kb	 0.0% Packages/com.unity.xr.core-utils/Runtime/Bindings/BindingsGroup.cs
 0.1 kb	 0.0% Packages/com.unity.xr.core-utils/Runtime/Attributes/ReadOnlyAttribute.cs
 0.1 kb	 0.0% Packages/com.unity.xr.arfoundation/Runtime/Simulation/Subsystems/SimulationUtils.cs
 0.1 kb	 0.0% Packages/com.unity.xr.arfoundation/Runtime/Simulation/Subsystems/Plane/PlaneVoxelGrid.cs
 0.1 kb	 0.0% Packages/com.unity.xr.arfoundation/Runtime/Simulation/Subsystems/Plane/PlaneRaycaster.cs
 0.1 kb	 0.0% Packages/com.unity.xr.arfoundation/Runtime/Simulation/Subsystems/Plane/LayerPlaneData.cs
 0.1 kb	 0.0% Packages/com.unity.xr.arfoundation/Runtime/Simulation/Subsystems/Plane/DiscoveredPlane.cs
 0.1 kb	 0.0% Packages/com.unity.xr.arfoundation/Runtime/Simulation/Subsystems/Meshing/SimulationMesh.cs
 0.1 kb	 0.0% Packages/com.unity.xr.arfoundation/Runtime/Simulation/SimulationLoader.cs
 0.1 kb	 0.0% Packages/com.unity.xr.arfoundation/Runtime/Simulation/Environment/XRayRuntimeUtils.cs
 0.1 kb	 0.0% Packages/com.unity.xr.arfoundation/Runtime/Simulation/Environment/SimulatedLight.cs
 0.1 kb	 0.0% Packages/com.unity.xr.arfoundation/Runtime/Simulation/Environment/SimulatedAnchor.cs
 0.1 kb	 0.0% Packages/com.unity.xr.arfoundation/Runtime/ARSubsystems/Textures/XRCpuImage/Transformation.cs
 0.1 kb	 0.0% Packages/com.unity.xr.arfoundation/Runtime/ARSubsystems/Textures/XRCpuImage/CpuImageFormat.cs
 0.1 kb	 0.0% Packages/com.unity.xr.arfoundation/Runtime/ARSubsystems/Textures/XRCpuImage/ConversionParams.cs
 0.1 kb	 0.0% Packages/com.unity.xr.arfoundation/Runtime/ARSubsystems/Textures/XRCpuImage/AsyncConversion.cs
 0.1 kb	 0.0% Packages/com.unity.xr.arfoundation/Runtime/ARSubsystems/Supported.cs
 0.1 kb	 0.0% Packages/com.unity.xr.arfoundation/Runtime/ARSubsystems/Configuration/Feature.cs
 0.1 kb	 0.0% Packages/com.unity.visualscripting/Runtime/VisualScripting.Core/Ensure/EnsureThat.Types.cs
 0.1 kb	 0.0% Packages/com.unity.visualscripting/Runtime/VisualScripting.Core/Ensure/EnsureThat.Guids.cs
 0.1 kb	 0.0% Packages/com.unity.visualscripting/Runtime/VisualScripting.Core/Dependencies/FullSerializer/fsResult.cs
 0.1 kb	 0.0% Packages/com.unity.visualscripting/Runtime/VisualScripting.Core/Dependencies/FullSerializer/fsData.cs
 0.1 kb	 0.0% Packages/com.unity.visualscripting/Runtime/VisualScripting.Core/Dependencies/FullSerializer/fsConfig.cs
 0.1 kb	 0.0% Packages/com.unity.ugui/Runtime/UGUI/UI/Core/Utility/ReflectionMethodsCache.cs
 0.1 kb	 0.0% Packages/com.unity.ugui/Runtime/UGUI/UI/Core/MultipleDisplayUtilities.cs
 0.1 kb	 0.0% Packages/com.unity.ugui/Runtime/UGUI/UI/Core/Layout/HorizontalLayoutGroup.cs
 0.1 kb	 0.0% Packages/com.unity.ugui/Runtime/UGUI/UI/Core/IGraphicEnabledDisabled.cs
 0.1 kb	 0.0% Packages/com.unity.ugui/Runtime/UGUI/UI/Core/GraphicRebuildTracker.cs
 0.1 kb	 0.0% Packages/com.unity.ugui/Runtime/UGUI/UI/Core/Culling/RectangularVertexClipper.cs
 0.1 kb	 0.0% Packages/com.unity.ugui/Runtime/UGUI/EventSystem/UIElements/PanelEventHandler.cs
 0.1 kb	 0.0% Packages/com.unity.ugui/Runtime/UGUI/EventSystem/Raycasters/Physics2DRaycaster.cs
 0.1 kb	 0.0% Packages/com.unity.ugui/Runtime/UGUI/EventSystem/InputModules/PointerInputModule.cs
 0.1 kb	 0.0% Packages/com.unity.splines/Runtime/Interpolators.cs
 0.1 kb	 0.0% Packages/com.unity.rendering.light-transport/Runtime/UnifiedRayTracing/Compute/RadeonRays/Scan.cs
 0.1 kb	 0.0% Packages/com.unity.render-pipelines.core/ShaderLibrary/DummyShaderLibrary.cs
 0.1 kb	 0.0% Packages/com.unity.render-pipelines.core/Runtime/Utilities/GPUSort/GPUSort.Data.cs
 0.1 kb	 0.0% Packages/com.unity.render-pipelines.core/Runtime/Utilities/BitArray.cs
 0.1 kb	 0.0% Packages/com.unity.render-pipelines.core/Runtime/Inputs/InputRegistering.cs
 0.1 kb	 0.0% Packages/com.unity.inputsystem/InputSystem/Utilities/TypeTable.cs
 0.1 kb	 0.0% Packages/com.unity.inputsystem/InputSystem/Utilities/TypeHelpers.cs
 0.1 kb	 0.0% Packages/com.unity.inputsystem/InputSystem/Utilities/Substring.cs
 0.1 kb	 0.0% Packages/com.unity.inputsystem/InputSystem/Utilities/SavedState.cs
 0.1 kb	 0.0% Packages/com.unity.inputsystem/InputSystem/Utilities/Observables/Observable.cs
 0.1 kb	 0.0% Packages/com.unity.inputsystem/InputSystem/Utilities/NamedValue.cs
 0.1 kb	 0.0% Packages/com.unity.inputsystem/InputSystem/Utilities/MiscHelpers.cs
 0.1 kb	 0.0% Packages/com.unity.inputsystem/InputSystem/Utilities/JsonParser.cs
 0.1 kb	 0.0% Packages/com.unity.inputsystem/InputSystem/Utilities/ArrayHelpers.cs
 0.1 kb	 0.0% Packages/com.unity.inputsystem/InputSystem/Plugins/iOS/InputSettingsiOS.cs
 0.1 kb	 0.0% Packages/com.unity.inputsystem/InputSystem/Plugins/XR/XRLayoutBuilder.cs
 0.1 kb	 0.0% Packages/com.unity.inputsystem/InputSystem/Plugins/UI/NavigationModel.cs
 0.1 kb	 0.0% Packages/com.unity.inputsystem/InputSystem/InputUpdateType.cs
 0.1 kb	 0.0% Packages/com.unity.collections/Unity.Collections/UnsafeText.cs
 0.1 kb	 0.0% Packages/com.unity.collections/Unity.Collections/UnsafeStream.cs
 0.1 kb	 0.0% Packages/com.unity.collections/Unity.Collections/RewindableAllocator.cs
 0.1 kb	 0.0% Packages/com.unity.collections/Unity.Collections/FixedStringMethods.cs
 0.1 kb	 0.0% Packages/com.unity.collections/Unity.Collections/AutoFreeAllocator.cs
 0.1 kb	 0.0% Packages/com.unity.burst/Runtime/CompilerServices/AssumeRangeAttribute.cs
 0.1 kb	 0.0% Packages/com.meta.xr.sdk.voice/Scripts/Runtime/Bindings/Android/VoiceSDKBinding.cs
 0.1 kb	 0.0% Packages/com.meta.xr.sdk.voice/Scripts/Runtime/Bindings/Android/IVCBindingEvents.cs
 0.1 kb	 0.0% Packages/com.meta.xr.sdk.voice/Lib/Wit.ai/Scripts/Runtime/WitConduitParameterProvider.cs
 0.1 kb	 0.0% Packages/com.meta.xr.sdk.voice/Lib/Wit.ai/Scripts/Runtime/Utilities/VoiceServiceReference.cs
 0.1 kb	 0.0% Packages/com.meta.xr.sdk.voice/Lib/Wit.ai/Scripts/Runtime/Utilities/GameObjectSearchUtility.cs
 0.1 kb	 0.0% Packages/com.meta.xr.sdk.voice/Lib/Wit.ai/Scripts/Runtime/Utilities/EventSystemInstantiator.cs
 0.1 kb	 0.0% Packages/com.meta.xr.sdk.voice/Lib/Wit.ai/Scripts/Runtime/Utilities/DynamicRangeAttribute.cs
 0.1 kb	 0.0% Packages/com.meta.xr.sdk.voice/Lib/Wit.ai/Scripts/Runtime/Requests/VoiceServiceMockRequest.cs
 0.1 kb	 0.0% Packages/com.meta.xr.sdk.voice/Lib/Wit.ai/Scripts/Runtime/Requests/Transcription/TranscriptionRequestEvents.cs
 0.1 kb	 0.0% Packages/com.meta.xr.sdk.voice/Lib/Wit.ai/Scripts/Runtime/Requests/Transcription/ITranscriptionRequestResults.cs
 0.1 kb	 0.0% Packages/com.meta.xr.sdk.voice/Lib/Wit.ai/Scripts/Runtime/Requests/Transcription/ITranscriptionRequestOptions.cs
 0.1 kb	 0.0% Packages/com.meta.xr.sdk.voice/Lib/Wit.ai/Scripts/Runtime/Net/WebSockets/WitWebSocketSettings.cs
 0.1 kb	 0.0% Packages/com.meta.xr.sdk.voice/Lib/Wit.ai/Scripts/Runtime/Net/WebSockets/WitWebSocketClient.cs
 0.1 kb	 0.0% Packages/com.meta.xr.sdk.voice/Lib/Wit.ai/Scripts/Runtime/Net/WebSockets/WitWebSocketAdapter.cs
 0.1 kb	 0.0% Packages/com.meta.xr.sdk.voice/Lib/Wit.ai/Scripts/Runtime/Net/WebSockets/IWitWebSocketRequest.cs
 0.1 kb	 0.0% Packages/com.meta.xr.sdk.voice/Lib/Wit.ai/Scripts/Runtime/Net/WebSockets/IWitWebSocketClient.cs
 0.1 kb	 0.0% Packages/com.meta.xr.sdk.voice/Lib/Wit.ai/Scripts/Runtime/Net/WebSockets/IWebSocketProvider.cs
 0.1 kb	 0.0% Packages/com.meta.xr.sdk.voice/Lib/Wit.ai/Scripts/Runtime/Net/Encoding/WitChunkConverter.cs
 0.1 kb	 0.0% Packages/com.meta.xr.sdk.voice/Lib/Wit.ai/Scripts/Runtime/Lib/Mic/Common/BaseAudioClipInput.cs
 0.1 kb	 0.0% Packages/com.meta.xr.sdk.voice/Lib/Wit.ai/Scripts/Runtime/Events/WitTranscriptionEvent.cs
 0.1 kb	 0.0% Packages/com.meta.xr.sdk.voice/Lib/Wit.ai/Scripts/Runtime/Events/WitRequestOptionsEvent.cs
 0.1 kb	 0.0% Packages/com.meta.xr.sdk.voice/Lib/Wit.ai/Scripts/Runtime/Events/WitRequestCreatedEvent.cs
 0.1 kb	 0.0% Packages/com.meta.xr.sdk.voice/Lib/Wit.ai/Scripts/Runtime/Events/WitMicLevelChangedEvent.cs
 0.1 kb	 0.0% Packages/com.meta.xr.sdk.voice/Lib/Wit.ai/Scripts/Runtime/Events/VoiceServiceRequestEvent.cs
 0.1 kb	 0.0% Packages/com.meta.xr.sdk.voice/Lib/Wit.ai/Scripts/Runtime/Events/EventCategoryAttribute.cs
 0.1 kb	 0.0% Packages/com.meta.xr.sdk.voice/Lib/Wit.ai/Scripts/Runtime/Conduit/Attributes/ConduitParameterAttribute.cs
 0.1 kb	 0.0% Packages/com.meta.xr.sdk.voice/Lib/Wit.ai/Scripts/Runtime/CallbackHandlers/WitUtteranceMatcher.cs
 0.1 kb	 0.0% Packages/com.meta.xr.sdk.voice/Lib/Wit.ai/Scripts/Runtime/CallbackHandlers/WitResponseMatcher.cs
 0.1 kb	 0.0% Packages/com.meta.xr.sdk.voice/Lib/Wit.ai/Scripts/Runtime/CallbackHandlers/WitResponseHandler.cs
 0.1 kb	 0.0% Packages/com.meta.xr.sdk.voice/Lib/Wit.ai/Scripts/Runtime/CallbackHandlers/SimpleIntentHandler.cs
 0.1 kb	 0.0% Packages/com.meta.xr.sdk.voice/Lib/Wit.ai/Scripts/Runtime/Audio/Decoding/AudioDecoderMp3Frame.cs
 0.1 kb	 0.0% Packages/com.meta.xr.sdk.voice/Lib/Wit.ai/Lib/third-party/NativeWebSocket/WebSocket/WebSocket.cs
 0.1 kb	 0.0% Packages/com.meta.xr.sdk.voice/Lib/Wit.ai/Lib/third-party/NLayer/Decoder/RiffHeaderFrame.cs
 0.1 kb	 0.0% Packages/com.meta.xr.sdk.voice/Lib/Wit.ai/Lib/third-party/NLayer/Decoder/MpegStreamReader.cs
 0.1 kb	 0.0% Packages/com.meta.xr.sdk.voice/Lib/Wit.ai/Lib/third-party/NLayer/Decoder/LayerIIIDecoder.cs
 0.1 kb	 0.0% Packages/com.meta.xr.sdk.voice/Lib/Wit.ai/Lib/third-party/NLayer/Decoder/LayerIIDecoder.cs
 0.1 kb	 0.0% Packages/com.meta.xr.sdk.voice/Lib/Wit.ai/Lib/third-party/NLayer/Decoder/LayerIDecoder.cs
 0.1 kb	 0.0% Packages/com.meta.xr.sdk.voice/Lib/Wit.ai/Lib/third-party/NLayer/Decoder/LayerDecoderBase.cs
 0.1 kb	 0.0% Packages/com.meta.xr.sdk.voice/Lib/Wit.ai/Lib/Wit/Runtime/Json/JsonPropertyAttribute.cs
 0.1 kb	 0.0% Packages/com.meta.xr.sdk.voice/Lib/Wit.ai/Features/TTS/Scripts/Runtime/Utilities/TTSSpeechSplitter.cs
 0.1 kb	 0.0% Packages/com.meta.xr.sdk.voice/Lib/Wit.ai/Features/TTS/Scripts/Runtime/Utilities/TTSSpeakerAutoLoader.cs
 0.1 kb	 0.0% Packages/com.meta.xr.sdk.voice/Lib/Wit.ai/Features/TTS/Scripts/Runtime/LipSync/VisemeChangedEvent.cs
 0.1 kb	 0.0% Packages/com.meta.xr.sdk.voice/Lib/Wit.ai/Features/TTS/Scripts/Runtime/Events/TTSWebRequestEvents.cs
 0.1 kb	 0.0% Packages/com.meta.xr.sdk.voice/Lib/Wit.ai/Features/TTS/Scripts/Runtime/Events/TTSSpeakerClipEvents.cs
 0.1 kb	 0.0% Packages/com.meta.xr.sdk.voice/Lib/Wit.ai/Features/TTS/Scripts/Runtime/Events/TTSDownloadEvents.cs
 0.1 kb	 0.0% Packages/com.meta.xr.sdk.voice/Features/Dictation/source/Lib/Wit.ai/Features/dictation/Scripts/Runtime/Dictation/Events/DictationEvents.cs
 0.1 kb	 0.0% Packages/com.meta.xr.sdk.voice/Features/Dictation/source/Lib/Wit.ai/Features/dictation/Scripts/Runtime/Dictation/Data/DictationSession.cs
 0.1 kb	 0.0% Packages/com.meta.xr.sdk.platform/Scripts/VoipAudioSourceHiLevel.cs
 0.1 kb	 0.0% Packages/com.meta.xr.sdk.platform/Scripts/MultiplayerErrorOptions.cs
 0.1 kb	 0.0% Packages/com.meta.xr.sdk.platform/Scripts/Models/SupplementaryMetric.cs
 0.1 kb	 0.0% Packages/com.meta.xr.sdk.platform/Scripts/Models/SendInvitesResult.cs
 0.1 kb	 0.0% Packages/com.meta.xr.sdk.platform/Scripts/Models/RejoinDialogResult.cs
 0.1 kb	 0.0% Packages/com.meta.xr.sdk.platform/Scripts/Models/PlatformInitialize.cs
 0.1 kb	 0.0% Packages/com.meta.xr.sdk.platform/Scripts/Models/NetSyncConnection.cs
 0.1 kb	 0.0% Packages/com.meta.xr.sdk.platform/Scripts/Models/LivestreamingStatus.cs
 0.1 kb	 0.0% Packages/com.meta.xr.sdk.platform/Scripts/Models/InstalledApplication.cs
 0.1 kb	 0.0% Packages/com.meta.xr.sdk.platform/Scripts/Models/HttpTransferUpdate.cs
 0.1 kb	 0.0% Packages/com.meta.xr.sdk.platform/Scripts/Models/CowatchViewerUpdate.cs
 0.1 kb	 0.0% Packages/com.meta.xr.sdk.platform/Scripts/Models/AvatarEditorResult.cs
 0.1 kb	 0.0% Packages/com.meta.xr.sdk.platform/Scripts/Models/ApplicationVersion.cs
 0.1 kb	 0.0% Packages/com.meta.xr.sdk.platform/Scripts/Models/ApplicationInvite.cs
 0.1 kb	 0.0% Packages/com.meta.xr.sdk.platform/Scripts/Models/AppDownloadResult.cs
 0.1 kb	 0.0% Packages/com.meta.xr.sdk.platform/Scripts/Models/AchievementUpdate.cs
 0.1 kb	 0.0% Packages/com.meta.xr.sdk.platform/Scripts/Models/AchievementProgress.cs
 0.1 kb	 0.0% Packages/com.meta.xr.sdk.platform/Scripts/Models/AbuseReportRecording.cs
 0.1 kb	 0.0% Packages/com.meta.xr.sdk.platform/Scripts/BuildingBlocks/EntitlementCheck/EntitlementCheck.cs
 0.1 kb	 0.0% Packages/com.meta.xr.sdk.interaction/Runtime/ThirdParty/InterfaceSupport/InterfaceAttribute.cs
 0.1 kb	 0.0% Packages/com.meta.xr.sdk.interaction/Runtime/Scripts/Utils/VersionTextVisual.cs
 0.1 kb	 0.0% Packages/com.meta.xr.sdk.interaction/Runtime/Scripts/Unity/PointableCanvasMesh.cs
 0.1 kb	 0.0% Packages/com.meta.xr.sdk.interaction/Runtime/Scripts/Shapes/CylinderSegment.cs
 0.1 kb	 0.0% Packages/com.meta.xr.sdk.interaction/Runtime/Scripts/Selection/Hands/IndexPinchSelector.cs
 0.1 kb	 0.0% Packages/com.meta.xr.sdk.interaction/Runtime/Scripts/Selection/Hands/HandTransformScaler.cs
 0.1 kb	 0.0% Packages/com.meta.xr.sdk.interaction/Runtime/Scripts/Selection/Controllers/ControllerSelector.cs
 0.1 kb	 0.0% Packages/com.meta.xr.sdk.interaction/Runtime/Scripts/Polyline/TransformsPolyline.cs
 0.1 kb	 0.0% Packages/com.meta.xr.sdk.interaction/Runtime/Scripts/Movements/ObjectPullProvider.cs
 0.1 kb	 0.0% Packages/com.meta.xr.sdk.interaction/Runtime/Scripts/Movements/MoveAtSourceProvider.cs
 0.1 kb	 0.0% Packages/com.meta.xr.sdk.interaction/Runtime/Scripts/Movements/IMovementProvider.cs
 0.1 kb	 0.0% Packages/com.meta.xr.sdk.interaction/Runtime/Scripts/Movements/FollowTargetProvider.cs
 0.1 kb	 0.0% Packages/com.meta.xr.sdk.interaction/Runtime/Scripts/MaterialProperties/RoundedBoxProperties.cs
 0.1 kb	 0.0% Packages/com.meta.xr.sdk.interaction/Runtime/Scripts/MaterialProperties/DotGridProperties.cs
 0.1 kb	 0.0% Packages/com.meta.xr.sdk.interaction/Runtime/Scripts/Interaction/Visuals/SelectorDebugVisual.cs
 0.1 kb	 0.0% Packages/com.meta.xr.sdk.interaction/Runtime/Scripts/Interaction/Visuals/HandConfidenceVisual.cs
 0.1 kb	 0.0% Packages/com.meta.xr.sdk.interaction/Runtime/Scripts/Interaction/Surfaces/NavMeshSurface.cs
 0.1 kb	 0.0% Packages/com.meta.xr.sdk.interaction/Runtime/Scripts/Interaction/Surfaces/ISurfacePatch.cs
 0.1 kb	 0.0% Packages/com.meta.xr.sdk.interaction/Runtime/Scripts/Interaction/Surfaces/ISurfaceClipper.cs
 0.1 kb	 0.0% Packages/com.meta.xr.sdk.interaction/Runtime/Scripts/Interaction/Surfaces/CylinderSurface.cs
 0.1 kb	 0.0% Packages/com.meta.xr.sdk.interaction/Runtime/Scripts/Interaction/Surfaces/CylinderClipper.cs
 0.1 kb	 0.0% Packages/com.meta.xr.sdk.interaction/Runtime/Scripts/Interaction/Surfaces/ColliderSurface.cs
 0.1 kb	 0.0% Packages/com.meta.xr.sdk.interaction/Runtime/Scripts/Interaction/Surfaces/CircleSurface.cs
 0.1 kb	 0.0% Packages/com.meta.xr.sdk.interaction/Runtime/Scripts/Interaction/Surfaces/BoundsClipper.cs
 0.1 kb	 0.0% Packages/com.meta.xr.sdk.interaction/Runtime/Scripts/Interaction/Surfaces/AxisAlignedBox.cs
 0.1 kb	 0.0% Packages/com.meta.xr.sdk.interaction/Runtime/Scripts/Interaction/Pointable/PointableDebugVisual.cs
 0.1 kb	 0.0% Packages/com.meta.xr.sdk.interaction/Runtime/Scripts/Interaction/Pointable/PointableDebugGizmos.cs
 0.1 kb	 0.0% Packages/com.meta.xr.sdk.interaction/Runtime/Scripts/Interaction/Models/UseGrab/UseFingerRawPinchAPI.cs
 0.1 kb	 0.0% Packages/com.meta.xr.sdk.interaction/Runtime/Scripts/Interaction/Models/UseGrab/Axis1DFingerUseAPI.cs
 0.1 kb	 0.0% Packages/com.meta.xr.sdk.interaction/Runtime/Scripts/Interaction/Models/Snap/ListSnapPoseDelegate.cs
 0.1 kb	 0.0% Packages/com.meta.xr.sdk.interaction/Runtime/Scripts/Interaction/Models/Snap/ISnapPoseDelegate.cs
 0.1 kb	 0.0% Packages/com.meta.xr.sdk.interaction/Runtime/Scripts/Interaction/Models/Ray/Visuals/ControllerRayVisual.cs
 0.1 kb	 0.0% Packages/com.meta.xr.sdk.interaction/Runtime/Scripts/Interaction/Models/Locomotion/Teleport/Visuals/PinchPointerVisual.cs
 0.1 kb	 0.0% Packages/com.meta.xr.sdk.interaction/Runtime/Scripts/Interaction/Models/HandGrab/IHandGrabState.cs
 0.1 kb	 0.0% Packages/com.meta.xr.sdk.interaction/Runtime/Scripts/Interaction/Models/HandGrab/HandGrabUtils.cs
 0.1 kb	 0.0% Packages/com.meta.xr.sdk.interaction/Runtime/Scripts/Interaction/Models/HandGrab/HandGrabTarget.cs
 0.1 kb	 0.0% Packages/com.meta.xr.sdk.interaction/Runtime/Scripts/Interaction/Models/HandGrab/HandGrabResult.cs
 0.1 kb	 0.0% Packages/com.meta.xr.sdk.interaction/Runtime/Scripts/Interaction/Models/HandGrab/GrabPoseFinder.cs
 0.1 kb	 0.0% Packages/com.meta.xr.sdk.interaction/Runtime/Scripts/Interaction/Grabbable/GrabFreeTransformer.cs
 0.1 kb	 0.0% Packages/com.meta.xr.sdk.interaction/Runtime/Scripts/Interaction/Core/UpdateDriverGroup.cs
 0.1 kb	 0.0% Packages/com.meta.xr.sdk.interaction/Runtime/Scripts/Interaction/Core/InteractableGroup.cs
 0.1 kb	 0.0% Packages/com.meta.xr.sdk.interaction/Runtime/Scripts/Interaction/Core/IGameObjectFilter.cs
 0.1 kb	 0.0% Packages/com.meta.xr.sdk.interaction/Runtime/Scripts/Interaction/Core/ICandidatePosition.cs
 0.1 kb	 0.0% Packages/com.meta.xr.sdk.interaction/Runtime/Scripts/Interaction/Core/ICandidateComparer.cs
 0.1 kb	 0.0% Packages/com.meta.xr.sdk.interaction/Runtime/Scripts/Interaction/Core/HoverInteractorsGate.cs
 0.1 kb	 0.0% Packages/com.meta.xr.sdk.interaction/Runtime/Scripts/Interaction/Core/Axis2DActiveState.cs
 0.1 kb	 0.0% Packages/com.meta.xr.sdk.interaction/Runtime/Scripts/Interaction/Core/ActiveStateTracker.cs
 0.1 kb	 0.0% Packages/com.meta.xr.sdk.interaction/Runtime/Scripts/Interaction/Core/ActiveStateToggle.cs
 0.1 kb	 0.0% Packages/com.meta.xr.sdk.interaction/Runtime/Scripts/Interaction/Core/ActiveStateSelector.cs
 0.1 kb	 0.0% Packages/com.meta.xr.sdk.interaction/Runtime/Scripts/Input/OneEuroFilter/OneEuroFilterMulti.cs
 0.1 kb	 0.0% Packages/com.meta.xr.sdk.interaction/Runtime/Scripts/Input/OneEuroFilter/OneEuroFilterFactory.cs
 0.1 kb	 0.0% Packages/com.meta.xr.sdk.interaction/Runtime/Scripts/Input/Controllers/ControllerPrimitives.cs
 0.1 kb	 0.0% Packages/com.meta.xr.sdk.interaction/Runtime/Scripts/Grab/Visuals/HandPuppet.cs
 0.1 kb	 0.0% Packages/com.meta.xr.sdk.interaction/Runtime/Scripts/Grab/Visuals/HandJointMap.cs
 0.1 kb	 0.0% Packages/com.meta.xr.sdk.interaction/Runtime/Scripts/Grab/Visuals/HandGhost.cs
 0.1 kb	 0.0% Packages/com.meta.xr.sdk.interaction/Runtime/Scripts/Grab/SnapSurfaces/IGrabSurface.cs
 0.1 kb	 0.0% Packages/com.meta.xr.sdk.interaction/Runtime/Scripts/Extensions/TransformExtensions.cs
 0.1 kb	 0.0% Packages/com.meta.xr.sdk.interaction/Runtime/Scripts/Extensions/HashSetExtensions.cs
 0.1 kb	 0.0% Packages/com.meta.xr.sdk.interaction/Runtime/Scripts/DistanceGrab/Visuals/IReticleData.cs
 0.1 kb	 0.0% Packages/com.meta.xr.sdk.interaction/Runtime/Scripts/DistanceGrab/IDistanceInteractor.cs
 0.1 kb	 0.0% Packages/com.meta.xr.sdk.interaction/Runtime/Scripts/DistanceGrab/DistantPointDetector.cs
 0.1 kb	 0.0% Packages/com.meta.xr.sdk.interaction/Runtime/Scripts/Body/SkeletonDebugGizmos.cs
 0.1 kb	 0.0% Packages/com.meta.xr.sdk.interaction/Runtime/Scripts/Body/Input/BodyPrimitives.cs
 0.1 kb	 0.0% Packages/com.meta.xr.sdk.interaction/Runtime/Scripts/Attributes/OptionalAttribute.cs
 0.1 kb	 0.0% Packages/com.meta.xr.sdk.interaction/Runtime/Scripts/Attributes/InspectorButton.cs
 0.1 kb	 0.0% Packages/com.meta.xr.sdk.interaction/Runtime/Sample/Scripts/StayInView.cs
 0.1 kb	 0.0% Packages/com.meta.xr.sdk.interaction/Runtime/Sample/Scripts/SceneLoader.cs
 0.1 kb	 0.0% Packages/com.meta.xr.sdk.interaction/Runtime/Sample/Scripts/LookAtTarget.cs
 0.1 kb	 0.0% Packages/com.meta.xr.sdk.interaction/Runtime/Sample/Scripts/ColorChanger.cs
 0.1 kb	 0.0% Packages/com.meta.xr.sdk.interaction/Runtime/Sample/Scripts/CarouselView.cs
 0.1 kb	 0.0% Packages/com.meta.xr.sdk.interaction/Runtime/Sample/Objects/UISet/Scripts/UIThemeManager.cs
 0.1 kb	 0.0% Packages/com.meta.xr.sdk.interaction/Runtime/Sample/Objects/UISet/Scripts/DisableRaycaster.cs
 0.1 kb	 0.0% Packages/com.meta.xr.sdk.interaction/Runtime/OpenXR/HandTranslationUtils.cs
 0.1 kb	 0.0% Packages/com.meta.xr.sdk.interaction.ovr/Runtime/Scripts/Input/OVRSkeletonData.cs
 0.1 kb	 0.0% Packages/com.meta.xr.sdk.interaction.ovr/Runtime/Scripts/Input/OVRCameraRigRef.cs
 0.1 kb	 0.0% Packages/com.meta.xr.sdk.interaction.ovr/Runtime/Scripts/Input/HandSkeletonOVR.cs
 0.1 kb	 0.0% Packages/com.meta.xr.sdk.interaction.ovr/Runtime/Scripts/Input/AnimatedHandOVR.cs
 0.1 kb	 0.0% Packages/com.meta.xr.sdk.core/Scripts/ImmersiveDebugger/UserInterface/Resources/Styles/LayoutStyles/VerticalValueFlex.asset
 0.1 kb	 0.0% Packages/com.meta.xr.sdk.core/Scripts/ImmersiveDebugger/UserInterface/Resources/Styles/LayoutStyles/MemberValueDynamic.asset
 0.1 kb	 0.0% Packages/com.meta.xr.sdk.core/Scripts/ImmersiveDebugger/UserInterface/Resources/Styles/LayoutStyles/MemberButtonToggle.asset
 0.1 kb	 0.0% Packages/com.meta.xr.sdk.core/Scripts/ImmersiveDebugger/UserInterface/Resources/Styles/LayoutStyles/LogDetailsScrollView.asset
 0.1 kb	 0.0% Packages/com.meta.xr.sdk.core/Scripts/ImmersiveDebugger/UserInterface/Resources/Styles/LayoutStyles/InspectorModeTitle.asset
 0.1 kb	 0.0% Packages/com.meta.xr.sdk.core/Scripts/ImmersiveDebugger/UserInterface/Resources/Styles/LayoutStyles/InspectorMainFlex.asset
 0.1 kb	 0.0% Packages/com.meta.xr.sdk.core/Scripts/ImmersiveDebugger/UserInterface/Resources/Styles/LayoutStyles/InspectorFlexFold.asset
 0.1 kb	 0.0% Packages/com.meta.xr.sdk.core/Scripts/ImmersiveDebugger/UserInterface/Resources/Styles/LayoutStyles/HierarchyItemLabel.asset
 0.1 kb	 0.0% Packages/com.meta.xr.sdk.core/Scripts/ImmersiveDebugger/UserInterface/Resources/Styles/LayoutStyles/HierarchyItemButton.asset
 0.1 kb	 0.0% Packages/com.meta.xr.sdk.core/Scripts/ImmersiveDebugger/UserInterface/Resources/Styles/LayoutStyles/DropdownValuesFlex.asset
 0.1 kb	 0.0% Packages/com.meta.xr.sdk.core/Scripts/ImmersiveDebugger/UserInterface/Resources/Styles/LayoutStyles/DropdownValueItem.asset
 0.1 kb	 0.0% Packages/com.meta.xr.sdk.core/Scripts/ImmersiveDebugger/UserInterface/Resources/Styles/LayoutStyles/DropdownMemberValue.asset
 0.1 kb	 0.0% Packages/com.meta.xr.sdk.core/Scripts/ImmersiveDebugger/UserInterface/Resources/Styles/LayoutStyles/DropdownBackground.asset
 0.1 kb	 0.0% Packages/com.meta.xr.sdk.core/Scripts/ImmersiveDebugger/UserInterface/Resources/Styles/LayoutStyles/DropdownArrowIcon.asset
 0.1 kb	 0.0% Packages/com.meta.xr.sdk.core/Scripts/ImmersiveDebugger/UserInterface/Resources/Styles/LayoutStyles/ConsoleLogDetails.asset
 0.1 kb	 0.0% Packages/com.meta.xr.sdk.core/Scripts/ImmersiveDebugger/UserInterface/Resources/Styles/LayoutStyles/ConsoleButtonCount.asset
 0.1 kb	 0.0% Packages/com.meta.xr.sdk.core/Scripts/ImmersiveDebugger/UserInterface/Resources/Styles/LayoutStyles/CategoryButtonFlex.asset
 0.1 kb	 0.0% Packages/com.meta.xr.sdk.core/Scripts/ImmersiveDebugger/UserInterface/Resources/Styles/LayoutStyles/CategoriesScrollView.asset
 0.1 kb	 0.0% Packages/com.meta.xr.sdk.core/Scripts/ImmersiveDebugger/UserInterface/Resources/Styles/ImageStyles/None.asset
 0.1 kb	 0.0% Packages/com.meta.xr.sdk.core/Scripts/ImmersiveDebugger/Telemetry/Telemetry.cs
 0.1 kb	 0.0% Packages/com.meta.xr.sdk.core/Scripts/ImmersiveDebugger/SceneSetup.cs
 0.1 kb	 0.0% Packages/com.meta.xr.sdk.core/Scripts/ImmersiveDebugger/Managers/Hooks/Watch.cs
 0.1 kb	 0.0% Packages/com.meta.xr.sdk.core/Scripts/ImmersiveDebugger/Managers/Hooks/Tweak.cs
 0.1 kb	 0.0% Packages/com.meta.xr.sdk.core/Scripts/ImmersiveDebugger/Managers/Category.cs
 0.1 kb	 0.0% Packages/com.meta.xr.sdk.core/Scripts/ImmersiveDebugger/Hierarchy/Manager.cs
 0.1 kb	 0.0% Packages/com.meta.xr.sdk.core/Scripts/BuildingBlocks/RoomMesh/RoomMeshEvent.cs
 0.1 kb	 0.0% Packages/com.meta.xr.sdk.core/Scripts/BuildingBlocks/PassthroughWindow/EnableUnpremultipliedAlpha.cs
 0.1 kb	 0.0% Packages/com.meta.xr.sdk.core/Scripts/BuildingBlocks/BuildingBlock.cs
 0.1 kb	 0.0% Packages/com.meta.xr.sdk.audio/Runtime/scripts/MetaXRAcousticNativeInterface.cs
 0.1 kb	 0.0% Packages/com.meta.xr.sdk.audio/Runtime/scripts/MetaXRAcousticMaterialProperties.cs
 0.1 kb	 0.0% Packages/com.meta.xr.sdk.audio/Runtime/scripts/MetaXRAcousticMaterialMapping.cs
 0.1 kb	 0.0% Packages/com.meta.xr.mrutilitykit/Core/Scripts/TelemetryConstants.cs
 0.1 kb	 0.0% Packages/com.meta.xr.mrutilitykit/Core/Scripts/SerializationHelpers.cs
 0.1 kb	 0.0% Packages/com.meta.xr.mrutilitykit/Core/Scripts/SceneDecorator/Masks/SlopeMask.cs
 0.1 kb	 0.0% Packages/com.meta.xr.mrutilitykit/Core/Scripts/SceneDecorator/Masks/RandomMask.cs
 0.1 kb	 0.0% Packages/com.meta.xr.mrutilitykit/Core/Scripts/SceneDecorator/Masks/HeightMask.cs
 0.1 kb	 0.0% Packages/com.meta.xr.mrutilitykit/Core/Scripts/SceneDecorator/Masks/CookieMask.cs
 0.1 kb	 0.0% Packages/com.meta.xr.mrutilitykit/Core/Scripts/SceneDecorator/Masks/ConstantMask.cs
 0.1 kb	 0.0% Packages/com.meta.xr.mrutilitykit/Core/Scripts/SceneDecorator/Masks/ColliderMask.cs
 0.1 kb	 0.0% Packages/com.meta.xr.mrutilitykit/Core/Scripts/SceneDecorator/Editor/MaskEditor.cs
 0.1 kb	 0.0% Packages/com.meta.xr.mrutilitykit/Core/Scripts/FindSpawnPositions.cs
 0.1 kb	 0.0% Packages/com.meta.xr.mrutilitykit/Core/Scripts/BuildingBlocks/InstantContentPlacement/Scripts/SpaceLocator.cs
 0.1 kb	 0.0% Packages/com.meta.xr.mrutilitykit/Core/Scripts/AnchorPrefabSpawner.cs
 0.1 kb	 0.0% Assets/Samples/Splines/2.7.2/Spline Examples (requires Shader Graph package)/Textures/Road.png
 0.1 kb	 0.0% Assets/Samples/Splines/2.7.2/Spline Examples (requires Shader Graph package)/Runtime/SplineRenderer.cs
 0.1 kb	 0.0% Assets/Samples/Splines/2.7.2/Spline Examples (requires Shader Graph package)/Runtime/ShowNearestPoint.cs
 0.1 kb	 0.0% Assets/Samples/Splines/2.7.2/Spline Examples (requires Shader Graph package)/Runtime/HighwayExample.cs
 0.1 kb	 0.0% Assets/Samples/Splines/2.7.2/Spline Examples (requires Shader Graph package)/Runtime/DriftSplineData.cs
 0.1 kb	 0.0% Assets/Samples/Splines/2.7.2/Spline Examples (requires Shader Graph package)/Runtime/AnimateSplineExtrude.cs
 0.1 kb	 0.0% Assets/Photon/Fusion/Runtime/Statistics/FusionStatsWorldAnchor.cs
 0.1 kb	 0.0% Assets/Photon/Fusion/Runtime/Statistics/FusionStatsPanelHeader.cs
 0.1 kb	 0.0% Assets/Photon/Fusion/Runtime/Statistics/FusionStatsGraphDefault.cs
 0.1 kb	 0.0% Assets/MRTemplateAssets/Scripts/PinchVizController.cs
 0.1 kb	 0.0% Assets/MRTemplateAssets/Scripts/PermissionsManager.cs
 0.1 kb	 0.0% Assets/MRTemplateAssets/Scripts/HandSubsystemManager.cs
 0.1 kb	 0.0% Assets/MRTemplateAssets/Scripts/FadePlaneMaterial.cs
 0.1 kb	 0.0% Assets/MRTemplateAssets/Scripts/ARFeatureController.cs
 0.1 kb	 0.0% Assets/ERL/Textures/rac.png
 0.1 kb	 0.0% Assets/ERL/Scripts/Utils/CommandLineUtils.cs
 0.1 kb	 0.0% Packages/com.unity.xr.openxr/Runtime/input/HapticControl.cs
 0.1 kb	 0.0% Packages/com.unity.xr.hands/Runtime/XRHelpURLConstants.cs
 0.1 kb	 0.0% Packages/com.unity.xr.hands/Runtime/XRHandTrackingEvents.cs
 0.1 kb	 0.0% Packages/com.unity.xr.hands/Runtime/XRHandSkeletonDriver.cs
 0.1 kb	 0.0% Packages/com.unity.xr.hands/Runtime/XRHandMeshController.cs
 0.1 kb	 0.0% Packages/com.unity.xr.hands/Runtime/XRCommonHandGestures.cs
 0.1 kb	 0.0% Packages/com.unity.xr.core-utils/Runtime/GUI/ScreenGUIUtils.cs
 0.1 kb	 0.0% Packages/com.unity.xr.core-utils/Runtime/Extensions/UnityEventExtensions.cs
 0.1 kb	 0.0% Packages/com.unity.xr.arfoundation/Runtime/ARSubsystems/TrackingSubsystem/ITrackable.cs
 0.1 kb	 0.0% Packages/com.unity.xr.arfoundation/Runtime/ARSubsystems/TrackableId.cs
 0.1 kb	 0.0% Packages/com.unity.xr.arfoundation/Runtime/ARSubsystems/Textures/XRCpuImage/XRCpuImage.cs
 0.1 kb	 0.0% Packages/com.unity.xr.arfoundation/Runtime/ARSubsystems/RaycastSubsystem/XRRaycastHit.cs
 0.1 kb	 0.0% Packages/com.unity.xr.arfoundation/Runtime/ARSubsystems/RaycastSubsystem/XRRaycast.cs
 0.1 kb	 0.0% Packages/com.unity.xr.arfoundation/Runtime/ARSubsystems/PointCloudSubsystem/XRPointCloud.cs
 0.1 kb	 0.0% Packages/com.unity.xr.arfoundation/Runtime/ARSubsystems/PlaneTracking/BoundedPlane.cs
 0.1 kb	 0.0% Packages/com.unity.xr.arfoundation/Runtime/ARSubsystems/HumanBodySubsystem/XRHumanBody.cs
 0.1 kb	 0.0% Packages/com.unity.xr.arfoundation/Runtime/ARSubsystems/HelpUrls.cs
 0.1 kb	 0.0% Packages/com.unity.xr.arfoundation/Runtime/ARSubsystems/HashCodeUtil.cs
 0.1 kb	 0.0% Packages/com.unity.xr.arfoundation/Runtime/ARSubsystems/FaceSubsystem/XRFaceMesh.cs
 0.1 kb	 0.0% Packages/com.unity.xr.arfoundation/Runtime/ARFoundation/ToolButton.cs
 0.1 kb	 0.0% Packages/com.unity.xr.arfoundation/Runtime/ARFoundation/MeshQueue.cs
 0.1 kb	 0.0% Packages/com.unity.xr.arfoundation/Runtime/ARFoundation/IRaycaster.cs
 0.1 kb	 0.0% Packages/com.unity.xr.arfoundation/Runtime/ARFoundation/HelpUrls.cs
 0.1 kb	 0.0% Packages/com.unity.xr.arfoundation/Runtime/ARFoundation/HashCodeUtil.cs
 0.1 kb	 0.0% Packages/com.unity.xr.arfoundation/Runtime/ARFoundation/DebugSlider.cs
 0.1 kb	 0.0% Packages/com.unity.xr.arfoundation/Runtime/ARFoundation/ARTrackable.cs
 0.1 kb	 0.0% Packages/com.unity.xr.arfoundation/Runtime/ARFoundation/ARSession.cs
 0.1 kb	 0.0% Packages/com.unity.xr.arfoundation/Runtime/ARFoundation/ARRaycastHit.cs
 0.1 kb	 0.0% Packages/com.unity.xr.arfoundation/Runtime/ARFoundation/ARRaycast.cs
 0.1 kb	 0.0% Packages/com.unity.xr.arfoundation/Runtime/ARFoundation/ARPoseDriver.cs
 0.1 kb	 0.0% Packages/com.unity.xr.arfoundation/Runtime/ARFoundation/ARPointCloud.cs
 0.1 kb	 0.0% Packages/com.unity.xr.arfoundation/Runtime/ARFoundation/ARHumanBody.cs
 0.1 kb	 0.0% Packages/com.unity.xr.arfoundation/Runtime/ARFoundation/ARDebugMenu.cs
 0.1 kb	 0.0% Packages/com.unity.visualscripting/Runtime/VisualScripting.State/SuperState.cs
 0.1 kb	 0.0% Packages/com.unity.visualscripting/Runtime/VisualScripting.State/StateUnit.cs
 0.1 kb	 0.0% Packages/com.unity.visualscripting/Runtime/VisualScripting.State/StateMachine.cs
 0.1 kb	 0.0% Packages/com.unity.visualscripting/Runtime/VisualScripting.State/StateGraph.cs
 0.1 kb	 0.0% Packages/com.unity.visualscripting/Runtime/VisualScripting.State/OnExitState.cs
 0.1 kb	 0.0% Packages/com.unity.visualscripting/Runtime/VisualScripting.State/OnEnterState.cs
 0.1 kb	 0.0% Packages/com.unity.visualscripting/Runtime/VisualScripting.State/INesterState.cs
 0.1 kb	 0.0% Packages/com.unity.visualscripting/Runtime/VisualScripting.State/FlowState.cs
 0.1 kb	 0.0% Packages/com.unity.visualscripting/Runtime/VisualScripting.Flow/UnitCategory.cs
 0.1 kb	 0.0% Packages/com.unity.visualscripting/Runtime/VisualScripting.Flow/SubgraphUnit.cs
 0.1 kb	 0.0% Packages/com.unity.visualscripting/Runtime/VisualScripting.Flow/Ports/ValueOutput.cs
 0.1 kb	 0.0% Packages/com.unity.visualscripting/Runtime/VisualScripting.Flow/Ports/ValueInput.cs
 0.1 kb	 0.0% Packages/com.unity.visualscripting/Runtime/VisualScripting.Flow/Ports/InvalidInput.cs
 0.1 kb	 0.0% Packages/com.unity.visualscripting/Runtime/VisualScripting.Flow/Ports/IUnitPort.cs
 0.1 kb	 0.0% Packages/com.unity.visualscripting/Runtime/VisualScripting.Flow/Ports/ControlInput.cs
 0.1 kb	 0.0% Packages/com.unity.visualscripting/Runtime/VisualScripting.Flow/INesterUnit.cs
 0.1 kb	 0.0% Packages/com.unity.visualscripting/Runtime/VisualScripting.Flow/Framework/Variables/SetVariable.cs
 0.1 kb	 0.0% Packages/com.unity.visualscripting/Runtime/VisualScripting.Flow/Framework/Variables/Obsolete/VariableUnit.cs
 0.1 kb	 0.0% Packages/com.unity.visualscripting/Runtime/VisualScripting.Flow/Framework/Variables/GetVariable.cs
 0.1 kb	 0.0% Packages/com.unity.visualscripting/Runtime/VisualScripting.Flow/Framework/Time/WaitForFlow.cs
 0.1 kb	 0.0% Packages/com.unity.visualscripting/Runtime/VisualScripting.Flow/Framework/Nulls/NullCoalesce.cs
 0.1 kb	 0.0% Packages/com.unity.visualscripting/Runtime/VisualScripting.Flow/Framework/Nulls/NullCheck.cs
 0.1 kb	 0.0% Packages/com.unity.visualscripting/Runtime/VisualScripting.Flow/Framework/Nesting/GraphOutput.cs
 0.1 kb	 0.0% Packages/com.unity.visualscripting/Runtime/VisualScripting.Flow/Framework/Nesting/GraphInput.cs
 0.1 kb	 0.0% Packages/com.unity.visualscripting/Runtime/VisualScripting.Flow/Framework/MissingType.cs
 0.1 kb	 0.0% Packages/com.unity.visualscripting/Runtime/VisualScripting.Flow/Framework/Math/Vector4/Vector4Sum.cs
 0.1 kb	 0.0% Packages/com.unity.visualscripting/Runtime/VisualScripting.Flow/Framework/Math/Vector4/Vector4Round.cs
 0.1 kb	 0.0% Packages/com.unity.visualscripting/Runtime/VisualScripting.Flow/Framework/Math/Vector4/Vector4Lerp.cs
 0.1 kb	 0.0% Packages/com.unity.visualscripting/Runtime/VisualScripting.Flow/Framework/Math/Vector3/Vector3Sum.cs
 0.1 kb	 0.0% Packages/com.unity.visualscripting/Runtime/VisualScripting.Flow/Framework/Math/Vector3/Vector3Round.cs
 0.1 kb	 0.0% Packages/com.unity.visualscripting/Runtime/VisualScripting.Flow/Framework/Math/Vector3/Vector3Lerp.cs
 0.1 kb	 0.0% Packages/com.unity.visualscripting/Runtime/VisualScripting.Flow/Framework/Math/Vector3/Vector3Angle.cs
 0.1 kb	 0.0% Packages/com.unity.visualscripting/Runtime/VisualScripting.Flow/Framework/Math/Vector2/Vector2Sum.cs
 0.1 kb	 0.0% Packages/com.unity.visualscripting/Runtime/VisualScripting.Flow/Framework/Math/Vector2/Vector2Round.cs
 0.1 kb	 0.0% Packages/com.unity.visualscripting/Runtime/VisualScripting.Flow/Framework/Math/Vector2/Vector2Lerp.cs
 0.1 kb	 0.0% Packages/com.unity.visualscripting/Runtime/VisualScripting.Flow/Framework/Math/Vector2/Vector2Angle.cs
 0.1 kb	 0.0% Packages/com.unity.visualscripting/Runtime/VisualScripting.Flow/Framework/Math/Scalar/ScalarSum.cs
 0.1 kb	 0.0% Packages/com.unity.visualscripting/Runtime/VisualScripting.Flow/Framework/Math/Scalar/ScalarRound.cs
 0.1 kb	 0.0% Packages/com.unity.visualscripting/Runtime/VisualScripting.Flow/Framework/Math/Scalar/ScalarRoot.cs
 0.1 kb	 0.0% Packages/com.unity.visualscripting/Runtime/VisualScripting.Flow/Framework/Math/Scalar/ScalarModulo.cs
 0.1 kb	 0.0% Packages/com.unity.visualscripting/Runtime/VisualScripting.Flow/Framework/Math/Scalar/ScalarLerp.cs
 0.1 kb	 0.0% Packages/com.unity.visualscripting/Runtime/VisualScripting.Flow/Framework/Math/Scalar/ScalarDivide.cs
 0.1 kb	 0.0% Packages/com.unity.visualscripting/Runtime/VisualScripting.Flow/Framework/Math/Generic/GenericSum.cs
 0.1 kb	 0.0% Packages/com.unity.visualscripting/Runtime/VisualScripting.Flow/Framework/Logic/LessOrEqual.cs
 0.1 kb	 0.0% Packages/com.unity.visualscripting/Runtime/VisualScripting.Flow/Framework/Logic/ExclusiveOr.cs
 0.1 kb	 0.0% Packages/com.unity.visualscripting/Runtime/VisualScripting.Flow/Framework/Logic/Comparison.cs
 0.1 kb	 0.0% Packages/com.unity.visualscripting/Runtime/VisualScripting.Flow/Framework/Events/Physics/OnJointBreak.cs
 0.1 kb	 0.0% Packages/com.unity.visualscripting/Runtime/VisualScripting.Flow/Framework/Events/Lifecycle/OnDisable.cs
 0.1 kb	 0.0% Packages/com.unity.visualscripting/Runtime/VisualScripting.Flow/Framework/Events/Lifecycle/OnDestroy.cs
 0.1 kb	 0.0% Packages/com.unity.visualscripting/Runtime/VisualScripting.Flow/Framework/Events/Lifecycle/LateUpdate.cs
 0.1 kb	 0.0% Packages/com.unity.visualscripting/Runtime/VisualScripting.Flow/Framework/Events/Lifecycle/FixedUpdate.cs
 0.1 kb	 0.0% Packages/com.unity.visualscripting/Runtime/VisualScripting.Flow/Framework/Events/Input/OnMouseUp.cs
 0.1 kb	 0.0% Packages/com.unity.visualscripting/Runtime/VisualScripting.Flow/Framework/Events/Input/OnMouseOver.cs
 0.1 kb	 0.0% Packages/com.unity.visualscripting/Runtime/VisualScripting.Flow/Framework/Events/Input/OnMouseInput.cs
 0.1 kb	 0.0% Packages/com.unity.visualscripting/Runtime/VisualScripting.Flow/Framework/Events/Input/OnMouseExit.cs
 0.1 kb	 0.0% Packages/com.unity.visualscripting/Runtime/VisualScripting.Flow/Framework/Events/Input/OnMouseEnter.cs
 0.1 kb	 0.0% Packages/com.unity.visualscripting/Runtime/VisualScripting.Flow/Framework/Events/Input/OnMouseDrag.cs
 0.1 kb	 0.0% Packages/com.unity.visualscripting/Runtime/VisualScripting.Flow/Framework/Events/Input/OnMouseDown.cs
 0.1 kb	 0.0% Packages/com.unity.visualscripting/Runtime/VisualScripting.Flow/Framework/Events/IEventUnit.cs
 0.1 kb	 0.0% Packages/com.unity.visualscripting/Runtime/VisualScripting.Flow/Framework/Events/GUI/OnPointerUp.cs
 0.1 kb	 0.0% Packages/com.unity.visualscripting/Runtime/VisualScripting.Flow/Framework/Events/GUI/OnEndDrag.cs
 0.1 kb	 0.0% Packages/com.unity.visualscripting/Runtime/VisualScripting.Flow/Framework/Events/GUI/OnDeselect.cs
 0.1 kb	 0.0% Packages/com.unity.visualscripting/Runtime/VisualScripting.Flow/Framework/Events/GUI/OnBeginDrag.cs
 0.1 kb	 0.0% Packages/com.unity.visualscripting/Runtime/VisualScripting.Flow/Framework/Events/Editor/OnDrawGizmos.cs
 0.1 kb	 0.0% Packages/com.unity.visualscripting/Runtime/VisualScripting.Flow/Framework/Events/CustomEvent.cs
 0.1 kb	 0.0% Packages/com.unity.visualscripting/Runtime/VisualScripting.Flow/Framework/Events/Animation/OnAnimatorIK.cs
 0.1 kb	 0.0% Packages/com.unity.visualscripting/Runtime/VisualScripting.Flow/Framework/Control/ToggleValue.cs
 0.1 kb	 0.0% Packages/com.unity.visualscripting/Runtime/VisualScripting.Flow/Framework/Control/ToggleFlow.cs
 0.1 kb	 0.0% Packages/com.unity.visualscripting/Runtime/VisualScripting.Flow/Framework/Control/SwitchOnEnum.cs
 0.1 kb	 0.0% Packages/com.unity.visualscripting/Runtime/VisualScripting.Flow/Framework/Control/SelectUnit_T.cs
 0.1 kb	 0.0% Packages/com.unity.visualscripting/Runtime/VisualScripting.Flow/Framework/Control/SelectUnit.cs
 0.1 kb	 0.0% Packages/com.unity.visualscripting/Runtime/VisualScripting.Flow/Framework/Control/SelectOnFlow.cs
 0.1 kb	 0.0% Packages/com.unity.visualscripting/Runtime/VisualScripting.Flow/Framework/Control/SelectOnEnum.cs
 0.1 kb	 0.0% Packages/com.unity.visualscripting/Runtime/VisualScripting.Flow/Framework/Control/ISelectUnit.cs
 0.1 kb	 0.0% Packages/com.unity.visualscripting/Runtime/VisualScripting.Flow/Framework/Control/IBranchUnit.cs
 0.1 kb	 0.0% Packages/com.unity.visualscripting/Runtime/VisualScripting.Flow/Framework/Collections/Lists/SetListItem.cs
 0.1 kb	 0.0% Packages/com.unity.visualscripting/Runtime/VisualScripting.Flow/Framework/Collections/Lists/MergeLists.cs
 0.1 kb	 0.0% Packages/com.unity.visualscripting/Runtime/VisualScripting.Flow/Framework/Collections/Lists/GetListItem.cs
 0.1 kb	 0.0% Packages/com.unity.visualscripting/Runtime/VisualScripting.Flow/Framework/Collections/Lists/CreateList.cs
 0.1 kb	 0.0% Packages/com.unity.visualscripting/Runtime/VisualScripting.Flow/Framework/Collections/Lists/ClearList.cs
 0.1 kb	 0.0% Packages/com.unity.visualscripting/Runtime/VisualScripting.Flow/Framework/Collections/Lists/AddListItem.cs
 0.1 kb	 0.0% Packages/com.unity.visualscripting/Runtime/VisualScripting.Flow/Framework/Collections/FirstItem.cs
 0.1 kb	 0.0% Packages/com.unity.visualscripting/Runtime/VisualScripting.Flow/Framework/Collections/CountItems.cs
 0.1 kb	 0.0% Packages/com.unity.visualscripting/Runtime/VisualScripting.Flow/Framework/Codebase/SetMember.cs
 0.1 kb	 0.0% Packages/com.unity.visualscripting/Runtime/VisualScripting.Flow/Framework/Codebase/MemberUnit.cs
 0.1 kb	 0.0% Packages/com.unity.visualscripting/Runtime/VisualScripting.Flow/Framework/Codebase/InvokeMember.cs
 0.1 kb	 0.0% Packages/com.unity.visualscripting/Runtime/VisualScripting.Flow/Framework/Codebase/GetMember.cs
 0.1 kb	 0.0% Packages/com.unity.visualscripting/Runtime/VisualScripting.Flow/Framework/Codebase/CreateStruct.cs
 0.1 kb	 0.0% Packages/com.unity.visualscripting/Runtime/VisualScripting.Flow/FlowGraph.cs
 0.1 kb	 0.0% Packages/com.unity.visualscripting/Runtime/VisualScripting.Flow/Connections/UnitRelation.cs
 0.1 kb	 0.0% Packages/com.unity.visualscripting/Runtime/VisualScripting.Core/Variables/Variables.cs
 0.1 kb	 0.0% Packages/com.unity.visualscripting/Runtime/VisualScripting.Core/Utilities/Recursion.cs
 0.1 kb	 0.0% Packages/com.unity.visualscripting/Runtime/VisualScripting.Core/Utilities/LinqUtility.cs
 0.1 kb	 0.0% Packages/com.unity.visualscripting/Runtime/VisualScripting.Core/Utilities/IGettable.cs
 0.1 kb	 0.0% Packages/com.unity.visualscripting/Runtime/VisualScripting.Core/Utilities/HashUtility.cs
 0.1 kb	 0.0% Packages/com.unity.visualscripting/Runtime/VisualScripting.Core/Utilities/EnumUtility.cs
 0.1 kb	 0.0% Packages/com.unity.visualscripting/Runtime/VisualScripting.Core/Unity/UnityThread.cs
 0.1 kb	 0.0% Packages/com.unity.visualscripting/Runtime/VisualScripting.Core/Unity/ISingleton.cs
 0.1 kb	 0.0% Packages/com.unity.visualscripting/Runtime/VisualScripting.Core/Unity/IGizmoDrawer.cs
 0.1 kb	 0.0% Packages/com.unity.visualscripting/Runtime/VisualScripting.Core/StickyNote/StickyNote.cs
 0.1 kb	 0.0% Packages/com.unity.visualscripting/Runtime/VisualScripting.Core/Serialization/Converters/RayConverter.cs
 0.1 kb	 0.0% Packages/com.unity.visualscripting/Runtime/VisualScripting.Core/Reflection/TypeUtility.cs
 0.1 kb	 0.0% Packages/com.unity.visualscripting/Runtime/VisualScripting.Core/Reflection/TypeFilter.cs
 0.1 kb	 0.0% Packages/com.unity.visualscripting/Runtime/VisualScripting.Core/Reflection/Optimization/InvokerBase.cs
 0.1 kb	 0.0% Packages/com.unity.visualscripting/Runtime/VisualScripting.Core/Reflection/Operators/PlusHandler.cs
 0.1 kb	 0.0% Packages/com.unity.visualscripting/Runtime/VisualScripting.Core/Reflection/Operators/OrHandler.cs
 0.1 kb	 0.0% Packages/com.unity.visualscripting/Runtime/VisualScripting.Core/Reflection/Operators/AndHandler.cs
 0.1 kb	 0.0% Packages/com.unity.visualscripting/Runtime/VisualScripting.Core/Reflection/Namespace.cs
 0.1 kb	 0.0% Packages/com.unity.visualscripting/Runtime/VisualScripting.Core/Reflection/MemberFilter.cs
 0.1 kb	 0.0% Packages/com.unity.visualscripting/Runtime/VisualScripting.Core/Reflection/IPrewarmable.cs
 0.1 kb	 0.0% Packages/com.unity.visualscripting/Runtime/VisualScripting.Core/Pooling/IPoolable.cs
 0.1 kb	 0.0% Packages/com.unity.visualscripting/Runtime/VisualScripting.Core/Groups/GraphGroup.cs
 0.1 kb	 0.0% Packages/com.unity.visualscripting/Runtime/VisualScripting.Core/Graphs/IGraphRoot.cs
 0.1 kb	 0.0% Packages/com.unity.visualscripting/Runtime/VisualScripting.Core/Graphs/IGraphParent.cs
 0.1 kb	 0.0% Packages/com.unity.visualscripting/Runtime/VisualScripting.Core/Graphs/IGraphNester.cs
 0.1 kb	 0.0% Packages/com.unity.visualscripting/Runtime/VisualScripting.Core/Graphs/IGraphNest.cs
 0.1 kb	 0.0% Packages/com.unity.visualscripting/Runtime/VisualScripting.Core/Graphs/IGraphItem.cs
 0.1 kb	 0.0% Packages/com.unity.visualscripting/Runtime/VisualScripting.Core/Graphs/IGraphData.cs
 0.1 kb	 0.0% Packages/com.unity.visualscripting/Runtime/VisualScripting.Core/Graphs/GraphStack.cs
 0.1 kb	 0.0% Packages/com.unity.visualscripting/Runtime/VisualScripting.Core/Graphs/GraphPointer.cs
 0.1 kb	 0.0% Packages/com.unity.visualscripting/Runtime/VisualScripting.Core/Exceptions/DebugUtility.cs
 0.1 kb	 0.0% Packages/com.unity.visualscripting/Runtime/VisualScripting.Core/Events/IEventGraph.cs
 0.1 kb	 0.0% Packages/com.unity.visualscripting/Runtime/VisualScripting.Core/Events/EventHooks.cs
 0.1 kb	 0.0% Packages/com.unity.visualscripting/Runtime/VisualScripting.Core/Events/EventHook.cs
 0.1 kb	 0.0% Packages/com.unity.visualscripting/Runtime/VisualScripting.Core/Ensure/Extensions/XComparable.cs
 0.1 kb	 0.0% Packages/com.unity.visualscripting/Runtime/VisualScripting.Core/Ensure/EnsureThat.cs
 0.1 kb	 0.0% Packages/com.unity.visualscripting/Runtime/VisualScripting.Core/Cloning/Cloners/ListCloner.cs
 0.1 kb	 0.0% Packages/com.unity.visualscripting/Runtime/VisualScripting.Core/Cloning/Cloners/FieldsCloner.cs
 0.1 kb	 0.0% Packages/com.unity.visualscripting/Runtime/VisualScripting.Core/Cloning/Cloners/ArrayCloner.cs
 0.1 kb	 0.0% Packages/com.unity.ugui/Runtime/UGUI/UI/Animation/CoroutineTween.cs
 0.1 kb	 0.0% Packages/com.unity.ugui/Runtime/UGUI/EventSystem/EventInterfaces.cs
 0.1 kb	 0.0% Packages/com.unity.ugui/Runtime/TMP/TMPro_ExtensionMethods.cs
 0.1 kb	 0.0% Packages/com.unity.ugui/Runtime/TMP/TMP_TextParsingUtilities.cs
 0.1 kb	 0.0% Packages/com.unity.ugui/Runtime/TMP/TMP_TextElement_Legacy.cs
 0.1 kb	 0.0% Packages/com.unity.ugui/Runtime/TMP/TMP_FontAssetUtilities.cs
 0.1 kb	 0.0% Packages/com.unity.ugui/Runtime/TMP/MaterialReferenceManager.cs
 0.1 kb	 0.0% Packages/com.unity.ugui/Runtime/TMP/FontFeatureCommonGSUB.cs
 0.1 kb	 0.0% Packages/com.unity.splines/Runtime/SplineInstantiate.cs
 0.1 kb	 0.0% Packages/com.unity.splines/Runtime/PropertyAttributes.cs
 0.1 kb	 0.0% Packages/com.unity.splines/Runtime/KnotLinkCollection.cs
 0.1 kb	 0.0% Packages/com.unity.splines/Runtime/InterpolatorsUtility.cs
 0.1 kb	 0.0% Packages/com.unity.splines/Runtime/EmbeddedSplineData.cs
 0.1 kb	 0.0% Packages/com.unity.render-pipelines.universal/Runtime/2D/Shadows/ShadowProvider/VertexDictionary.cs
 0.1 kb	 0.0% Packages/com.unity.render-pipelines.core/Runtime/Vrs/VrsLut.cs
 0.1 kb	 0.0% Packages/com.unity.render-pipelines.core/Runtime/Volume/Volume.cs
 0.1 kb	 0.0% Packages/com.unity.render-pipelines.core/Runtime/Volume/IVolume.cs
 0.1 kb	 0.0% Packages/com.unity.render-pipelines.core/Runtime/Utilities/GPUSort/GPUSort.cs
 0.1 kb	 0.0% Packages/com.unity.render-pipelines.core/Runtime/Utilities/FSRUtils.cs
 0.1 kb	 0.0% Packages/com.unity.render-pipelines.core/Runtime/Utilities/Blitter.cs
 0.1 kb	 0.0% Packages/com.unity.render-pipelines.core/Runtime/Textures/RTHandle.cs
 0.1 kb	 0.0% Packages/com.unity.render-pipelines.core/Runtime/Debugging/DebugUI.cs
 0.1 kb	 0.0% Packages/com.unity.inputsystem/InputSystem/Utilities/DynamicBitfield.cs
 0.1 kb	 0.0% Packages/com.unity.inputsystem/InputSystem/State/InputState.cs
 0.1 kb	 0.0% Packages/com.unity.inputsystem/InputSystem/Plugins/WebGL/WebGLSupport.cs
 0.1 kb	 0.0% Packages/com.unity.inputsystem/InputSystem/Plugins/WebGL/WebGLGamepad.cs
 0.1 kb	 0.0% Packages/com.unity.inputsystem/InputSystem/Plugins/Users/InputUser.cs
 0.1 kb	 0.0% Packages/com.unity.inputsystem/InputSystem/Plugins/Linux/LinuxSupport.cs
 0.1 kb	 0.0% Packages/com.unity.inputsystem/InputSystem/Plugins/EnhancedTouch/Touch.cs
 0.1 kb	 0.0% Packages/com.unity.inputsystem/InputSystem/Plugins/EnhancedTouch/Finger.cs
 0.1 kb	 0.0% Packages/com.unity.inputsystem/InputSystem/InputSettings.cs
 0.1 kb	 0.0% Packages/com.unity.inputsystem/InputSystem/InputMetrics.cs
 0.1 kb	 0.0% Packages/com.unity.inputsystem/InputSystem/InputExtensions.cs
 0.1 kb	 0.0% Packages/com.unity.inputsystem/InputSystem/InputAnalytics.cs
 0.1 kb	 0.0% Packages/com.unity.inputsystem/InputSystem/Events/TextEvent.cs
 0.1 kb	 0.0% Packages/com.unity.inputsystem/InputSystem/Events/StateEvent.cs
 0.1 kb	 0.0% Packages/com.unity.inputsystem/InputSystem/Events/InputEvent.cs
 0.1 kb	 0.0% Packages/com.unity.inputsystem/InputSystem/Events/ActionEvent.cs
 0.1 kb	 0.0% Packages/com.unity.inputsystem/InputSystem/Editor/UITKAssetEditor/Views/Selectors.cs
 0.1 kb	 0.0% Packages/com.unity.inputsystem/InputSystem/Editor/UITKAssetEditor/Views/ContextMenu.cs
 0.1 kb	 0.0% Packages/com.unity.inputsystem/InputSystem/Editor/Internal/GUIHelpers.cs
 0.1 kb	 0.0% Packages/com.unity.inputsystem/InputSystem/Devices/TrackedDevice.cs
 0.1 kb	 0.0% Packages/com.unity.inputsystem/InputSystem/Devices/Remote/InputRemoting.cs
 0.1 kb	 0.0% Packages/com.unity.inputsystem/InputSystem/Devices/Precompiled/FastTouchscreen.cs
 0.1 kb	 0.0% Packages/com.unity.inputsystem/InputSystem/Devices/Precompiled/FastMouse.partial.cs
 0.1 kb	 0.0% Packages/com.unity.inputsystem/InputSystem/Devices/IEventMerger.cs
 0.1 kb	 0.0% Packages/com.unity.inputsystem/InputSystem/Controls/TouchControl.cs
 0.1 kb	 0.0% Packages/com.unity.inputsystem/InputSystem/Controls/StickControl.cs
 0.1 kb	 0.0% Packages/com.unity.inputsystem/InputSystem/Controls/KeyControl.cs
 0.1 kb	 0.0% Packages/com.unity.inputsystem/InputSystem/Controls/InputProcessor.cs
 0.1 kb	 0.0% Packages/com.unity.inputsystem/InputSystem/Controls/InputControlPath.cs
 0.1 kb	 0.0% Packages/com.unity.inputsystem/InputSystem/Controls/DpadControl.cs
 0.1 kb	 0.0% Packages/com.unity.inputsystem/InputSystem/Controls/DeltaControl.cs
 0.1 kb	 0.0% Packages/com.unity.inputsystem/InputSystem/Controls/AxisControl.cs
 0.1 kb	 0.0% Packages/com.unity.inputsystem/InputSystem/Actions/InputActionState.cs
 0.1 kb	 0.0% Packages/com.unity.inputsystem/InputSystem/Actions/InputActionMap.cs
 0.1 kb	 0.0% Packages/com.unity.inputsystem/InputSystem/Actions/InputActionAsset.cs
 0.1 kb	 0.0% Packages/com.unity.collections/Unity.Collections/UnsafeQueue.cs
 0.1 kb	 0.0% Packages/com.unity.collections/Unity.Collections/NativeHashMap.cs
 0.1 kb	 0.0% Packages/com.unity.collections/Unity.Collections/FixedStringFormat.gen.cs
 0.1 kb	 0.0% Packages/com.unity.collections/Unity.Collections/FixedString.gen.cs
 0.1 kb	 0.0% Packages/com.meta.xr.sdk.voice/Scripts/Runtime/Service/ObjectVoiceExperience.cs
 0.1 kb	 0.0% Packages/com.meta.xr.sdk.voice/Scripts/Runtime/Logging/TTSServiceLogging.cs
 0.1 kb	 0.0% Packages/com.meta.xr.sdk.voice/Lib/Wit.ai/Scripts/Runtime/Net/PubSub/IPubSubSubscriber.cs
 0.1 kb	 0.0% Packages/com.meta.xr.sdk.voice/Lib/Wit.ai/Scripts/Runtime/Interfaces/IWitInspectorTools.cs
 0.1 kb	 0.0% Packages/com.meta.xr.sdk.voice/Lib/Wit.ai/Scripts/Runtime/Interfaces/ITranscriptionEvent.cs
 0.1 kb	 0.0% Packages/com.meta.xr.sdk.voice/Lib/Wit.ai/Scripts/Runtime/Interfaces/IDataUploadHandler.cs
 0.1 kb	 0.0% Packages/com.meta.xr.sdk.voice/Lib/Wit.ai/Scripts/Runtime/Interfaces/IAudioUploadHandler.cs
 0.1 kb	 0.0% Packages/com.meta.xr.sdk.voice/Lib/Wit.ai/Scripts/Runtime/Interfaces/IAudioInputEvents.cs
 0.1 kb	 0.0% Packages/com.meta.xr.sdk.voice/Lib/Wit.ai/Scripts/Runtime/Interfaces/IAudioEventProvider.cs
 0.1 kb	 0.0% Packages/com.meta.xr.sdk.voice/Lib/Wit.ai/Scripts/Runtime/Data/Entities/WitDynamicEntities.cs
 0.1 kb	 0.0% Packages/com.meta.xr.sdk.voice/Lib/Wit.ai/Scripts/Runtime/Data/Configuration/WitRequestOptions.cs
 0.1 kb	 0.0% Packages/com.meta.xr.sdk.voice/Lib/Wit.ai/Scripts/Runtime/Data/Configuration/WitEndpointConfig.cs
 0.1 kb	 0.0% Packages/com.meta.xr.sdk.voice/Lib/Wit.ai/Scripts/Runtime/Data/Configuration/WitConfiguration.cs
 0.1 kb	 0.0% Packages/com.meta.xr.sdk.voice/Lib/Wit.ai/Scripts/Runtime/Data/AudioBufferConfiguration.cs
 0.1 kb	 0.0% Packages/com.meta.xr.sdk.voice/Lib/Wit.ai/Scripts/Runtime/Attributes/TooltipBoxAttribute.cs
 0.1 kb	 0.0% Packages/com.meta.xr.sdk.voice/Lib/Wit.ai/Scripts/Runtime/Attributes/ObjectTypeAttribute.cs
 0.1 kb	 0.0% Packages/com.meta.xr.sdk.voice/Lib/Wit.ai/Scripts/Runtime/Attributes/HideWhenSetAttribute.cs
 0.1 kb	 0.0% Packages/com.meta.xr.sdk.voice/Lib/Wit.ai/Scripts/Runtime/Attributes/HiddenTextAttribute.cs
 0.1 kb	 0.0% Packages/com.meta.xr.sdk.voice/Lib/Wit.ai/Scripts/Runtime/Attributes/DropDownAttribute.cs
 0.1 kb	 0.0% Packages/com.meta.xr.sdk.voice/Lib/Wit.ai/Lib/Wit/Runtime/Utilities/UnityObjectExtensions.cs
 0.1 kb	 0.0% Packages/com.meta.xr.sdk.voice/Lib/Wit.ai/Lib/Wit/Runtime/Utilities/Logging/LogCategoryAttribute.cs
 0.1 kb	 0.0% Packages/com.meta.xr.sdk.voice/Lib/Wit.ai/Lib/Wit/Runtime/Utilities/Logging/ILogSource.cs
 0.1 kb	 0.0% Packages/com.meta.xr.sdk.voice/Lib/Wit.ai/Lib/Wit/Runtime/Speech/VoiceSpeechEvents.cs
 0.1 kb	 0.0% Packages/com.meta.xr.sdk.voice/Lib/Wit.ai/Lib/Wit/Runtime/Speech/ISpeechEventProvider.cs
 0.1 kb	 0.0% Packages/com.meta.xr.sdk.voice/Lib/Wit.ai/Lib/Wit/Runtime/Data/Info/WitVersionTagInfo.cs
 0.1 kb	 0.0% Packages/com.meta.xr.sdk.voice/Lib/Wit.ai/Lib/Wit/Runtime/Data/Info/WitTraitValueInfo.cs
 0.1 kb	 0.0% Packages/com.meta.xr.sdk.voice/Lib/Wit.ai/Lib/Wit/Runtime/Data/Info/WitEntityRoleInfo.cs
 0.1 kb	 0.0% Packages/com.meta.xr.sdk.voice/Lib/Wit.ai/Lib/Wit/Runtime/Data/Info/WitEntityKeywordInfo.cs
 0.1 kb	 0.0% Packages/com.meta.xr.sdk.voice/Lib/Wit.ai/Lib/Wit/Runtime/Data/Info/WitContextMapInfo.cs
 0.1 kb	 0.0% Packages/com.meta.xr.sdk.voice/Lib/Wit.ai/Features/TTS/Scripts/Runtime/UX/TTSSpeakerObserver.cs
 0.1 kb	 0.0% Packages/com.meta.xr.sdk.voice/Lib/Wit.ai/Features/TTS/Scripts/Runtime/UX/TTSSpeakerErrorLabel.cs
 0.1 kb	 0.0% Packages/com.meta.xr.sdk.voice/Lib/Wit.ai/Features/TTS/Scripts/Runtime/Interfaces/ITTSWebHandler.cs
 0.1 kb	 0.0% Packages/com.meta.xr.sdk.voice/Lib/Wit.ai/Features/TTS/Scripts/Runtime/Interfaces/ITTSEventPlayer.cs
 0.1 kb	 0.0% Packages/com.meta.xr.sdk.voice/Lib/Wit.ai/Features/TTS/Scripts/Runtime/Data/TTSEventContainer.cs
 0.1 kb	 0.0% Packages/com.meta.xr.sdk.voice/Lib/Wit.ai/Features/TTS/Scripts/Runtime/Data/TTSDiskCacheSettings.cs
 0.1 kb	 0.0% Packages/com.meta.xr.sdk.voice/Lib/Hub/Scripts/Runtime/Interfaces/IPageInfo.cs
 0.1 kb	 0.0% Packages/com.meta.xr.sdk.voice/Lib/Hub/Scripts/Runtime/Interfaces/IMetaHubPage.cs
 0.1 kb	 0.0% Packages/com.meta.xr.sdk.interaction/Runtime/Scripts/Unity/UnityCanvas/CanvasRect.cs
 0.1 kb	 0.0% Packages/com.meta.xr.sdk.interaction/Runtime/Scripts/Unity/UnityCanvas/CanvasMesh.cs
 0.1 kb	 0.0% Packages/com.meta.xr.sdk.interaction/Runtime/Scripts/Unity/Input/InputButton.cs
 0.1 kb	 0.0% Packages/com.meta.xr.sdk.interaction/Runtime/Scripts/Unity/Input/InputAxis.cs
 0.1 kb	 0.0% Packages/com.meta.xr.sdk.interaction/Runtime/Scripts/Throw/RANSACVelocity.cs
 0.1 kb	 0.0% Packages/com.meta.xr.sdk.interaction/Runtime/Scripts/Throw/IPoseInputDevice.cs
 0.1 kb	 0.0% Packages/com.meta.xr.sdk.interaction/Runtime/Scripts/PoseDetection/HmdOffset.cs
 0.1 kb	 0.0% Packages/com.meta.xr.sdk.interaction/Runtime/Scripts/PoseDetection/FingerShapes.cs
 0.1 kb	 0.0% Packages/com.meta.xr.sdk.interaction/Runtime/Scripts/Interaction/Models/HandGrab/GrabPoseScore.cs
 0.1 kb	 0.0% Packages/com.meta.xr.sdk.interaction/Runtime/Scripts/Input/OneEuroFilter/OneEuroFilter.cs
 0.1 kb	 0.0% Packages/com.meta.xr.sdk.interaction/Runtime/Scripts/Input/Hands/HandMirroring.cs
 0.1 kb	 0.0% Packages/com.meta.xr.sdk.interaction/Runtime/Scripts/Input/Hands/HandJointsCache.cs
 0.1 kb	 0.0% Packages/com.meta.xr.sdk.interaction/Runtime/Scripts/Input/Hands/HandDataAsset.cs
 0.1 kb	 0.0% Packages/com.meta.xr.sdk.interaction/Runtime/Scripts/Input/Hands/FingersMetadata.cs
 0.1 kb	 0.0% Packages/com.meta.xr.sdk.interaction/Runtime/Scripts/Input/Hands/DominantHandRef.cs
 0.1 kb	 0.0% Packages/com.meta.xr.sdk.interaction/Runtime/Scripts/Input/Hands/DataModifiers/SyntheticHand.cs
 0.1 kb	 0.0% Packages/com.meta.xr.sdk.interaction/Runtime/Scripts/Input/Hands/DataModifiers/HandFilter.cs
 0.1 kb	 0.0% Packages/com.meta.xr.sdk.interaction/Runtime/Scripts/Input/Hands/DataModifiers/FixedScaleHand.cs
 0.1 kb	 0.0% Packages/com.meta.xr.sdk.interaction/Runtime/Scripts/Input/Controllers/ControllerRef.cs
 0.1 kb	 0.0% Packages/com.meta.xr.sdk.interaction/Runtime/Scripts/Grab/SnapSurfaces/GrabPoseHelper.cs
 0.1 kb	 0.0% Packages/com.meta.xr.sdk.interaction/Runtime/Scripts/Collisions/IsSphereWithinCollider.cs
 0.1 kb	 0.0% Packages/com.meta.xr.sdk.interaction/Runtime/Scripts/Collisions/IsPointWithinCollider.cs
 0.1 kb	 0.0% Packages/com.meta.xr.sdk.interaction/Runtime/Scripts/Collisions/ClosestPointToColliders.cs
 0.1 kb	 0.0% Packages/com.meta.xr.sdk.interaction/Runtime/Scripts/Body/BodyDebugGizmos.cs
 0.1 kb	 0.0% Packages/com.meta.xr.sdk.interaction/Runtime/Sample/Scripts/PanelWithManipulators/SkinnedRoundedBoxMesh.cs
 0.1 kb	 0.0% Packages/com.meta.xr.sdk.interaction/Runtime/Sample/Scripts/PanelWithManipulators/ColliderSizeConstraint.cs
 0.1 kb	 0.0% Packages/com.meta.xr.sdk.interaction/Runtime/Sample/Scripts/HandGrabUse/Effects/WaterSpray/WaterSpray.cs
 0.1 kb	 0.0% Packages/com.meta.xr.sdk.interaction/Runtime/Sample/Scripts/ComprehensiveRigExampleUI/RoundedBoxUIProperties.cs
 0.1 kb	 0.0% Packages/com.meta.xr.sdk.interaction/Runtime/Sample/Scripts/ComprehensiveRigExampleUI/CanvasGroupAlphaToggle.cs
 0.1 kb	 0.0% Packages/com.meta.xr.sdk.interaction/Runtime/OpenXR/OpenXRHandPrimitives.cs
 0.1 kb	 0.0% Packages/com.meta.xr.sdk.interaction.ovr/Runtime/Scripts/Input/OVRButtonAxis1D.cs
 0.1 kb	 0.0% Packages/com.meta.xr.sdk.interaction.ovr/Runtime/Scripts/Input/OVRButton.cs
 0.1 kb	 0.0% Packages/com.meta.xr.sdk.interaction.ovr/Runtime/Scripts/Input/OVRAxis2D.cs
 0.1 kb	 0.0% Packages/com.meta.xr.sdk.interaction.ovr/Runtime/Scripts/Input/OVRAxis1D.cs
 0.1 kb	 0.0% Packages/com.meta.xr.sdk.core/Scripts/Util/SampleMetadata/MetaCodeSampleAttribute.cs
 0.1 kb	 0.0% Packages/com.meta.xr.sdk.core/Scripts/Util/OVRPointerEventData.cs
 0.1 kb	 0.0% Packages/com.meta.xr.sdk.core/Scripts/Util/OVRPhysicsRaycaster.cs
 0.1 kb	 0.0% Packages/com.meta.xr.sdk.core/Scripts/Util/OVRMixedRealityCaptureSettings.cs
 0.1 kb	 0.0% Packages/com.meta.xr.sdk.core/Scripts/OVRVirtualKeyboard/OVRVirtualKeyboardSampleControls.cs
 0.1 kb	 0.0% Packages/com.meta.xr.sdk.core/Scripts/ImmersiveDebugger/UserInterface/Resources/Styles/LayoutStyles/SliderBackground.asset
 0.1 kb	 0.0% Packages/com.meta.xr.sdk.core/Scripts/ImmersiveDebugger/UserInterface/Resources/Styles/LayoutStyles/PanelScrollView.asset
 0.1 kb	 0.0% Packages/com.meta.xr.sdk.core/Scripts/ImmersiveDebugger/UserInterface/Resources/Styles/LayoutStyles/MiniCounterValue.asset
 0.1 kb	 0.0% Packages/com.meta.xr.sdk.core/Scripts/ImmersiveDebugger/UserInterface/Resources/Styles/LayoutStyles/MemberValueFlex.asset
 0.1 kb	 0.0% Packages/com.meta.xr.sdk.core/Scripts/ImmersiveDebugger/UserInterface/Resources/Styles/LayoutStyles/MemberDescriptor.asset
 0.1 kb	 0.0% Packages/com.meta.xr.sdk.core/Scripts/ImmersiveDebugger/UserInterface/Resources/Styles/LayoutStyles/LogsScrollView.asset
 0.1 kb	 0.0% Packages/com.meta.xr.sdk.core/Scripts/ImmersiveDebugger/UserInterface/Resources/Styles/LayoutStyles/InspectorTitle.asset
 0.1 kb	 0.0% Packages/com.meta.xr.sdk.core/Scripts/ImmersiveDebugger/UserInterface/Resources/Styles/LayoutStyles/InspectorPanel.asset
 0.1 kb	 0.0% Packages/com.meta.xr.sdk.core/Scripts/ImmersiveDebugger/UserInterface/Resources/Styles/LayoutStyles/InspectorFoldout.asset
 0.1 kb	 0.0% Packages/com.meta.xr.sdk.core/Scripts/ImmersiveDebugger/UserInterface/Resources/Styles/LayoutStyles/InspectorFlex.asset
 0.1 kb	 0.0% Packages/com.meta.xr.sdk.core/Scripts/ImmersiveDebugger/UserInterface/Resources/Styles/LayoutStyles/InspectorDivFlex.asset
 0.1 kb	 0.0% Packages/com.meta.xr.sdk.core/Scripts/ImmersiveDebugger/UserInterface/Resources/Styles/LayoutStyles/FillWithMargin.asset
 0.1 kb	 0.0% Packages/com.meta.xr.sdk.core/Scripts/ImmersiveDebugger/UserInterface/Resources/Styles/LayoutStyles/ConsoleLineLabel.asset
 0.1 kb	 0.0% Packages/com.meta.xr.sdk.core/Scripts/ImmersiveDebugger/UserInterface/Resources/Styles/LayoutStyles/ConsoleLineFlex.asset
 0.1 kb	 0.0% Packages/com.meta.xr.sdk.core/Scripts/ImmersiveDebugger/UserInterface/Resources/Styles/LayoutStyles/ConsoleButtons.asset
 0.1 kb	 0.0% Packages/com.meta.xr.sdk.core/Scripts/ImmersiveDebugger/UserInterface/Resources/Styles/LayoutStyles/ConsoleButton.asset
 0.1 kb	 0.0% Packages/com.meta.xr.sdk.core/Scripts/ImmersiveDebugger/UserInterface/Resources/Styles/LayoutStyles/CategorySubLabel.asset
 0.1 kb	 0.0% Packages/com.meta.xr.sdk.core/Scripts/ImmersiveDebugger/UserInterface/Resources/Styles/LayoutStyles/CategoryLabel.asset
 0.1 kb	 0.0% Packages/com.meta.xr.sdk.core/Scripts/ImmersiveDebugger/UserInterface/Resources/Styles/LayoutStyles/CategoryButton.asset
 0.1 kb	 0.0% Packages/com.meta.xr.sdk.core/Scripts/ImmersiveDebugger/UserInterface/Resources/Styles/LayoutStyles/CategoriesDiv.asset
 0.1 kb	 0.0% Assets/Samples/Splines/2.7.2/Spline Examples (requires Shader Graph package)/Runtime/ItemPickup.cs
 0.1 kb	 0.0% Assets/Photon/Fusion/Runtime/Utilities/RunnerVisibility/RunnerVisibilityLinksRoot.cs
 0.1 kb	 0.0% Assets/Photon/Fusion/Runtime/Utilities/RunnerVisibility/RunnerLagCompensationGizmos.cs
 0.1 kb	 0.0% Assets/Photon/Fusion/Runtime/NetworkSceneManagerDefault.cs
 0.1 kb	 0.0% Assets/Photon/Fusion/Runtime/NetworkObjectProviderDefault.cs
 0.1 kb	 0.0% Assets/Photon/Fusion/Runtime/NetworkCharacterController.cs
 0.1 kb	 0.0% Assets/ERL/Scripts/Track/RacingLineGeneratorV2.cs
 0.1 kb	 0.0% Assets/ERL/Scripts/Server/GameManager.cs
 0.1 kb	 0.0% Assets/ERL/Scripts/M2MqttUnity/Scripts/M2MqttUnityClientNetwork.cs
 0.1 kb	 0.0% Assets/ERL/Scripts/M2Mqtt/Session/MqttSession.cs
 0.1 kb	 0.0% Assets/ERL/Scripts/M2Mqtt/Messages/MqttMsgBase.cs
 0.1 kb	 0.0% Assets/ERL/Scripts/Car/CarManagerLive.cs
 0.1 kb	 0.0% Assets/ERL/Scripts/Car/CarController.cs
 0.1 kb	 0.0% Packages/com.unity.xr.openxr/Runtime/OpenXRUtility.cs
 0.1 kb	 0.0% Packages/com.unity.xr.openxr/Runtime/OpenXRSettings.cs
 0.1 kb	 0.0% Packages/com.unity.xr.openxr/Runtime/OpenXRRuntime.cs
 0.1 kb	 0.0% Packages/com.unity.xr.openxr/Runtime/OpenXRRestarter.cs
 0.1 kb	 0.0% Packages/com.unity.xr.openxr/Runtime/OpenXRLoaderBase.cs
 0.1 kb	 0.0% Packages/com.unity.xr.openxr/Runtime/OpenXRAnalytics.cs
 0.1 kb	 0.0% Packages/com.unity.xr.hands/Runtime/Gestures/XRHandShape.cs
 0.1 kb	 0.0% Packages/com.unity.xr.hands/Runtime/Gestures/XRHandPose.cs
 0.1 kb	 0.0% Packages/com.unity.xr.core-utils/Runtime/XRLoggingUtils.cs
 0.1 kb	 0.0% Packages/com.unity.xr.core-utils/Runtime/UnityObjectUtils.cs
 0.1 kb	 0.0% Packages/com.unity.xr.core-utils/Runtime/SerializableGuid.cs
 0.1 kb	 0.0% Packages/com.unity.xr.core-utils/Runtime/ReflectionUtils.cs
 0.1 kb	 0.0% Packages/com.unity.xr.core-utils/Runtime/NativeArrayUtils.cs
 0.1 kb	 0.0% Packages/com.unity.xr.core-utils/Runtime/MaterialUtils.cs
 0.1 kb	 0.0% Packages/com.unity.xr.core-utils/Runtime/GeometryUtils.cs
 0.1 kb	 0.0% Packages/com.unity.xr.core-utils/Runtime/GameObjectUtils.cs
 0.1 kb	 0.0% Packages/com.unity.xr.core-utils/Runtime/Extensions/TypeExtensions.cs
 0.1 kb	 0.0% Packages/com.unity.xr.core-utils/Runtime/Extensions/StringExtensions.cs
 0.1 kb	 0.0% Packages/com.unity.xr.core-utils/Runtime/Extensions/PoseExtensions.cs
 0.1 kb	 0.0% Packages/com.unity.xr.core-utils/Runtime/Extensions/ListExtensions.cs
 0.1 kb	 0.0% Packages/com.unity.xr.core-utils/Runtime/Extensions/GuidExtensions.cs
 0.1 kb	 0.0% Packages/com.unity.xr.core-utils/Runtime/Extensions/CameraExtensions.cs
 0.1 kb	 0.0% Packages/com.unity.xr.core-utils/Runtime/Extensions/BoundsExtensions.cs
 0.1 kb	 0.0% Packages/com.unity.xr.core-utils/Runtime/Datums/StringDatum.cs
 0.1 kb	 0.0% Packages/com.unity.xr.core-utils/Runtime/Datums/FloatDatum.cs
 0.1 kb	 0.0% Packages/com.unity.xr.core-utils/Runtime/ComponentUtils.cs
 0.1 kb	 0.0% Packages/com.unity.xr.core-utils/Runtime/Bindings/EventBinding.cs
 0.1 kb	 0.0% Packages/com.unity.xr.arfoundation/Runtime/Simulation/Subsystems/Raycast/IRaycaster.cs
 0.1 kb	 0.0% Packages/com.unity.xr.arfoundation/Runtime/Simulation/Subsystems/Plane/PlaneVoxel.cs
 0.1 kb	 0.0% Packages/com.unity.xr.arfoundation/Runtime/Simulation/Environment/XRayRegion.cs
 0.1 kb	 0.0% Packages/com.unity.xr.arfoundation/Runtime/ARSubsystems/Textures/XRCpuImage/Plane.cs
 0.1 kb	 0.0% Packages/com.unity.xr.arfoundation/Runtime/ARFoundation/Assert.cs
 0.1 kb	 0.0% Packages/com.unity.ugui/Runtime/UGUI/UI/Core/SetPropertyUtility.cs
 0.1 kb	 0.0% Packages/com.unity.ugui/Runtime/UGUI/UI/Core/MaterialModifiers/IMaterialModifier.cs
 0.1 kb	 0.0% Packages/com.unity.ugui/Runtime/UGUI/UI/Core/Layout/VerticalLayoutGroup.cs
 0.1 kb	 0.0% Packages/com.unity.ugui/Runtime/UGUI/UI/Core/Layout/ContentSizeFitter.cs
 0.1 kb	 0.0% Packages/com.unity.ugui/Runtime/UGUI/UI/Core/Layout/AspectRatioFitter.cs
 0.1 kb	 0.0% Packages/com.unity.ugui/Runtime/UGUI/UI/Core/FontUpdateTracker.cs
 0.1 kb	 0.0% Packages/com.unity.ugui/Runtime/UGUI/UI/Core/CanvasUpdateRegistry.cs
 0.1 kb	 0.0% Packages/com.unity.ugui/Runtime/UGUI/UI/Core/AnimationTriggers.cs
 0.1 kb	 0.0% Packages/com.unity.ugui/Runtime/UGUI/EventSystem/UIElements/PanelRaycaster.cs
 0.1 kb	 0.0% Packages/com.unity.ugui/Runtime/UGUI/EventSystem/Raycasters/PhysicsRaycaster.cs
 0.1 kb	 0.0% Packages/com.unity.ugui/Runtime/UGUI/EventSystem/Raycasters/BaseRaycaster.cs
 0.1 kb	 0.0% Packages/com.unity.ugui/Runtime/UGUI/EventSystem/RaycasterManager.cs
 0.1 kb	 0.0% Packages/com.unity.ugui/Runtime/UGUI/EventSystem/RaycastResult.cs
 0.1 kb	 0.0% Packages/com.unity.ugui/Runtime/UGUI/EventSystem/InputModules/TouchInputModule.cs
 0.1 kb	 0.0% Packages/com.unity.ugui/Runtime/UGUI/EventSystem/InputModules/BaseInputModule.cs
 0.1 kb	 0.0% Packages/com.unity.ugui/Runtime/UGUI/EventSystem/ExecuteEvents.cs
 0.1 kb	 0.0% Packages/com.unity.ugui/Runtime/UGUI/EventSystem/EventData/PointerEventData.cs
 0.1 kb	 0.0% Packages/com.unity.ugui/Runtime/UGUI/EventSystem/EventData/BaseEventData.cs
 0.1 kb	 0.0% Packages/com.unity.ugui/Runtime/UGUI/EventSystem/EventData/AxisEventData.cs
 0.1 kb	 0.0% Packages/com.unity.ugui/Runtime/TMP/TMP_TextProcessingStack.cs
 0.1 kb	 0.0% Packages/com.unity.ugui/Runtime/TMP/TMP_FontFeaturesCommon.cs
 0.1 kb	 0.0% Packages/com.unity.render-pipelines.core/Runtime/Lights/LightAnchor.cs
 0.1 kb	 0.0% Packages/com.unity.render-pipelines.core/Runtime/GPUDriven/AABB.cs
 0.1 kb	 0.0% Packages/com.unity.mathematics/Unity.Mathematics/rigid_transform.cs
 0.1 kb	 0.0% Packages/com.unity.mathematics/Unity.Mathematics/math_unity_conversion.cs
 0.1 kb	 0.0% Packages/com.unity.mathematics/Unity.Mathematics/affine_transform.cs
 0.1 kb	 0.0% Packages/com.unity.mathematics/Unity.Mathematics/Geometry/MinMaxAABB.cs
 0.1 kb	 0.0% Packages/com.unity.learn.iet-framework/Runtime/SceneObjectGuid.cs
 0.1 kb	 0.0% Packages/com.unity.inputsystem/InputSystem/Utilities/FourCC.cs
 0.1 kb	 0.0% Packages/com.unity.inputsystem/InputSystem/Plugins/iOS/iOSSupport.cs
 0.1 kb	 0.0% Packages/com.unity.inputsystem/InputSystem/Plugins/XR/XRSupport.cs
 0.1 kb	 0.0% Packages/com.unity.inputsystem/InputSystem/Plugins/XR/GenericXRDevice.cs
 0.1 kb	 0.0% Packages/com.unity.inputsystem/InputSystem/Plugins/XR/Devices/WindowsMR.cs
 0.1 kb	 0.0% Packages/com.unity.inputsystem/InputSystem/Plugins/XR/Controls/PoseControl.cs
 0.1 kb	 0.0% Packages/com.unity.inputsystem/InputSystem/Plugins/UI/PointerModel.cs
 0.1 kb	 0.0% Packages/com.unity.inputsystem/InputSystem/Plugins/OSX/OSXSupport.cs
 0.1 kb	 0.0% Packages/com.unity.inputsystem/InputSystem/Plugins/HID/HIDSupport.cs
 0.1 kb	 0.0% Packages/com.unity.inputsystem/InputSystem/Plugins/HID/HIDParser.cs
 0.1 kb	 0.0% Packages/com.unity.collections/Unity.Collections/xxHash3.StreamingState.cs
 0.1 kb	 0.0% Packages/com.unity.collections/Unity.Collections/NativeSort.cs
 0.1 kb	 0.0% Packages/com.unity.collections/Unity.Collections/NativeBitArray.cs
 0.1 kb	 0.0% Packages/com.unity.collections/Unity.Collections/ListExtensions.cs
 0.1 kb	 0.0% Packages/com.unity.collections/Unity.Collections/Jobs/IJobParallelForDefer.cs
 0.1 kb	 0.0% Packages/com.unity.collections/Unity.Collections/Jobs/IJobParallelForBatch.cs
 0.1 kb	 0.0% Packages/com.unity.collections/Unity.Collections/FixedStringUtils.cs
 0.1 kb	 0.0% Packages/com.unity.collections/Unity.Collections/DataStreamWriter.cs
 0.1 kb	 0.0% Packages/com.unity.collections/Unity.Collections/DataStreamReader.cs
 0.1 kb	 0.0% Packages/com.unity.collections/Unity.Collections/ConcurrentMask.cs
 0.1 kb	 0.0% Packages/com.unity.collections/Unity.Collections/CollectionHelper.cs
 0.1 kb	 0.0% Packages/com.unity.collections/Unity.Collections/AllocatorManager.cs
 0.1 kb	 0.0% Packages/com.unity.burst/Runtime/SafeStringArrayHelper.cs
 0.1 kb	 0.0% Packages/com.unity.burst/Runtime/Editor/BurstEditorOptions.cs
 0.1 kb	 0.0% Packages/com.unity.burst/Runtime/Editor/BurstCompileTarget.cs
 0.1 kb	 0.0% Packages/com.unity.burst/Runtime/Editor/BurstAssemblyDisable.cs
 0.1 kb	 0.0% Packages/com.unity.burst/Runtime/BurstCompileAttribute.cs
 0.1 kb	 0.0% Packages/com.unity.ai.navigation/Runtime/NavMeshSurface.cs
 0.1 kb	 0.0% Packages/com.unity.ai.navigation/Runtime/NavMeshModifier.cs
 0.1 kb	 0.0% Packages/com.meta.xr.sdk.voice/Scripts/Runtime/UX/HierarchySimplifier.cs
 0.1 kb	 0.0% Packages/com.meta.xr.sdk.voice/Scripts/Runtime/Bindings/Android/VoiceSDKImpl.cs
 0.1 kb	 0.0% Packages/com.meta.xr.sdk.voice/Lib/Wit.ai/Scripts/Runtime/Utilities/StringToStringEvent.cs
 0.1 kb	 0.0% Packages/com.meta.xr.sdk.voice/Lib/Wit.ai/Scripts/Runtime/Utilities/Events/FloatToStringEvent.cs
 0.1 kb	 0.0% Packages/com.meta.xr.sdk.voice/Lib/Wit.ai/Scripts/Runtime/ResponseManager/ValidatePartialIntent.cs
 0.1 kb	 0.0% Packages/com.meta.xr.sdk.voice/Lib/Wit.ai/Scripts/Runtime/Requests/WitResponseDecoder.cs
 0.1 kb	 0.0% Packages/com.meta.xr.sdk.voice/Lib/Wit.ai/Scripts/Runtime/Requests/VoiceServiceRequest.cs
 0.1 kb	 0.0% Packages/com.meta.xr.sdk.voice/Lib/Wit.ai/Scripts/Runtime/Requests/UnityRequests/WitMessageVRequest.cs
 0.1 kb	 0.0% Packages/com.meta.xr.sdk.voice/Lib/Wit.ai/Scripts/Runtime/Requests/UnityRequests/TextStreamHandler.cs
 0.1 kb	 0.0% Packages/com.meta.xr.sdk.voice/Lib/Wit.ai/Scripts/Runtime/Requests/UnityRequests/IWitRequestConfiguration.cs
 0.1 kb	 0.0% Packages/com.meta.xr.sdk.voice/Lib/Wit.ai/Scripts/Runtime/Requests/UnityRequests/AudioStreamHandler.cs
 0.1 kb	 0.0% Packages/com.meta.xr.sdk.voice/Lib/Wit.ai/Scripts/Runtime/Net/WebSockets/MockWebSocket.cs
 0.1 kb	 0.0% Packages/com.meta.xr.sdk.voice/Lib/Wit.ai/Scripts/Runtime/Net/Encoding/WitChunkHeader.cs
 0.1 kb	 0.0% Packages/com.meta.xr.sdk.voice/Lib/Wit.ai/Scripts/Runtime/Lib/Mic/Common/AudioEncoding.cs
 0.1 kb	 0.0% Packages/com.meta.xr.sdk.voice/Lib/Wit.ai/Scripts/Runtime/Events/WitValidationEvent.cs
 0.1 kb	 0.0% Packages/com.meta.xr.sdk.voice/Lib/Wit.ai/Scripts/Runtime/Events/AudioBufferEvents.cs
 0.1 kb	 0.0% Packages/com.meta.xr.sdk.voice/Lib/Wit.ai/Scripts/Runtime/Conduit/Data/ConduitParameterValue.cs
 0.1 kb	 0.0% Packages/com.meta.xr.sdk.voice/Lib/Wit.ai/Scripts/Runtime/Conduit/ConduitDispatcherFactory.cs
 0.1 kb	 0.0% Packages/com.meta.xr.sdk.voice/Lib/Wit.ai/Scripts/Runtime/Conduit/Attributes/ConduitValueAttribute.cs
 0.1 kb	 0.0% Packages/com.meta.xr.sdk.voice/Lib/Wit.ai/Scripts/Runtime/Conduit/Attributes/ConduitEntityAttribute.cs
 0.1 kb	 0.0% Packages/com.meta.xr.sdk.voice/Lib/Wit.ai/Scripts/Runtime/Conduit/Attributes/ConduitAssemblyAttribute.cs
 0.1 kb	 0.0% Packages/com.meta.xr.sdk.voice/Lib/Wit.ai/Scripts/Runtime/Conduit/Attributes/ConduitActionAttribute.cs
 0.1 kb	 0.0% Packages/com.meta.xr.sdk.voice/Lib/Wit.ai/Scripts/Runtime/CallbackHandlers/WitIntentMatcher.cs
 0.1 kb	 0.0% Packages/com.meta.xr.sdk.voice/Lib/Wit.ai/Scripts/Runtime/CallbackHandlers/ConfidenceRange.cs
 0.1 kb	 0.0% Packages/com.meta.xr.sdk.voice/Lib/Wit.ai/Scripts/Runtime/Audio/Decoding/IAudioDecoder.cs
 0.1 kb	 0.0% Packages/com.meta.xr.sdk.voice/Lib/Wit.ai/Scripts/Runtime/Audio/Decoding/AudioDecoderWav.cs
 0.1 kb	 0.0% Packages/com.meta.xr.sdk.voice/Lib/Wit.ai/Scripts/Runtime/Audio/Decoding/AudioDecoderPcm.cs
 0.1 kb	 0.0% Packages/com.meta.xr.sdk.voice/Lib/Wit.ai/Scripts/Runtime/Audio/Decoding/AudioDecoderOpus.cs
 0.1 kb	 0.0% Packages/com.meta.xr.sdk.voice/Lib/Wit.ai/Scripts/Runtime/Audio/Decoding/AudioDecoderMp3.cs
 0.1 kb	 0.0% Packages/com.meta.xr.sdk.voice/Lib/Wit.ai/Scripts/Runtime/Audio/Decoding/AudioDecoderJson.cs
 0.1 kb	 0.0% Packages/com.meta.xr.sdk.voice/Lib/Wit.ai/Lib/third-party/NLayer/MpegFrameDecoder.cs
 0.1 kb	 0.0% Packages/com.meta.xr.sdk.voice/Lib/Wit.ai/Lib/third-party/NLayer/Decoder/MpegFrame.cs
 0.1 kb	 0.0% Packages/com.meta.xr.sdk.voice/Lib/Wit.ai/Lib/third-party/NLayer/Decoder/FrameBase.cs
 0.1 kb	 0.0% Packages/com.meta.xr.sdk.voice/Lib/Wit.ai/Lib/third-party/NLayer/Decoder/BitReservoir.cs
 0.1 kb	 0.0% Packages/com.meta.xr.sdk.voice/Lib/Wit.ai/Lib/Wit/Runtime/Json/JsonIgnoreAttribute.cs
 0.1 kb	 0.0% Packages/com.meta.xr.sdk.voice/Lib/Wit.ai/Lib/Wit/Runtime/Json/IJsonVariableInfo.cs
 0.1 kb	 0.0% Packages/com.meta.xr.sdk.voice/Lib/Wit.ai/Lib/Wit/Runtime/Json/IJsonDeserializer.cs
 0.1 kb	 0.0% Packages/com.meta.xr.sdk.voice/Lib/Wit.ai/Lib/Wit/Runtime/Json/DateTimeConverter.cs
 0.1 kb	 0.0% Packages/com.meta.xr.sdk.voice/Lib/Wit.ai/Lib/Wit/Runtime/Data/SimulatedResponse.cs
 0.1 kb	 0.0% Packages/com.meta.xr.sdk.voice/Lib/Wit.ai/Features/TTS/Scripts/Runtime/LipSync/ILipsyncAnimator.cs
 0.1 kb	 0.0% Packages/com.meta.xr.sdk.voice/Lib/Wit.ai/Features/TTS/Scripts/Runtime/Events/TTSStreamEvents.cs
 0.1 kb	 0.0% Packages/com.meta.xr.sdk.voice/Lib/Wit.ai/Features/TTS/Scripts/Runtime/Events/TTSSpeakerEvents.cs
 0.1 kb	 0.0% Packages/com.meta.xr.sdk.voice/Lib/Wit.ai/Features/TTS/Scripts/Runtime/Events/TTSServiceEvents.cs
 0.1 kb	 0.0% Packages/com.meta.xr.sdk.voice/Features/Dictation/source/Lib/Wit.ai/Features/dictation/Scripts/Runtime/Dictation/DictationService.cs
 0.1 kb	 0.0% Packages/com.meta.xr.sdk.voice/Features/Composer/Composer/Lib/Wit.ai/Features/composer/Scripts/Runtime/Data/ReservedPaths.cs
 0.1 kb	 0.0% Packages/com.meta.xr.sdk.voice/Features/Composer/Composer/Lib/Wit.ai/Features/composer/Scripts/Runtime/ContextEvents.cs
 0.1 kb	 0.0% Packages/com.meta.xr.sdk.voice/Features/Composer/Composer/Lib/Wit.ai/Features/composer/Scripts/Runtime/ComposerService.cs
 0.1 kb	 0.0% Packages/com.meta.xr.sdk.voice/Features/Composer/Composer/Lib/Wit.ai/Features/composer/Scripts/Runtime/ComposerEvents.cs
 0.1 kb	 0.0% Packages/com.meta.xr.sdk.platform/Scripts/VoipPCMSourceNative.cs
 0.1 kb	 0.0% Packages/com.meta.xr.sdk.platform/Scripts/StandalonePlatform.cs
 0.1 kb	 0.0% Packages/com.meta.xr.sdk.platform/Scripts/RichPresenceOptions.cs
 0.1 kb	 0.0% Packages/com.meta.xr.sdk.platform/Scripts/Models/UserCapability.cs
 0.1 kb	 0.0% Packages/com.meta.xr.sdk.platform/Scripts/Models/SystemVoipState.cs
 0.1 kb	 0.0% Packages/com.meta.xr.sdk.platform/Scripts/Models/ShareMediaResult.cs
 0.1 kb	 0.0% Packages/com.meta.xr.sdk.platform/Scripts/Models/NetSyncSession.cs
 0.1 kb	 0.0% Packages/com.meta.xr.sdk.platform/Scripts/Models/LinkedAccount.cs
 0.1 kb	 0.0% Packages/com.meta.xr.sdk.platform/Scripts/Models/LeaderboardEntry.cs
 0.1 kb	 0.0% Packages/com.meta.xr.sdk.platform/Scripts/Models/LaunchDetails.cs
 0.1 kb	 0.0% Packages/com.meta.xr.sdk.platform/Scripts/Models/LanguagePackInfo.cs
 0.1 kb	 0.0% Packages/com.meta.xr.sdk.platform/Scripts/Models/CowatchingState.cs
 0.1 kb	 0.0% Packages/com.meta.xr.sdk.platform/Scripts/Models/CowatchViewer.cs
 0.1 kb	 0.0% Packages/com.meta.xr.sdk.platform/Scripts/Models/ContentRating.cs
 0.1 kb	 0.0% Packages/com.meta.xr.sdk.platform/Scripts/Models/ChallengeEntry.cs
 0.1 kb	 0.0% Packages/com.meta.xr.sdk.platform/Scripts/GroupPresenceOptions.cs
 0.1 kb	 0.0% Packages/com.meta.xr.sdk.platform/Scripts/AvatarEditorOptions.cs
 0.1 kb	 0.0% Packages/com.meta.xr.sdk.platform/Scripts/ApplicationOptions.cs
 0.1 kb	 0.0% Packages/com.meta.xr.sdk.platform/Scripts/AbuseReportOptions.cs
 0.1 kb	 0.0% Packages/com.meta.xr.sdk.interaction/Runtime/Scripts/Utils/TransformerUtils.cs
 0.1 kb	 0.0% Packages/com.meta.xr.sdk.interaction/Runtime/Scripts/Utils/ProgressCurve.cs
 0.1 kb	 0.0% Packages/com.meta.xr.sdk.interaction/Runtime/Scripts/Utils/NativeMethods.cs
 0.1 kb	 0.0% Packages/com.meta.xr.sdk.interaction/Runtime/Scripts/Utils/ITimeConsumer.cs
 0.1 kb	 0.0% Packages/com.meta.xr.sdk.interaction/Runtime/Scripts/Utils/DeprecatedPrefab.cs
 0.1 kb	 0.0% Packages/com.meta.xr.sdk.interaction/Runtime/Scripts/Utils/BoundsExtensions.cs
 0.1 kb	 0.0% Packages/com.meta.xr.sdk.interaction/Runtime/Scripts/Unity/ToggleDeselect.cs
 0.1 kb	 0.0% Packages/com.meta.xr.sdk.interaction/Runtime/Scripts/Unity/PointableCanvas.cs
 0.1 kb	 0.0% Packages/com.meta.xr.sdk.interaction/Runtime/Scripts/Unity/PhysicsGrabbable.cs
 0.1 kb	 0.0% Packages/com.meta.xr.sdk.interaction/Runtime/Scripts/Selection/Virtual/VirtualSelector.cs
 0.1 kb	 0.0% Packages/com.meta.xr.sdk.interaction/Runtime/Scripts/Selection/Hands/HandRootOffset.cs
 0.1 kb	 0.0% Packages/com.meta.xr.sdk.interaction/Runtime/Scripts/Selection/Hands/HandPointerPose.cs
 0.1 kb	 0.0% Packages/com.meta.xr.sdk.interaction/Runtime/Scripts/Selection/Hands/HandPinchOffset.cs
 0.1 kb	 0.0% Packages/com.meta.xr.sdk.interaction/Runtime/Scripts/Selection/Hands/HandJointsPose.cs
 0.1 kb	 0.0% Packages/com.meta.xr.sdk.interaction/Runtime/Scripts/Selection/Hands/FingerPinchValue.cs
 0.1 kb	 0.0% Packages/com.meta.xr.sdk.interaction/Runtime/Scripts/Selection/Hands/ConicalFrustum.cs
 0.1 kb	 0.0% Packages/com.meta.xr.sdk.interaction/Runtime/Scripts/Selection/Hands/CenterEyeOffset.cs
 0.1 kb	 0.0% Packages/com.meta.xr.sdk.interaction/Runtime/Scripts/Selection/Controllers/ControllerOffset.cs
 0.1 kb	 0.0% Packages/com.meta.xr.sdk.interaction/Runtime/Scripts/Polyline/PolylineRenderer.cs
 0.1 kb	 0.0% Packages/com.meta.xr.sdk.interaction/Runtime/Scripts/Movements/PoseTravelData.cs
 0.1 kb	 0.0% Packages/com.meta.xr.sdk.interaction/Runtime/Scripts/Interaction/Visuals/HandDebugGizmos.cs
 0.1 kb	 0.0% Packages/com.meta.xr.sdk.interaction/Runtime/Scripts/Interaction/Surfaces/PlaneSurface.cs
 0.1 kb	 0.0% Packages/com.meta.xr.sdk.interaction/Runtime/Scripts/Interaction/Pointable/VirtualPointable.cs
 0.1 kb	 0.0% Packages/com.meta.xr.sdk.interaction/Runtime/Scripts/Interaction/Pointable/PointableElement.cs
 0.1 kb	 0.0% Packages/com.meta.xr.sdk.interaction/Runtime/Scripts/Interaction/Pointable/IPointableCanvas.cs
 0.1 kb	 0.0% Packages/com.meta.xr.sdk.interaction/Runtime/Scripts/Interaction/Models/UseGrab/UseFingerCurlAPI.cs
 0.1 kb	 0.0% Packages/com.meta.xr.sdk.interaction/Runtime/Scripts/Interaction/Models/UseGrab/IFingerUseAPI.cs
 0.1 kb	 0.0% Packages/com.meta.xr.sdk.interaction/Runtime/Scripts/Interaction/Models/TouchHandGrab/TouchShadowHand.cs
 0.1 kb	 0.0% Packages/com.meta.xr.sdk.interaction/Runtime/Scripts/Interaction/Models/TouchHandGrab/IHandSphereMap.cs
 0.1 kb	 0.0% Packages/com.meta.xr.sdk.interaction/Runtime/Scripts/Interaction/Models/TouchHandGrab/HandSphereMap.cs
 0.1 kb	 0.0% Packages/com.meta.xr.sdk.interaction/Runtime/Scripts/Interaction/Models/Snap/SnapInteractor.cs
 0.1 kb	 0.0% Packages/com.meta.xr.sdk.interaction/Runtime/Scripts/Interaction/Models/Snap/SnapInteractable.cs
 0.1 kb	 0.0% Packages/com.meta.xr.sdk.interaction/Runtime/Scripts/Interaction/Models/Ray/RayInteractor.cs
 0.1 kb	 0.0% Packages/com.meta.xr.sdk.interaction/Runtime/Scripts/Interaction/Models/Ray/RayInteractable.cs
 0.1 kb	 0.0% Packages/com.meta.xr.sdk.interaction/Runtime/Scripts/Interaction/Models/Poke/PokeInteractor.cs
 0.1 kb	 0.0% Packages/com.meta.xr.sdk.interaction/Runtime/Scripts/Interaction/Models/Poke/PokeInteractable.cs
 0.1 kb	 0.0% Packages/com.meta.xr.sdk.interaction/Runtime/Scripts/Interaction/Models/Locomotion/Tunneling/TunnelingEffect.cs
 0.1 kb	 0.0% Packages/com.meta.xr.sdk.interaction/Runtime/Scripts/Interaction/Models/HandGrab/HandGrabPose.cs
 0.1 kb	 0.0% Packages/com.meta.xr.sdk.interaction/Runtime/Scripts/Interaction/Models/Grab/GrabInteractor.cs
 0.1 kb	 0.0% Packages/com.meta.xr.sdk.interaction/Runtime/Scripts/Interaction/Models/Grab/GrabInteractable.cs
 0.1 kb	 0.0% Packages/com.meta.xr.sdk.interaction/Runtime/Scripts/Interaction/Grabbable/FloatConstraint.cs
 0.1 kb	 0.0% Packages/com.meta.xr.sdk.interaction/Runtime/Scripts/Interaction/Core/UniqueIdentifier.cs
 0.1 kb	 0.0% Packages/com.meta.xr.sdk.interaction/Runtime/Scripts/Interaction/Core/IRigidbodyRef.cs
 0.1 kb	 0.0% Packages/com.meta.xr.sdk.interaction/Runtime/Scripts/Interaction/Core/IRelativeToRef.cs
 0.1 kb	 0.0% Packages/com.meta.xr.sdk.interaction/Runtime/Scripts/Interaction/Core/IInteractable.cs
 0.1 kb	 0.0% Packages/com.meta.xr.sdk.interaction/Runtime/Scripts/Interaction/Core/ICollidersRef.cs
 0.1 kb	 0.0% Packages/com.meta.xr.sdk.interaction/Runtime/Scripts/Interaction/Core/HandActiveState.cs
 0.1 kb	 0.0% Packages/com.meta.xr.sdk.interaction/Runtime/Scripts/Interaction/Core/ControllerAxis2D.cs
 0.1 kb	 0.0% Packages/com.meta.xr.sdk.interaction/Runtime/Scripts/Interaction/Core/Base/InteractorGroup.cs
 0.1 kb	 0.0% Packages/com.meta.xr.sdk.interaction/Runtime/Scripts/Interaction/Core/ActiveStateNot.cs
 0.1 kb	 0.0% Packages/com.meta.xr.sdk.interaction/Runtime/Scripts/Interaction/Core/ActiveStateGroup.cs
 0.1 kb	 0.0% Packages/com.meta.xr.sdk.interaction/Runtime/Scripts/Interaction/Core/ActiveStateGate.cs
 0.1 kb	 0.0% Packages/com.meta.xr.sdk.interaction/Runtime/Scripts/HandGlow/HandRayPinchGlow.cs
 0.1 kb	 0.0% Packages/com.meta.xr.sdk.interaction/Runtime/Scripts/Grab/HandGrabAPI.cs
 0.1 kb	 0.0% Packages/com.meta.xr.sdk.interaction/Runtime/Scripts/Grab/GrabbingRule.cs
 0.1 kb	 0.0% Packages/com.meta.xr.sdk.interaction/Runtime/Scripts/Extensions/VectorExtensions.cs
 0.1 kb	 0.0% Packages/com.meta.xr.sdk.interaction/Runtime/Scripts/DistanceGrab/Visuals/ArcTubeVisual.cs
 0.1 kb	 0.0% Packages/com.meta.xr.sdk.interaction/Runtime/Scripts/Collisions/ColliderGroup.cs
 0.1 kb	 0.0% Packages/com.meta.xr.sdk.interaction/Runtime/Scripts/Attributes/SectionAttribute.cs
 0.1 kb	 0.0% Packages/com.meta.xr.sdk.interaction/Runtime/Scripts/Attributes/HelpBoxAttribute.cs
 0.1 kb	 0.0% Packages/com.meta.xr.sdk.interaction/Runtime/Sample/Scripts/AudioTrigger.cs
 0.1 kb	 0.0% Packages/com.meta.xr.sdk.interaction/Runtime/Sample/Scripts/AudioPhysics.cs
 0.1 kb	 0.0% Packages/com.meta.xr.sdk.interaction/Runtime/OpenXR/PinchGrabAPI.cs
 0.1 kb	 0.0% Packages/com.meta.xr.sdk.interaction/Runtime/OpenXR/PalmGrabAPI.cs
 0.1 kb	 0.0% Packages/com.meta.xr.sdk.interaction.ovr/Runtime/Scripts/Input/OVRNearTouch.cs
 0.1 kb	 0.0% Packages/com.meta.xr.sdk.core/Scripts/ImmersiveDebugger/UserInterface/Resources/Styles/LayoutStyles/TextureValue.asset
 0.1 kb	 0.0% Packages/com.meta.xr.sdk.core/Scripts/ImmersiveDebugger/UserInterface/Resources/Styles/LayoutStyles/SliderPill.asset
 0.1 kb	 0.0% Packages/com.meta.xr.sdk.core/Scripts/ImmersiveDebugger/UserInterface/Resources/Styles/LayoutStyles/SliderFill.asset
 0.1 kb	 0.0% Packages/com.meta.xr.sdk.core/Scripts/ImmersiveDebugger/UserInterface/Resources/Styles/LayoutStyles/PillVertical.asset
 0.1 kb	 0.0% Packages/com.meta.xr.sdk.core/Scripts/ImmersiveDebugger/UserInterface/Resources/Styles/LayoutStyles/PanelTitle.asset
 0.1 kb	 0.0% Packages/com.meta.xr.sdk.core/Scripts/ImmersiveDebugger/UserInterface/Resources/Styles/LayoutStyles/PanelButton.asset
 0.1 kb	 0.0% Packages/com.meta.xr.sdk.core/Scripts/ImmersiveDebugger/UserInterface/Resources/Styles/LayoutStyles/MiniCounter.asset
 0.1 kb	 0.0% Packages/com.meta.xr.sdk.core/Scripts/ImmersiveDebugger/UserInterface/Resources/Styles/LayoutStyles/MiniButtons.asset
 0.1 kb	 0.0% Packages/com.meta.xr.sdk.core/Scripts/ImmersiveDebugger/UserInterface/Resources/Styles/LayoutStyles/MiniButton.asset
 0.1 kb	 0.0% Packages/com.meta.xr.sdk.core/Scripts/ImmersiveDebugger/UserInterface/Resources/Styles/LayoutStyles/MemberValue.asset
 0.1 kb	 0.0% Packages/com.meta.xr.sdk.core/Scripts/ImmersiveDebugger/UserInterface/Resources/Styles/LayoutStyles/MemberTitle.asset
 0.1 kb	 0.0% Packages/com.meta.xr.sdk.core/Scripts/ImmersiveDebugger/UserInterface/Resources/Styles/LayoutStyles/MemberSlider.asset
 0.1 kb	 0.0% Packages/com.meta.xr.sdk.core/Scripts/ImmersiveDebugger/UserInterface/Resources/Styles/LayoutStyles/MemberFlex.asset
 0.1 kb	 0.0% Packages/com.meta.xr.sdk.core/Scripts/ImmersiveDebugger/UserInterface/Resources/Styles/LayoutStyles/MemberButton.asset
 0.1 kb	 0.0% Packages/com.meta.xr.sdk.core/Scripts/ImmersiveDebugger/UserInterface/Resources/Styles/LayoutStyles/MemberAction.asset
 0.1 kb	 0.0% Packages/com.meta.xr.sdk.core/Scripts/ImmersiveDebugger/UserInterface/Resources/Styles/LayoutStyles/Interface.asset
 0.1 kb	 0.0% Packages/com.meta.xr.sdk.core/Scripts/ImmersiveDebugger/UserInterface/Resources/Styles/LayoutStyles/Inspector.asset
 0.1 kb	 0.0% Packages/com.meta.xr.sdk.core/Scripts/ImmersiveDebugger/UserInterface/Resources/Styles/LayoutStyles/HierarchyDiv.asset
 0.1 kb	 0.0% Packages/com.meta.xr.sdk.core/Scripts/ImmersiveDebugger/UserInterface/Resources/Styles/LayoutStyles/DynamicSpace.asset
 0.1 kb	 0.0% Packages/com.meta.xr.sdk.core/Scripts/ImmersiveDebugger/UserInterface/Resources/Styles/LayoutStyles/ConsolePanel.asset
 0.1 kb	 0.0% Packages/com.meta.xr.sdk.core/Scripts/ImmersiveDebugger/UserInterface/Resources/Styles/LayoutStyles/ConsoleLogs.asset
 0.1 kb	 0.0% Packages/com.meta.xr.sdk.core/Scripts/ImmersiveDebugger/UserInterface/Resources/Styles/LayoutStyles/ConsoleLine.asset
 0.1 kb	 0.0% Packages/com.meta.xr.sdk.core/Scripts/ImmersiveDebugger/UserInterface/Resources/Styles/LayoutStyles/ConsoleFlex.asset
 0.1 kb	 0.0% Packages/com.meta.xr.sdk.core/Scripts/ImmersiveDebugger/UserInterface/Resources/Styles/LayoutStyles/CloseButton.asset
 0.1 kb	 0.0% Packages/com.meta.xr.sdk.core/Scripts/ImmersiveDebugger/Managers/Hooks/Hook.cs
 0.1 kb	 0.0% Packages/com.meta.xr.sdk.core/Scripts/ImmersiveDebugger/Hierarchy/Item.cs
 0.1 kb	 0.0% Packages/com.meta.xr.sdk.core/Scripts/BuildingBlocks/Telemetry.cs
 0.1 kb	 0.0% Packages/com.meta.xr.sdk.core/Scripts/BuildingBlocks/RunTimeUtils.cs
 0.1 kb	 0.0% Packages/com.meta.xr.sdk.audio/Runtime/scripts/MetaXRAudioNativeInterface.cs
 0.1 kb	 0.0% Packages/com.meta.xr.sdk.audio/Runtime/scripts/MetaXRAcousticControlZone.cs
 0.1 kb	 0.0% Packages/com.meta.xr.mrutilitykit/Core/Scripts/SceneNavigation.cs
 0.1 kb	 0.0% Packages/com.meta.xr.mrutilitykit/Core/Scripts/SceneDecorator/Modifier/Modifier.cs
 0.1 kb	 0.0% Packages/com.meta.xr.mrutilitykit/Core/Scripts/SceneDecorator/Masks/Mask2D.cs
 0.1 kb	 0.0% Packages/com.meta.xr.mrutilitykit/Core/Scripts/SceneDebugger.cs
 0.1 kb	 0.0% Packages/com.meta.xr.mrutilitykit/Core/Scripts/MRUKTrackable.cs
 0.1 kb	 0.0% Packages/com.meta.xr.mrutilitykit/Core/Scripts/GridSliceResizer.cs
 0.1 kb	 0.0% Packages/com.meta.xr.mrutilitykit/Core/Scripts/Generated/MRUKNativeFuncs.cs
 0.1 kb	 0.0% Assets/Photon/Fusion/Runtime/Statistics/FusionStatsConfig.cs
 0.1 kb	 0.0% Assets/Photon/Fusion/Runtime/Statistics/FusionStatsCanvas.cs
 0.1 kb	 0.0% Assets/MRTemplateAssets/Scripts/PositionAtStart.cs
 0.1 kb	 0.0% Assets/MRTemplateAssets/Scripts/OcclusionManager.cs
 0.1 kb	 0.0% Assets/MRTemplateAssets/Scripts/LaunchProjectile.cs
 0.1 kb	 0.0% Assets/ERL/Scripts/RestClient/Scripts/Core/Models/RequestHeader.cs
 0.1 kb	 0.0% Packages/com.unity.xr.openxr/Runtime/input/PoseControl.cs
 0.1 kb	 0.0% Packages/com.unity.xr.openxr/Runtime/input/OpenXRInput.cs
 0.1 kb	 0.0% Packages/com.unity.xr.openxr/Runtime/input/OpenXRHmd.cs
 0.1 kb	 0.0% Packages/com.unity.xr.openxr/Runtime/input/OpenXRDevice.cs
 0.1 kb	 0.0% Packages/com.unity.xr.openxr/Runtime/OpenXRConstants.cs
 0.1 kb	 0.0% Packages/com.unity.xr.hands/Runtime/XRHandSubsystem.cs
 0.1 kb	 0.0% Packages/com.unity.xr.hands/Runtime/OpenXR/HandTracking.cs
 0.1 kb	 0.0% Packages/com.unity.xr.hands/Runtime/MetaAim.deprecated.cs
 0.1 kb	 0.0% Packages/com.unity.xr.arfoundation/Runtime/Simulation/SimulationApi.cs
 0.1 kb	 0.0% Packages/com.unity.xr.arfoundation/Runtime/ARSubsystems/Textures/XRCpuImage/Api.cs
 0.1 kb	 0.0% Packages/com.unity.xr.arfoundation/Runtime/ARSubsystems/OcclusionSubsystem/XRFov.cs
 0.1 kb	 0.0% Packages/com.unity.xr.arfoundation/Runtime/ARSubsystems/GuidUtil.cs
 0.1 kb	 0.0% Packages/com.unity.xr.arfoundation/Runtime/ARSubsystems/FaceSubsystem/XRFace.cs
 0.1 kb	 0.0% Packages/com.unity.xr.arfoundation/Runtime/ARSubsystems/AnchorSubsystem/XRAnchor.cs
 0.1 kb	 0.0% Packages/com.unity.xr.arfoundation/Runtime/ARFoundation/ARPlane.cs
 0.1 kb	 0.0% Packages/com.unity.xr.arfoundation/Runtime/ARFoundation/ARFace.cs
 0.1 kb	 0.0% Packages/com.unity.xr.arfoundation/Runtime/ARFoundation/ARAnchor.cs
 0.1 kb	 0.0% Packages/com.unity.visualscripting/Runtime/VisualScripting.State/State.cs
 0.1 kb	 0.0% Packages/com.unity.visualscripting/Runtime/VisualScripting.State/IState.cs
 0.1 kb	 0.0% Packages/com.unity.visualscripting/Runtime/VisualScripting.State/AnyState.cs
 0.1 kb	 0.0% Packages/com.unity.visualscripting/Runtime/VisualScripting.Flow/IUnit.cs
 0.1 kb	 0.0% Packages/com.unity.visualscripting/Runtime/VisualScripting.Flow/Framework/Time/WaitUnit.cs
 0.1 kb	 0.0% Packages/com.unity.visualscripting/Runtime/VisualScripting.Flow/Framework/Time/Timer.cs
 0.1 kb	 0.0% Packages/com.unity.visualscripting/Runtime/VisualScripting.Flow/Framework/Time/Cooldown.cs
 0.1 kb	 0.0% Packages/com.unity.visualscripting/Runtime/VisualScripting.Flow/Framework/Logic/NotEqual.cs
 0.1 kb	 0.0% Packages/com.unity.visualscripting/Runtime/VisualScripting.Flow/Framework/Logic/Negate.cs
 0.1 kb	 0.0% Packages/com.unity.visualscripting/Runtime/VisualScripting.Flow/Framework/Logic/Greater.cs
 0.1 kb	 0.0% Packages/com.unity.visualscripting/Runtime/VisualScripting.Flow/Framework/Logic/Equal.cs
 0.1 kb	 0.0% Packages/com.unity.visualscripting/Runtime/VisualScripting.Flow/Framework/Literal.cs
 0.1 kb	 0.0% Packages/com.unity.visualscripting/Runtime/VisualScripting.Flow/Framework/Formula.cs
 0.1 kb	 0.0% Packages/com.unity.visualscripting/Runtime/VisualScripting.Flow/Framework/Events/Lifecycle/Update.cs
 0.1 kb	 0.0% Packages/com.unity.visualscripting/Runtime/VisualScripting.Flow/Framework/Events/Lifecycle/Start.cs
 0.1 kb	 0.0% Packages/com.unity.visualscripting/Runtime/VisualScripting.Flow/Framework/Events/Lifecycle/OnEnable.cs
 0.1 kb	 0.0% Packages/com.unity.visualscripting/Runtime/VisualScripting.Flow/Framework/Events/GUI/OnSubmit.cs
 0.1 kb	 0.0% Packages/com.unity.visualscripting/Runtime/VisualScripting.Flow/Framework/Events/GUI/OnSelect.cs
 0.1 kb	 0.0% Packages/com.unity.visualscripting/Runtime/VisualScripting.Flow/Framework/Events/GUI/OnScroll.cs
 0.1 kb	 0.0% Packages/com.unity.visualscripting/Runtime/VisualScripting.Flow/Framework/Events/GUI/OnMove.cs
 0.1 kb	 0.0% Packages/com.unity.visualscripting/Runtime/VisualScripting.Flow/Framework/Events/GUI/OnGUI.cs
 0.1 kb	 0.0% Packages/com.unity.visualscripting/Runtime/VisualScripting.Flow/Framework/Events/GUI/OnDrop.cs
 0.1 kb	 0.0% Packages/com.unity.visualscripting/Runtime/VisualScripting.Flow/Framework/Events/GUI/OnDrag.cs
 0.1 kb	 0.0% Packages/com.unity.visualscripting/Runtime/VisualScripting.Flow/Framework/Events/GUI/OnCancel.cs
 0.1 kb	 0.0% Packages/com.unity.visualscripting/Runtime/VisualScripting.Flow/Framework/Control/While.cs
 0.1 kb	 0.0% Packages/com.unity.visualscripting/Runtime/VisualScripting.Flow/Framework/Control/TryCatch.cs
 0.1 kb	 0.0% Packages/com.unity.visualscripting/Runtime/VisualScripting.Flow/Framework/Control/Throw.cs
 0.1 kb	 0.0% Packages/com.unity.visualscripting/Runtime/VisualScripting.Flow/Framework/Control/Sequence.cs
 0.1 kb	 0.0% Packages/com.unity.visualscripting/Runtime/VisualScripting.Flow/Framework/Control/LoopUnit.cs
 0.1 kb	 0.0% Packages/com.unity.visualscripting/Runtime/VisualScripting.Flow/Framework/Control/ForEach.cs
 0.1 kb	 0.0% Packages/com.unity.visualscripting/Runtime/VisualScripting.Flow/Framework/Control/Cache.cs
 0.1 kb	 0.0% Packages/com.unity.visualscripting/Runtime/VisualScripting.Flow/Framework/Control/Break.cs
 0.1 kb	 0.0% Packages/com.unity.visualscripting/Runtime/VisualScripting.Flow/Framework/Collections/LastItem.cs
 0.1 kb	 0.0% Packages/com.unity.visualscripting/Runtime/VisualScripting.Flow/Framework/Codebase/Expose.cs
 0.1 kb	 0.0% Packages/com.unity.visualscripting/Runtime/VisualScripting.Core/Utilities/XColor.cs
 0.1 kb	 0.0% Packages/com.unity.visualscripting/Runtime/VisualScripting.Core/Reflection/TypeName.cs
 0.1 kb	 0.0% Packages/com.unity.visualscripting/Runtime/VisualScripting.Core/Reflection/Member.cs
 0.1 kb	 0.0% Packages/com.unity.visualscripting/Runtime/VisualScripting.Core/Macros/IMacro.cs
 0.1 kb	 0.0% Packages/com.unity.visualscripting/Runtime/VisualScripting.Core/Machines/IMachine.cs
 0.1 kb	 0.0% Packages/com.unity.visualscripting/Runtime/VisualScripting.Core/Graphs/IGraph.cs
 0.1 kb	 0.0% Packages/com.unity.visualscripting/Runtime/VisualScripting.Core/Graphs/Graph.cs
 0.1 kb	 0.0% Packages/com.unity.visualscripting/Runtime/VisualScripting.Core/Events/EventBus.cs
 0.1 kb	 0.0% Packages/com.unity.visualscripting/Runtime/VisualScripting.Core/Ensure/Extensions/XString.cs
 0.1 kb	 0.0% Packages/com.unity.visualscripting/Runtime/VisualScripting.Core/Ensure/Ensure.cs
 0.1 kb	 0.0% Packages/com.unity.visualscripting/Runtime/VisualScripting.Core/Collections/AotList.cs
 0.1 kb	 0.0% Packages/com.unity.visualscripting/Runtime/VisualScripting.Core/Cloning/ICloner.cs
 0.1 kb	 0.0% Packages/com.unity.visualscripting/Runtime/VisualScripting.Core/Cloning/Cloning.cs
 0.1 kb	 0.0% Packages/com.unity.ugui/Runtime/TMP/TMPro_EventManager.cs
 0.1 kb	 0.0% Packages/com.unity.ugui/Runtime/TMP/TMP_UpdateRegistery.cs
 0.1 kb	 0.0% Packages/com.unity.ugui/Runtime/TMP/TMP_UpdateManager.cs
 0.1 kb	 0.0% Packages/com.unity.ugui/Runtime/TMP/TMP_TextUtilities.cs
 0.1 kb	 0.0% Packages/com.unity.ugui/Runtime/TMP/TMP_TextProcessingCommon.cs
 0.1 kb	 0.0% Packages/com.unity.ugui/Runtime/TMP/TMP_SpriteCharacter.cs
 0.1 kb	 0.0% Packages/com.unity.ugui/Runtime/TMP/TMP_SpriteAnimator.cs
 0.1 kb	 0.0% Packages/com.unity.ugui/Runtime/TMP/TMP_SelectionCaret.cs
 0.1 kb	 0.0% Packages/com.unity.ugui/Runtime/TMP/TMP_ResourcesManager.cs
 0.1 kb	 0.0% Packages/com.unity.ugui/Runtime/TMP/TMP_MaterialManager.cs
 0.1 kb	 0.0% Packages/com.unity.ugui/Runtime/TMP/TMP_InputValidator.cs
 0.1 kb	 0.0% Packages/com.unity.ugui/Runtime/TMP/TMP_FontFeatureTable.cs
 0.1 kb	 0.0% Packages/com.unity.ugui/Runtime/TMP/TMP_DefaultControls.cs
 0.1 kb	 0.0% Packages/com.unity.ugui/Runtime/TMP/TMP_Compatibility.cs
 0.1 kb	 0.0% Packages/com.unity.ugui/Runtime/TMP/TMP_ColorGradient.cs
 0.1 kb	 0.0% Packages/com.unity.ugui/Runtime/TMP/TMP_CharacterInfo.cs
 0.1 kb	 0.0% Packages/com.unity.ugui/Runtime/TMP/ITextPreProcessor.cs
 0.1 kb	 0.0% Packages/com.unity.ugui/Runtime/TMP/FontFeatureCommonGPOS.cs
 0.1 kb	 0.0% Packages/com.unity.splines/Runtime/SplineUtility.cs
 0.1 kb	 0.0% Packages/com.unity.splines/Runtime/SplineType.cs
 0.1 kb	 0.0% Packages/com.unity.splines/Runtime/SplineKnotIndex.cs
 0.1 kb	 0.0% Packages/com.unity.splines/Runtime/SplineFactory.cs
 0.1 kb	 0.0% Packages/com.unity.splines/Runtime/SplineExtrude.cs
 0.1 kb	 0.0% Packages/com.unity.splines/Runtime/SplineContainer.cs
 0.1 kb	 0.0% Packages/com.unity.splines/Runtime/SplineComponent.cs
 0.1 kb	 0.0% Packages/com.unity.splines/Runtime/SplineAnimate.cs
 0.1 kb	 0.0% Packages/com.unity.splines/Runtime/ISplineProvider.cs
 0.1 kb	 0.0% Packages/com.unity.splines/Runtime/ISplineContainer.cs
 0.1 kb	 0.0% Packages/com.unity.splines/Runtime/IExtrudeShape.cs
 0.1 kb	 0.0% Packages/com.unity.render-pipelines.core/Runtime/Vrs/Vrs.cs
 0.1 kb	 0.0% Packages/com.unity.render-pipelines.core/Runtime/STP/STP.cs
 0.1 kb	 0.0% Packages/com.unity.mathematics/Unity.Mathematics/double4x4.gen.cs
 0.1 kb	 0.0% Packages/com.unity.mathematics/Unity.Mathematics/double4x3.gen.cs
 0.1 kb	 0.0% Packages/com.unity.mathematics/Unity.Mathematics/double4x2.gen.cs
 0.1 kb	 0.0% Packages/com.unity.mathematics/Unity.Mathematics/double3x4.gen.cs
 0.1 kb	 0.0% Packages/com.unity.mathematics/Unity.Mathematics/double3x3.gen.cs
 0.1 kb	 0.0% Packages/com.unity.mathematics/Unity.Mathematics/double3x2.gen.cs
 0.1 kb	 0.0% Packages/com.unity.mathematics/Unity.Mathematics/double2x4.gen.cs
 0.1 kb	 0.0% Packages/com.unity.mathematics/Unity.Mathematics/double2x3.gen.cs
 0.1 kb	 0.0% Packages/com.unity.mathematics/Unity.Mathematics/double2x2.gen.cs
 0.1 kb	 0.0% Packages/com.unity.inputsystem/InputSystem/Plugins/PlayerInput/PlayerInput.cs
 0.1 kb	 0.0% Packages/com.unity.inputsystem/InputSystem/Plugins/PlayerInput/InputValue.cs
 0.1 kb	 0.0% Packages/com.unity.inputsystem/InputSystem/InputSystem.cs
 0.1 kb	 0.0% Packages/com.unity.inputsystem/InputSystem/InputManager.cs
 0.1 kb	 0.0% Packages/com.unity.inputsystem/InputSystem/Editor/UITKAssetEditor/Commands/Commands.cs
 0.1 kb	 0.0% Packages/com.unity.inputsystem/InputSystem/Editor/Dialog.cs
 0.1 kb	 0.0% Packages/com.unity.inputsystem/InputSystem/Devices/Touchscreen.cs
 0.1 kb	 0.0% Packages/com.unity.inputsystem/InputSystem/Devices/Precompiled/FastMouse.cs
 0.1 kb	 0.0% Packages/com.unity.inputsystem/InputSystem/Devices/Precompiled/FastKeyboard.cs
 0.1 kb	 0.0% Packages/com.unity.inputsystem/InputSystem/Devices/InputDevice.cs
 0.1 kb	 0.0% Packages/com.unity.inputsystem/InputSystem/Devices/Haptics/IHaptics.cs
 0.1 kb	 0.0% Packages/com.unity.inputsystem/InputSystem/Controls/InputControl.cs
 0.1 kb	 0.0% Packages/com.unity.inputsystem/InputSystem/Controls/CommonUsages.cs
 0.1 kb	 0.0% Packages/com.unity.inputsystem/InputSystem/AssemblyInfo.cs
 0.1 kb	 0.0% Packages/com.unity.inputsystem/InputSystem/Actions/InputBinding.cs
 0.1 kb	 0.0% Packages/com.unity.inputsystem/InputSystem/Actions/InputAction.cs
 0.1 kb	 0.0% Packages/com.unity.collections/Unity.Collections/NativeText.gen.cs
 0.1 kb	 0.0% Packages/com.unity.collections/Unity.Collections/FixedList.gen.cs
 0.1 kb	 0.0% Packages/com.meta.xr.sdk.voice/Scripts/Runtime/VoiceSDKConstants.cs
 0.1 kb	 0.0% Packages/com.meta.xr.sdk.voice/Scripts/Runtime/Service/AppVoiceExperience.cs
 0.1 kb	 0.0% Packages/com.meta.xr.sdk.voice/Lib/Wit.ai/Scripts/Runtime/Net/PubSub/PubSubSettings.cs
 0.1 kb	 0.0% Packages/com.meta.xr.sdk.voice/Lib/Wit.ai/Scripts/Runtime/Net/PubSub/IPubSubAdapter.cs
 0.1 kb	 0.0% Packages/com.meta.xr.sdk.voice/Lib/Wit.ai/Scripts/Runtime/Interfaces/ISpeechEvents.cs
 0.1 kb	 0.0% Packages/com.meta.xr.sdk.voice/Lib/Wit.ai/Scripts/Runtime/Interfaces/IAudioBufferProvider.cs
 0.1 kb	 0.0% Packages/com.meta.xr.sdk.voice/Lib/Wit.ai/Scripts/Runtime/Data/Intents/WitIntentData.cs
 0.1 kb	 0.0% Packages/com.meta.xr.sdk.voice/Lib/Wit.ai/Scripts/Runtime/Data/Entities/WitEntityData.cs
 0.1 kb	 0.0% Packages/com.meta.xr.sdk.voice/Lib/Wit.ai/Scripts/Runtime/Data/Entities/WitDynamicEntity.cs
 0.1 kb	 0.0% Packages/com.meta.xr.sdk.voice/Lib/Wit.ai/Scripts/Runtime/Audio/SimulatedAudioPlayer.cs
 0.1 kb	 0.0% Packages/com.meta.xr.sdk.voice/Lib/Wit.ai/Scripts/Runtime/Audio/RawAudioClipStream.cs
 0.1 kb	 0.0% Packages/com.meta.xr.sdk.voice/Lib/Wit.ai/Scripts/Runtime/Audio/IAudioSourceProvider.cs
 0.1 kb	 0.0% Packages/com.meta.xr.sdk.voice/Lib/Wit.ai/Scripts/Runtime/Audio/IAudioClipProvider.cs
 0.1 kb	 0.0% Packages/com.meta.xr.sdk.voice/Lib/Wit.ai/Scripts/Runtime/Audio/BaseAudioClipStream.cs
 0.1 kb	 0.0% Packages/com.meta.xr.sdk.voice/Lib/Wit.ai/Scripts/Runtime/Attributes/ShowIfAttribute.cs
 0.1 kb	 0.0% Packages/com.meta.xr.sdk.voice/Lib/Wit.ai/Scripts/Runtime/Attributes/LabelAttribute.cs
 0.1 kb	 0.0% Packages/com.meta.xr.sdk.voice/Lib/Wit.ai/Scripts/Runtime/Attributes/HideIfAttribute.cs
 0.1 kb	 0.0% Packages/com.meta.xr.sdk.voice/Lib/Wit.ai/Scripts/Runtime/Attributes/ButtonAttribute.cs
 0.1 kb	 0.0% Packages/com.meta.xr.sdk.voice/Lib/Wit.ai/Lib/Wit/Runtime/Utilities/UnityEventExtensions.cs
 0.1 kb	 0.0% Packages/com.meta.xr.sdk.voice/Lib/Wit.ai/Lib/Wit/Runtime/Utilities/Logging/VLoggerFactory.cs
 0.1 kb	 0.0% Packages/com.meta.xr.sdk.voice/Lib/Wit.ai/Lib/Wit/Runtime/Utilities/Logging/UnityLogWriter.cs
 0.1 kb	 0.0% Packages/com.meta.xr.sdk.voice/Lib/Wit.ai/Lib/Wit/Runtime/Utilities/Logging/LoggingContext.cs
 0.1 kb	 0.0% Packages/com.meta.xr.sdk.voice/Lib/Wit.ai/Lib/Wit/Runtime/Utilities/Logging/LoggerRegistry.cs
 0.1 kb	 0.0% Packages/com.meta.xr.sdk.voice/Lib/Wit.ai/Lib/Wit/Runtime/Utilities/Logging/LoggerOptions.cs
 0.1 kb	 0.0% Packages/com.meta.xr.sdk.voice/Lib/Wit.ai/Lib/Wit/Runtime/Utilities/Logging/IVLoggerFactory.cs
 0.1 kb	 0.0% Packages/com.meta.xr.sdk.voice/Lib/Wit.ai/Lib/Wit/Runtime/Utilities/Logging/ILoggerRegistry.cs
 0.1 kb	 0.0% Packages/com.meta.xr.sdk.voice/Lib/Wit.ai/Lib/Wit/Runtime/Utilities/Logging/IErrorMitigator.cs
 0.1 kb	 0.0% Packages/com.meta.xr.sdk.voice/Lib/Wit.ai/Lib/Wit/Runtime/Utilities/Logging/ErrorMitigator.cs
 0.1 kb	 0.0% Packages/com.meta.xr.sdk.voice/Lib/Wit.ai/Lib/Wit/Runtime/Utilities/Logging/CorrelationID.cs
 0.1 kb	 0.0% Packages/com.meta.xr.sdk.voice/Lib/Wit.ai/Lib/Wit/Runtime/Utilities/EnumerableExtensions.cs
 0.1 kb	 0.0% Packages/com.meta.xr.sdk.voice/Lib/Wit.ai/Lib/Wit/Runtime/Utilities/ComponentExtensions.cs
 0.1 kb	 0.0% Packages/com.meta.xr.sdk.voice/Lib/Wit.ai/Lib/Wit/Runtime/Data/Info/WitIntentInfo.cs
 0.1 kb	 0.0% Packages/com.meta.xr.sdk.voice/Lib/Wit.ai/Lib/Wit/Runtime/Data/Info/WitExportInfo.cs
 0.1 kb	 0.0% Packages/com.meta.xr.sdk.voice/Lib/Wit.ai/Lib/Wit/Runtime/Data/Info/WitEntityInfo.cs
 0.1 kb	 0.0% Packages/com.meta.xr.sdk.voice/Lib/Wit.ai/Features/TTS/Scripts/Runtime/UX/TTSSpeakerInput.cs
 0.1 kb	 0.0% Packages/com.meta.xr.sdk.voice/Lib/Wit.ai/Features/TTS/Scripts/Runtime/Integrations/TTSDiskCache.cs
 0.1 kb	 0.0% Packages/com.meta.xr.sdk.voice/Lib/Wit.ai/Features/TTS/Scripts/Runtime/Data/TTSVoiceSettings.cs
 0.1 kb	 0.0% Packages/com.meta.xr.sdk.voice/Lib/Wit.ai/Features/TTS/Scripts/Runtime/Data/TTSVisemeEvent.cs
 0.1 kb	 0.0% Packages/com.meta.xr.sdk.voice/Lib/Wit.ai/Features/TTS/Scripts/Runtime/Data/TTSStringEvent.cs
 0.1 kb	 0.0% Packages/com.meta.xr.sdk.voice/Lib/Wit.ai/Features/TTS/Scripts/Runtime/Data/TTSPhonemeEvent.cs
 0.1 kb	 0.0% Packages/com.meta.xr.sdk.voice/Lib/Wit.ai/Features/TTS/Scripts/Runtime/Data/TTSEmoteEvent.cs
 0.1 kb	 0.0% Packages/com.meta.xr.sdk.voice/Lib/Wit.ai/Features/TTS/Scripts/Runtime/Data/TTSActionEvent.cs
 0.1 kb	 0.0% Packages/com.meta.xr.sdk.interaction/Runtime/Scripts/Unity/Input/InputKey.cs
 0.1 kb	 0.0% Packages/com.meta.xr.sdk.interaction/Runtime/Scripts/PoseDetection/Sequence.cs
 0.1 kb	 0.0% Packages/com.meta.xr.sdk.interaction/Runtime/Scripts/Input/Hands/ShadowHand.cs
 0.1 kb	 0.0% Packages/com.meta.xr.sdk.interaction/Runtime/Scripts/Input/HMD/HmdDataAsset.cs
 0.1 kb	 0.0% Packages/com.meta.xr.sdk.interaction/Runtime/Scripts/Input/DataSource.cs
 0.1 kb	 0.0% Packages/com.meta.xr.sdk.interaction/Runtime/Scripts/Input/Controllers/IController.cs
 0.1 kb	 0.0% Packages/com.meta.xr.sdk.interaction/Runtime/Scripts/Input/Controllers/Controller.cs
 0.1 kb	 0.0% Packages/com.meta.xr.sdk.interaction/Runtime/Scripts/Body/Input/IBody.cs
 0.1 kb	 0.0% Packages/com.meta.xr.sdk.interaction/Runtime/Sample/Scripts/PanelWithManipulators/CanvasSizeConstraint.cs
 0.1 kb	 0.0% Packages/com.meta.xr.sdk.interaction/Runtime/Sample/Scripts/HandGrabUse/Effects/MeshBlit.cs
 0.1 kb	 0.0% Packages/com.meta.xr.sdk.interaction/Runtime/Sample/Scripts/ComprehensiveRigExampleUI/RectSizeConstraint.cs
 0.1 kb	 0.0% Packages/com.meta.xr.sdk.interaction/Runtime/Sample/Scripts/ComprehensiveRigExampleUI/GridSpacingScaler.cs
 0.1 kb	 0.0% Packages/com.meta.xr.sdk.core/Scripts/Util/OVRMixedRealityCaptureTest.cs
 0.1 kb	 0.0% Packages/com.meta.xr.sdk.core/Scripts/Util/OVRInputModule.cs
 0.1 kb	 0.0% Packages/com.meta.xr.sdk.core/Scripts/OpenXRFeatures/MetaXRSubsampledLayout.cs
 0.1 kb	 0.0% Packages/com.meta.xr.sdk.core/Scripts/OpenXRFeatures/MetaXRFoveationFeature.cs
 0.1 kb	 0.0% Packages/com.meta.xr.sdk.core/Scripts/OVRSemanticClassification.cs
 0.1 kb	 0.0% Packages/com.meta.xr.sdk.core/Scripts/OVRSceneObjectTransformType.cs
 0.1 kb	 0.0% Packages/com.meta.xr.sdk.core/Scripts/OVROverlayCanvas_TMPChanged.cs
 0.1 kb	 0.0% Packages/com.meta.xr.sdk.core/Scripts/OVRMicrogestureEventSource.cs
 0.1 kb	 0.0% Packages/com.meta.xr.sdk.core/Scripts/ImmersiveDebugger/UserInterface/Resources/Styles/LayoutStyles/Member.asset
 0.1 kb	 0.0% Packages/com.meta.xr.sdk.core/Scripts/ImmersiveDebugger/UserInterface/Resources/Styles/LayoutStyles/Foldout.asset
 0.1 kb	 0.0% Packages/com.meta.xr.sdk.core/Scripts/ImmersiveDebugger/UserInterface/Resources/Styles/LayoutStyles/Default.asset
 0.1 kb	 0.0% Packages/com.meta.xr.sdk.core/Scripts/ImmersiveDebugger/UserInterface/Resources/Styles/LayoutStyles/Buttons.asset
 0.1 kb	 0.0% Packages/com.meta.xr.sdk.core/Scripts/ImmersiveDebugger/UserInterface/Resources/Styles/LayoutStyles/BarTime.asset
 0.1 kb	 0.0% Assets/Photon/Fusion/Runtime/Utilities/RunnerVisibility/RunnerEnableVisibility.cs
 0.1 kb	 0.0% Assets/Photon/Fusion/Runtime/FusionBootstrapDebugGUI.cs
 0.1 kb	 0.0% Assets/ERL/Scripts/M2MqttUnity/Scripts/M2MqttUnityClient.cs
 0.1 kb	 0.0% Assets/ERL/Scripts/M2Mqtt/Utility/Trace.cs
 0.1 kb	 0.0% Assets/ERL/Scripts/M2Mqtt/MqttSettings.cs
 0.1 kb	 0.0% Assets/ERL/Scripts/M2Mqtt/MqttClient.cs
 0.1 kb	 0.0% Packages/com.unity.xr.openxr/Runtime/OpenXRLoader.cs
 0.1 kb	 0.0% Packages/com.unity.xr.management/Runtime/XRLoader.cs
 0.1 kb	 0.0% Packages/com.unity.xr.hands/Runtime/Enums.cs
 0.1 kb	 0.0% Packages/com.unity.xr.core-utils/Runtime/UndoBlock.cs
 0.1 kb	 0.0% Packages/com.unity.xr.core-utils/Runtime/TextureUtils.cs
 0.1 kb	 0.0% Packages/com.unity.xr.core-utils/Runtime/MathUtility.cs
 0.1 kb	 0.0% Packages/com.unity.xr.core-utils/Runtime/HashCodeUtil.cs
 0.1 kb	 0.0% Packages/com.unity.xr.core-utils/Runtime/DebugDraw.cs
 0.1 kb	 0.0% Packages/com.unity.xr.core-utils/Runtime/Datums/IntDatum.cs
 0.1 kb	 0.0% Packages/com.unity.xr.core-utils/Runtime/BoundsUtils.cs
 0.1 kb	 0.0% Packages/com.unity.ugui/Runtime/UGUI/UI/Core/VertexModifiers/PositionAsUV1.cs
 0.1 kb	 0.0% Packages/com.unity.ugui/Runtime/UGUI/UI/Core/VertexModifiers/IMeshModifier.cs
 0.1 kb	 0.0% Packages/com.unity.ugui/Runtime/UGUI/UI/Core/VertexModifiers/BaseMeshEffect.cs
 0.1 kb	 0.0% Packages/com.unity.ugui/Runtime/UGUI/UI/Core/StencilMaterial.cs
 0.1 kb	 0.0% Packages/com.unity.ugui/Runtime/UGUI/UI/Core/MaskableGraphic.cs
 0.1 kb	 0.0% Packages/com.unity.ugui/Runtime/UGUI/UI/Core/MaskUtilities.cs
 0.1 kb	 0.0% Packages/com.unity.ugui/Runtime/UGUI/UI/Core/Layout/LayoutUtility.cs
 0.1 kb	 0.0% Packages/com.unity.ugui/Runtime/UGUI/UI/Core/Layout/LayoutRebuilder.cs
 0.1 kb	 0.0% Packages/com.unity.ugui/Runtime/UGUI/UI/Core/Layout/LayoutElement.cs
 0.1 kb	 0.0% Packages/com.unity.ugui/Runtime/UGUI/UI/Core/Layout/ILayoutElement.cs
 0.1 kb	 0.0% Packages/com.unity.ugui/Runtime/UGUI/UI/Core/Layout/GridLayoutGroup.cs
 0.1 kb	 0.0% Packages/com.unity.ugui/Runtime/UGUI/UI/Core/GraphicRegistry.cs
 0.1 kb	 0.0% Packages/com.unity.ugui/Runtime/UGUI/UI/Core/GraphicRaycaster.cs
 0.1 kb	 0.0% Packages/com.unity.ugui/Runtime/UGUI/UI/Core/DefaultControls.cs
 0.1 kb	 0.0% Packages/com.unity.ugui/Runtime/UGUI/UI/Core/Culling/ClipperRegistry.cs
 0.1 kb	 0.0% Packages/com.unity.ugui/Runtime/UGUI/EventSystem/UIBehaviour.cs
 0.1 kb	 0.0% Packages/com.unity.ugui/Runtime/UGUI/EventSystem/InputModules/BaseInput.cs
 0.1 kb	 0.0% Packages/com.unity.ugui/Runtime/UGUI/EventSystem/EventTrigger.cs
 0.1 kb	 0.0% Packages/com.unity.ugui/Runtime/UGUI/EventSystem/EventSystem.cs
 0.1 kb	 0.0% Packages/com.unity.ugui/Runtime/TMP/TMPro_MeshUtilities.cs
 0.1 kb	 0.0% Packages/com.unity.ugui/Runtime/TMP/TMP_ShaderUtilities.cs
 0.1 kb	 0.0% Packages/com.unity.ugui/Runtime/TMP/TMP_RichTextTagsCommon.cs
 0.1 kb	 0.0% Packages/com.unity.ugui/Runtime/TMP/TMP_FontAssetCommon.cs
 0.1 kb	 0.0% Packages/com.unity.mathematics/Unity.Mathematics/quaternion.cs
 0.1 kb	 0.0% Packages/com.unity.mathematics/Unity.Mathematics/Noise/classicnoise4D.cs
 0.1 kb	 0.0% Packages/com.unity.mathematics/Unity.Mathematics/Noise/classicnoise3D.cs
 0.1 kb	 0.0% Packages/com.unity.mathematics/Unity.Mathematics/Noise/classicnoise2D.cs
 0.1 kb	 0.0% Packages/com.unity.mathematics/Unity.Mathematics/Noise/cellular2x2x2.cs
 0.1 kb	 0.0% Packages/com.unity.mathematics/Unity.Mathematics/Geometry/Plane.cs
 0.1 kb	 0.0% Packages/com.unity.inputsystem/InputSystem/Plugins/XR/Devices/Oculus.cs
 0.1 kb	 0.0% Packages/com.unity.collections/Unity.Collections/UIntFloat.cs
 0.1 kb	 0.0% Packages/com.unity.collections/Unity.Collections/NativeStream.cs
 0.1 kb	 0.0% Packages/com.unity.collections/Unity.Collections/Jobs/EarlyInitHelpers.cs
 0.1 kb	 0.0% Packages/com.unity.burst/Runtime/Intrinsics/SimdDebugViews.cs
 0.1 kb	 0.0% Packages/com.unity.burst/Runtime/Editor/BurstReflection.cs
 0.1 kb	 0.0% Packages/com.unity.burst/Runtime/BurstCompilerOptions.cs
 0.1 kb	 0.0% Packages/com.unity.ai.navigation/Runtime/NavMeshLink.cs
 0.1 kb	 0.0% Packages/com.meta.xr.sdk.voice/Lib/Wit.ai/Scripts/Runtime/WrapHttpWebRequest.cs
 0.1 kb	 0.0% Packages/com.meta.xr.sdk.voice/Lib/Wit.ai/Scripts/Runtime/WitResultUtilities.cs
 0.1 kb	 0.0% Packages/com.meta.xr.sdk.voice/Lib/Wit.ai/Scripts/Runtime/WitRequestFactory.cs
 0.1 kb	 0.0% Packages/com.meta.xr.sdk.voice/Lib/Wit.ai/Scripts/Runtime/Utilities/WitRuntimeStyles.cs
 0.1 kb	 0.0% Packages/com.meta.xr.sdk.voice/Lib/Wit.ai/Scripts/Runtime/Utilities/ReflectionUtils.cs
 0.1 kb	 0.0% Packages/com.meta.xr.sdk.voice/Lib/Wit.ai/Scripts/Runtime/Settings/WitSettingsUtility.cs
 0.1 kb	 0.0% Packages/com.meta.xr.sdk.voice/Lib/Wit.ai/Scripts/Runtime/ResponseManager/MatchIntentRegistry.cs
 0.1 kb	 0.0% Packages/com.meta.xr.sdk.voice/Lib/Wit.ai/Scripts/Runtime/Requests/WitUnityRequest.cs
 0.1 kb	 0.0% Packages/com.meta.xr.sdk.voice/Lib/Wit.ai/Scripts/Runtime/Requests/WitSocketRequest.cs
 0.1 kb	 0.0% Packages/com.meta.xr.sdk.voice/Lib/Wit.ai/Scripts/Runtime/Requests/WitRequestSettings.cs
 0.1 kb	 0.0% Packages/com.meta.xr.sdk.voice/Lib/Wit.ai/Scripts/Runtime/Requests/UnityRequests/WitTTSVRequest.cs
 0.1 kb	 0.0% Packages/com.meta.xr.sdk.voice/Lib/Wit.ai/Scripts/Runtime/Requests/NLP/INLPRequestOptions.cs
 0.1 kb	 0.0% Packages/com.meta.xr.sdk.voice/Lib/Wit.ai/Scripts/Runtime/Requests/IVoiceRequestResults.cs
 0.1 kb	 0.0% Packages/com.meta.xr.sdk.voice/Lib/Wit.ai/Scripts/Runtime/Requests/IVoiceRequestOptions.cs
 0.1 kb	 0.0% Packages/com.meta.xr.sdk.voice/Lib/Wit.ai/Scripts/Runtime/Net/WebSockets/IWebSocket.cs
 0.1 kb	 0.0% Packages/com.meta.xr.sdk.voice/Lib/Wit.ai/Scripts/Runtime/Events/WitSampleEvent.cs
 0.1 kb	 0.0% Packages/com.meta.xr.sdk.voice/Lib/Wit.ai/Scripts/Runtime/Events/WitResponseEvent.cs
 0.1 kb	 0.0% Packages/com.meta.xr.sdk.voice/Lib/Wit.ai/Scripts/Runtime/Events/WitObjectEvent.cs
 0.1 kb	 0.0% Packages/com.meta.xr.sdk.voice/Lib/Wit.ai/Scripts/Runtime/Events/WitErrorEvent.cs
 0.1 kb	 0.0% Packages/com.meta.xr.sdk.voice/Lib/Wit.ai/Scripts/Runtime/Events/WitByteDataEvent.cs
 0.1 kb	 0.0% Packages/com.meta.xr.sdk.voice/Lib/Wit.ai/Scripts/Runtime/Events/TelemetryEvents.cs
 0.1 kb	 0.0% Packages/com.meta.xr.sdk.voice/Lib/Wit.ai/Scripts/Runtime/Events/EventRegistry.cs
 0.1 kb	 0.0% Packages/com.meta.xr.sdk.voice/Lib/Wit.ai/Scripts/Runtime/Conduit/ParameterProvider.cs
 0.1 kb	 0.0% Packages/com.meta.xr.sdk.voice/Lib/Wit.ai/Scripts/Runtime/Conduit/IParameterProvider.cs
 0.1 kb	 0.0% Packages/com.meta.xr.sdk.voice/Lib/Wit.ai/Scripts/Runtime/Conduit/IInstanceResolver.cs
 0.1 kb	 0.0% Packages/com.meta.xr.sdk.voice/Lib/Wit.ai/Scripts/Runtime/Conduit/IConduitDispatcher.cs
 0.1 kb	 0.0% Packages/com.meta.xr.sdk.voice/Lib/Wit.ai/Scripts/Runtime/Conduit/Data/ManifestParameter.cs
 0.1 kb	 0.0% Packages/com.meta.xr.sdk.voice/Lib/Wit.ai/Scripts/Runtime/Conduit/Data/ManifestErrorHandler.cs
 0.1 kb	 0.0% Packages/com.meta.xr.sdk.voice/Lib/Wit.ai/Scripts/Runtime/Conduit/Data/InvocationContext.cs
 0.1 kb	 0.0% Packages/com.meta.xr.sdk.voice/Lib/Wit.ai/Scripts/Runtime/Conduit/ConduitDispatcher.cs
 0.1 kb	 0.0% Packages/com.meta.xr.sdk.voice/Lib/Wit.ai/Scripts/Runtime/BaseSpeechService.cs
 0.1 kb	 0.0% Packages/com.meta.xr.sdk.voice/Lib/Wit.ai/Scripts/Runtime/AudioDurationTracker.cs
 0.1 kb	 0.0% Packages/com.meta.xr.sdk.voice/Lib/Wit.ai/Lib/third-party/NLayer/IMpegFrame.cs
 0.1 kb	 0.0% Packages/com.meta.xr.sdk.voice/Lib/Wit.ai/Lib/third-party/NLayer/Decoder/VBRInfo.cs
 0.1 kb	 0.0% Packages/com.meta.xr.sdk.voice/Lib/Wit.ai/Lib/third-party/NLayer/Decoder/ID3Frame.cs
 0.1 kb	 0.0% Packages/com.meta.xr.sdk.voice/Lib/Wit.ai/Lib/third-party/NLayer/Decoder/Huffman.cs
 0.1 kb	 0.0% Packages/com.meta.xr.sdk.voice/Lib/Wit.ai/Lib/Wit/Runtime/Json/WitResponseNode.cs
 0.1 kb	 0.0% Packages/com.meta.xr.sdk.voice/Lib/Wit.ai/Lib/Wit/Runtime/Json/JsonConverter.cs
 0.1 kb	 0.0% Packages/com.meta.xr.sdk.voice/Lib/Wit.ai/Lib/Wit/Runtime/Json/IJsonSerializer.cs
 0.1 kb	 0.0% Packages/com.meta.xr.sdk.voice/Lib/Wit.ai/Lib/Wit/Runtime/Json/ColorConverter.cs
 0.1 kb	 0.0% Packages/com.meta.xr.sdk.voice/Lib/Wit.ai/Features/TTS/Scripts/Runtime/Utilities/TTSSpeaker.cs
 0.1 kb	 0.0% Packages/com.meta.xr.sdk.voice/Lib/Wit.ai/Features/TTS/Scripts/Runtime/Debugger/TTSDebugger.cs
 0.1 kb	 0.0% Packages/com.meta.xr.sdk.voice/Features/Dictation/source/Lib/Wit.ai/Features/dictation/Scripts/Runtime/Dictation/WitDictation.cs
 0.1 kb	 0.0% Packages/com.meta.xr.sdk.platform/Scripts/WindowsPlatform.cs
 0.1 kb	 0.0% Packages/com.meta.xr.sdk.platform/Scripts/RosterOptions.cs
 0.1 kb	 0.0% Packages/com.meta.xr.sdk.platform/Scripts/PlatformSettings.cs
 0.1 kb	 0.0% Packages/com.meta.xr.sdk.platform/Scripts/PlatformInternal.cs
 0.1 kb	 0.0% Packages/com.meta.xr.sdk.platform/Scripts/NetSyncOptions.cs
 0.1 kb	 0.0% Packages/com.meta.xr.sdk.platform/Scripts/Models/UserReportID.cs
 0.1 kb	 0.0% Packages/com.meta.xr.sdk.platform/Scripts/Models/UserProof.cs
 0.1 kb	 0.0% Packages/com.meta.xr.sdk.platform/Scripts/Models/TrialOffer.cs
 0.1 kb	 0.0% Packages/com.meta.xr.sdk.platform/Scripts/Models/SdkAccount.cs
 0.1 kb	 0.0% Packages/com.meta.xr.sdk.platform/Scripts/Models/PingResult.cs
 0.1 kb	 0.0% Packages/com.meta.xr.sdk.platform/Scripts/Models/PaidOffer.cs
 0.1 kb	 0.0% Packages/com.meta.xr.sdk.platform/Scripts/Models/OrgScopedID.cs
 0.1 kb	 0.0% Packages/com.meta.xr.sdk.platform/Scripts/Models/ManagedInfo.cs
 0.1 kb	 0.0% Packages/com.meta.xr.sdk.platform/Scripts/Models/Leaderboard.cs
 0.1 kb	 0.0% Packages/com.meta.xr.sdk.platform/Scripts/Models/Destination.cs
 0.1 kb	 0.0% Packages/com.meta.xr.sdk.platform/Scripts/Models/Challenge.cs
 0.1 kb	 0.0% Packages/com.meta.xr.sdk.platform/Scripts/Models/BlockedUser.cs
 0.1 kb	 0.0% Packages/com.meta.xr.sdk.platform/Scripts/Models/BillingPlan.cs
 0.1 kb	 0.0% Packages/com.meta.xr.sdk.platform/Scripts/Models/AssetDetails.cs
 0.1 kb	 0.0% Packages/com.meta.xr.sdk.platform/Scripts/InviteOptions.cs
 0.1 kb	 0.0% Packages/com.meta.xr.sdk.platform/Scripts/IVoipPCMSource.cs
 0.1 kb	 0.0% Packages/com.meta.xr.sdk.platform/Scripts/ChallengeOptions.cs
 0.1 kb	 0.0% Packages/com.meta.xr.sdk.platform/Scripts/CallbackRunner.cs
 0.1 kb	 0.0% Packages/com.meta.xr.sdk.platform/Scripts/AndroidPlatform.cs
 0.1 kb	 0.0% Packages/com.meta.xr.sdk.interaction/Runtime/Scripts/Utils/SurfaceUtils.cs
 0.1 kb	 0.0% Packages/com.meta.xr.sdk.interaction/Runtime/Scripts/Utils/PoseUtils.cs
 0.1 kb	 0.0% Packages/com.meta.xr.sdk.interaction/Runtime/Scripts/Utils/FinalAction.cs
 0.1 kb	 0.0% Packages/com.meta.xr.sdk.interaction/Runtime/Scripts/Utils/ConeUtils.cs
 0.1 kb	 0.0% Packages/com.meta.xr.sdk.interaction/Runtime/Scripts/Utils/AssertUtils.cs
 0.1 kb	 0.0% Packages/com.meta.xr.sdk.interaction/Runtime/Scripts/Unity/UnityInfo.cs
 0.1 kb	 0.0% Packages/com.meta.xr.sdk.interaction/Runtime/Scripts/Shapes/ICurvedPlane.cs
 0.1 kb	 0.0% Packages/com.meta.xr.sdk.interaction/Runtime/Scripts/Selection/Hands/HandJoint.cs
 0.1 kb	 0.0% Packages/com.meta.xr.sdk.interaction/Runtime/Scripts/Polyline/DebugGizmos.cs
 0.1 kb	 0.0% Packages/com.meta.xr.sdk.interaction/Runtime/Scripts/Movements/IMovement.cs
 0.1 kb	 0.0% Packages/com.meta.xr.sdk.interaction/Runtime/Scripts/Interaction/Visuals/IHandVisual.cs
 0.1 kb	 0.0% Packages/com.meta.xr.sdk.interaction/Runtime/Scripts/Interaction/Visuals/HandVisual.cs
 0.1 kb	 0.0% Packages/com.meta.xr.sdk.interaction/Runtime/Scripts/Interaction/Surfaces/ISurface.cs
 0.1 kb	 0.0% Packages/com.meta.xr.sdk.interaction/Runtime/Scripts/Interaction/Surfaces/IPolyline.cs
 0.1 kb	 0.0% Packages/com.meta.xr.sdk.interaction/Runtime/Scripts/Interaction/Surfaces/IBounds.cs
 0.1 kb	 0.0% Packages/com.meta.xr.sdk.interaction/Runtime/Scripts/Interaction/Pointable/IPointable.cs
 0.1 kb	 0.0% Packages/com.meta.xr.sdk.interaction/Runtime/Scripts/Interaction/Models/Snap/ListLayout.cs
 0.1 kb	 0.0% Packages/com.meta.xr.sdk.interaction/Runtime/Scripts/Interaction/Models/HandGrab/HandPose.cs
 0.1 kb	 0.0% Packages/com.meta.xr.sdk.interaction/Runtime/Scripts/Interaction/Grabbable/ITransformer.cs
 0.1 kb	 0.0% Packages/com.meta.xr.sdk.interaction/Runtime/Scripts/Interaction/Grabbable/IGrabbable.cs
 0.1 kb	 0.0% Packages/com.meta.xr.sdk.interaction/Runtime/Scripts/Interaction/Grabbable/Grabbable.cs
 0.1 kb	 0.0% Packages/com.meta.xr.sdk.interaction/Runtime/Scripts/Interaction/Core/TagSetFilter.cs
 0.1 kb	 0.0% Packages/com.meta.xr.sdk.interaction/Runtime/Scripts/Interaction/Core/ISelector.cs
 0.1 kb	 0.0% Packages/com.meta.xr.sdk.interaction/Runtime/Scripts/Interaction/Core/IInteractor.cs
 0.1 kb	 0.0% Packages/com.meta.xr.sdk.interaction/Runtime/Scripts/Interaction/Core/IActiveState.cs
 0.1 kb	 0.0% Packages/com.meta.xr.sdk.interaction/Runtime/Scripts/Input/Axis1DSwitch.cs
 0.1 kb	 0.0% Packages/com.meta.xr.sdk.interaction/Runtime/Scripts/HandGlow/HandGrabGlow.cs
 0.1 kb	 0.0% Packages/com.meta.xr.sdk.interaction/Runtime/Scripts/Grab/IFingerAPI.cs
 0.1 kb	 0.0% Packages/com.meta.xr.sdk.interaction/Runtime/Scripts/DistanceGrab/Visuals/TubeRenderer.cs
 0.1 kb	 0.0% Packages/com.meta.xr.sdk.interaction/Runtime/Sample/Objects/UISet/Scripts/UITheme.cs
 0.1 kb	 0.0% Packages/com.meta.xr.sdk.interaction.ovr/Runtime/Scripts/Input/OVRTouch.cs
 0.1 kb	 0.0% Packages/com.meta.xr.sdk.haptics/Runtime/HapticClipPlayer.cs
 0.1 kb	 0.0% Packages/com.meta.xr.sdk.core/Scripts/Util/UIButtonSquishHelper.cs
 0.1 kb	 0.0% Packages/com.meta.xr.sdk.core/Scripts/InputActions/RuntimeSettings.cs
 0.1 kb	 0.0% Packages/com.meta.xr.sdk.core/Scripts/InputActions/InputActionSet.cs
 0.1 kb	 0.0% Packages/com.meta.xr.sdk.core/Scripts/ImmersiveDebugger/UserInterface/Resources/Styles/TextStyles/HierarchyItemLabelDeactivated.asset
 0.1 kb	 0.0% Packages/com.meta.xr.sdk.core/Scripts/ImmersiveDebugger/UserInterface/Resources/Styles/LayoutStyles/Fill.asset
 0.1 kb	 0.0% Packages/com.meta.xr.sdk.core/Scripts/ImmersiveDebugger/UserInterface/Resources/Styles/LayoutStyles/Bar.asset
 0.1 kb	 0.0% Packages/com.meta.xr.sdk.audio/Runtime/scripts/MetaXRAcousticSettings.cs
 0.1 kb	 0.0% Packages/com.meta.xr.sdk.audio/Runtime/scripts/MetaXRAcousticSceneGroup.cs
 0.1 kb	 0.0% Packages/com.meta.xr.sdk.audio/Runtime/scripts/MetaXRAcousticMaterial.cs
 0.1 kb	 0.0% Packages/com.meta.xr.sdk.audio/Runtime/scripts/MetaXRAcousticGeometry.cs
 0.1 kb	 0.0% Packages/com.meta.xr.mrutilitykit/Core/Scripts/Utilities.cs
 0.1 kb	 0.0% Packages/com.meta.xr.mrutilitykit/Core/Scripts/Triangulator.cs
 0.1 kb	 0.0% Packages/com.meta.xr.mrutilitykit/Core/Scripts/SpaceMapGPU.cs
 0.1 kb	 0.0% Packages/com.meta.xr.mrutilitykit/Core/Scripts/SceneDecorator/Masks/Mask.cs
 0.1 kb	 0.0% Packages/com.meta.xr.mrutilitykit/Core/Scripts/RoomGuardian.cs
 0.1 kb	 0.0% Packages/com.meta.xr.mrutilitykit/Core/Scripts/MRUKStart.cs
 0.1 kb	 0.0% Packages/com.meta.xr.mrutilitykit/Core/Scripts/MRUKNative.cs
 0.1 kb	 0.0% Packages/com.meta.xr.mrutilitykit/Core/Scripts/MRUKAssert.cs
 0.1 kb	 0.0% Packages/com.meta.xr.mrutilitykit/Core/Scripts/MRUKAnchor.cs
 0.1 kb	 0.0% Packages/com.meta.xr.mrutilitykit/Core/Scripts/LabelFilter.cs
 0.1 kb	 0.0% Packages/com.meta.xr.mrutilitykit/Core/Scripts/EffectMesh.cs
 0.1 kb	 0.0% Assets/Samples/Splines/2.7.2/Spline Examples (requires Shader Graph package)/Runtime/PaintUI.cs
 0.1 kb	 0.0% Assets/Samples/Splines/2.7.2/Spline Examples (requires Shader Graph package)/Runtime/Paint.cs
 0.1 kb	 0.0% Assets/Photon/Fusion/Runtime/Statistics/FusionStatistics.cs
 0.1 kb	 0.0% Assets/MRTemplateAssets/Scripts/ZoneScale.cs
 0.1 kb	 0.0% Assets/MRTemplateAssets/Scripts/XRBlaster.cs
 0.1 kb	 0.0% Assets/MRTemplateAssets/Scripts/TurnToFace.cs
 0.1 kb	 0.0% Assets/MRTemplateAssets/Scripts/GoalManager.cs
 0.1 kb	 0.0% Assets/MRTemplateAssets/Scripts/GazeTooltips.cs
 0.1 kb	 0.0% Assets/MRTemplateAssets/Scripts/FadeMaterial.cs
 0.1 kb	 0.0% Assets/ERL/Scripts/RestClient/Scripts/Core/RestWebClient.cs
 0.1 kb	 0.0% Packages/com.unity.xr.hands/Runtime/XRHandJoint.cs
 0.1 kb	 0.0% Packages/com.unity.xr.hands/Runtime/XRHandDevice.cs
 0.1 kb	 0.0% Packages/com.unity.visualscripting/Runtime/VisualScripting.Flow/Unit.cs
 0.1 kb	 0.0% Packages/com.unity.visualscripting/Runtime/VisualScripting.Flow/Framework/This.cs
 0.1 kb	 0.0% Packages/com.unity.visualscripting/Runtime/VisualScripting.Flow/Framework/Nulls/Null.cs
 0.1 kb	 0.0% Packages/com.unity.visualscripting/Runtime/VisualScripting.Flow/Framework/Logic/Or.cs
 0.1 kb	 0.0% Packages/com.unity.visualscripting/Runtime/VisualScripting.Flow/Framework/Logic/Less.cs
 0.1 kb	 0.0% Packages/com.unity.visualscripting/Runtime/VisualScripting.Flow/Framework/Logic/And.cs
 0.1 kb	 0.0% Packages/com.unity.visualscripting/Runtime/VisualScripting.Flow/Framework/Control/Once.cs
 0.1 kb	 0.0% Packages/com.unity.visualscripting/Runtime/VisualScripting.Flow/Framework/Control/If.cs
 0.1 kb	 0.0% Packages/com.unity.visualscripting/Runtime/VisualScripting.Flow/Framework/Control/For.cs
 0.1 kb	 0.0% Packages/com.unity.visualscripting/Runtime/VisualScripting.Flow/Flow.cs
 0.1 kb	 0.0% Packages/com.unity.ugui/Runtime/TMP/TextMeshProUGUI.cs
 0.1 kb	 0.0% Packages/com.unity.ugui/Runtime/TMP/TextContainer.cs
 0.1 kb	 0.0% Packages/com.unity.ugui/Runtime/TMP/TMP_TextElement.cs
 0.1 kb	 0.0% Packages/com.unity.ugui/Runtime/TMP/TMP_SubMeshUI.cs
 0.1 kb	 0.0% Packages/com.unity.ugui/Runtime/TMP/TMP_StyleSheet.cs
 0.1 kb	 0.0% Packages/com.unity.ugui/Runtime/TMP/TMP_SpriteGlyph.cs
 0.1 kb	 0.0% Packages/com.unity.ugui/Runtime/TMP/TMP_SpriteAsset.cs
 0.1 kb	 0.0% Packages/com.unity.ugui/Runtime/TMP/TMP_InputField.cs
 0.1 kb	 0.0% Packages/com.unity.ugui/Runtime/TMP/TMP_FontAsset.cs
 0.1 kb	 0.0% Packages/com.unity.ugui/Runtime/TMP/TMP_CoroutineTween.cs
 0.1 kb	 0.0% Packages/com.unity.ugui/Runtime/TMP/TMP_Character.cs
 0.1 kb	 0.0% Packages/com.unity.splines/Runtime/SplineRange.cs
 0.1 kb	 0.0% Packages/com.unity.splines/Runtime/SplinePath.cs
 0.1 kb	 0.0% Packages/com.unity.splines/Runtime/SplineMesh.cs
 0.1 kb	 0.0% Packages/com.unity.splines/Runtime/SplineMath.cs
 0.1 kb	 0.0% Packages/com.unity.splines/Runtime/SplineJobs.cs
 0.1 kb	 0.0% Packages/com.unity.splines/Runtime/SplineInfo.cs
 0.1 kb	 0.0% Packages/com.unity.splines/Runtime/NativeSpline.cs
 0.1 kb	 0.0% Packages/com.unity.splines/Runtime/MathUtility.cs
 0.1 kb	 0.0% Packages/com.unity.splines/Runtime/DataPoint.cs
 0.1 kb	 0.0% Packages/com.unity.splines/Runtime/CurveUtility.cs
 0.1 kb	 0.0% Packages/com.unity.splines/Runtime/BezierKnot.cs
 0.1 kb	 0.0% Packages/com.unity.splines/Runtime/BezierCurve.cs
 0.1 kb	 0.0% Packages/com.unity.splines/Runtime/ArrayUtility.cs
 0.1 kb	 0.0% Packages/com.unity.render-pipelines.universal/Shaders/Shaders.cs
 0.1 kb	 0.0% Packages/com.unity.mathematics/Unity.Mathematics/uint4x4.gen.cs
 0.1 kb	 0.0% Packages/com.unity.mathematics/Unity.Mathematics/uint4x3.gen.cs
 0.1 kb	 0.0% Packages/com.unity.mathematics/Unity.Mathematics/uint4x2.gen.cs
 0.1 kb	 0.0% Packages/com.unity.mathematics/Unity.Mathematics/uint4.gen.cs
 0.1 kb	 0.0% Packages/com.unity.mathematics/Unity.Mathematics/uint3x4.gen.cs
 0.1 kb	 0.0% Packages/com.unity.mathematics/Unity.Mathematics/uint3x3.gen.cs
 0.1 kb	 0.0% Packages/com.unity.mathematics/Unity.Mathematics/uint3x2.gen.cs
 0.1 kb	 0.0% Packages/com.unity.mathematics/Unity.Mathematics/uint3.gen.cs
 0.1 kb	 0.0% Packages/com.unity.mathematics/Unity.Mathematics/uint2x4.gen.cs
 0.1 kb	 0.0% Packages/com.unity.mathematics/Unity.Mathematics/uint2x3.gen.cs
 0.1 kb	 0.0% Packages/com.unity.mathematics/Unity.Mathematics/uint2x2.gen.cs
 0.1 kb	 0.0% Packages/com.unity.mathematics/Unity.Mathematics/uint2.gen.cs
 0.1 kb	 0.0% Packages/com.unity.mathematics/Unity.Mathematics/int4x4.gen.cs
 0.1 kb	 0.0% Packages/com.unity.mathematics/Unity.Mathematics/int4x3.gen.cs
 0.1 kb	 0.0% Packages/com.unity.mathematics/Unity.Mathematics/int4x2.gen.cs
 0.1 kb	 0.0% Packages/com.unity.mathematics/Unity.Mathematics/int3x4.gen.cs
 0.1 kb	 0.0% Packages/com.unity.mathematics/Unity.Mathematics/int3x3.gen.cs
 0.1 kb	 0.0% Packages/com.unity.mathematics/Unity.Mathematics/int3x2.gen.cs
 0.1 kb	 0.0% Packages/com.unity.mathematics/Unity.Mathematics/int2x4.gen.cs
 0.1 kb	 0.0% Packages/com.unity.mathematics/Unity.Mathematics/int2x3.gen.cs
 0.1 kb	 0.0% Packages/com.unity.mathematics/Unity.Mathematics/int2x2.gen.cs
 0.1 kb	 0.0% Packages/com.unity.mathematics/Unity.Mathematics/half4.gen.cs
 0.1 kb	 0.0% Packages/com.unity.mathematics/Unity.Mathematics/half3.gen.cs
 0.1 kb	 0.0% Packages/com.unity.mathematics/Unity.Mathematics/half2.gen.cs
 0.1 kb	 0.0% Packages/com.unity.mathematics/Unity.Mathematics/float4x4.gen.cs
 0.1 kb	 0.0% Packages/com.unity.mathematics/Unity.Mathematics/float4x3.gen.cs
 0.1 kb	 0.0% Packages/com.unity.mathematics/Unity.Mathematics/float4x2.gen.cs
 0.1 kb	 0.0% Packages/com.unity.mathematics/Unity.Mathematics/float4.gen.cs
 0.1 kb	 0.0% Packages/com.unity.mathematics/Unity.Mathematics/float3x4.gen.cs
 0.1 kb	 0.0% Packages/com.unity.mathematics/Unity.Mathematics/float3x3.gen.cs
 0.1 kb	 0.0% Packages/com.unity.mathematics/Unity.Mathematics/float3x2.gen.cs
 0.1 kb	 0.0% Packages/com.unity.mathematics/Unity.Mathematics/float3.gen.cs
 0.1 kb	 0.0% Packages/com.unity.mathematics/Unity.Mathematics/float2x4.gen.cs
 0.1 kb	 0.0% Packages/com.unity.mathematics/Unity.Mathematics/float2x3.gen.cs
 0.1 kb	 0.0% Packages/com.unity.mathematics/Unity.Mathematics/float2x2.gen.cs
 0.1 kb	 0.0% Packages/com.unity.mathematics/Unity.Mathematics/float2.gen.cs
 0.1 kb	 0.0% Packages/com.unity.mathematics/Unity.Mathematics/double4.gen.cs
 0.1 kb	 0.0% Packages/com.unity.mathematics/Unity.Mathematics/double3.gen.cs
 0.1 kb	 0.0% Packages/com.unity.mathematics/Unity.Mathematics/double2.gen.cs
 0.1 kb	 0.0% Packages/com.unity.mathematics/Unity.Mathematics/bool4x4.gen.cs
 0.1 kb	 0.0% Packages/com.unity.mathematics/Unity.Mathematics/bool4x3.gen.cs
 0.1 kb	 0.0% Packages/com.unity.mathematics/Unity.Mathematics/bool4x2.gen.cs
 0.1 kb	 0.0% Packages/com.unity.mathematics/Unity.Mathematics/bool4.gen.cs
 0.1 kb	 0.0% Packages/com.unity.mathematics/Unity.Mathematics/bool3x4.gen.cs
 0.1 kb	 0.0% Packages/com.unity.mathematics/Unity.Mathematics/bool3x3.gen.cs
 0.1 kb	 0.0% Packages/com.unity.mathematics/Unity.Mathematics/bool3x2.gen.cs
 0.1 kb	 0.0% Packages/com.unity.mathematics/Unity.Mathematics/bool3.gen.cs
 0.1 kb	 0.0% Packages/com.unity.mathematics/Unity.Mathematics/bool2x4.gen.cs
 0.1 kb	 0.0% Packages/com.unity.mathematics/Unity.Mathematics/bool2x3.gen.cs
 0.1 kb	 0.0% Packages/com.unity.mathematics/Unity.Mathematics/bool2x2.gen.cs
 0.1 kb	 0.0% Packages/com.unity.mathematics/Unity.Mathematics/bool2.gen.cs
 0.1 kb	 0.0% Packages/com.unity.mathematics/Unity.Mathematics/Noise/psrdnoise2D.cs
 0.1 kb	 0.0% Packages/com.unity.mathematics/Unity.Mathematics/Noise/noise3Dgrad.cs
 0.1 kb	 0.0% Packages/com.unity.mathematics/Unity.Mathematics/Noise/cellular3D.cs
 0.1 kb	 0.0% Packages/com.unity.mathematics/Unity.Mathematics/Noise/cellular2x2.cs
 0.1 kb	 0.0% Packages/com.unity.mathematics/Unity.Mathematics/Noise/cellular2D.cs
 0.1 kb	 0.0% Packages/com.unity.inputsystem/InputSystem/Plugins/XR/Devices/GoogleVR.cs
 0.1 kb	 0.0% Packages/com.unity.inputsystem/InputSystem/Editor/DownloadableSample.cs
 0.1 kb	 0.0% Packages/com.unity.inputsystem/InputSystem/Devices/Sensor.cs
 0.1 kb	 0.0% Packages/com.unity.inputsystem/InputSystem/Devices/Pointer.cs
 0.1 kb	 0.0% Packages/com.unity.inputsystem/InputSystem/Devices/Mouse.cs
 0.1 kb	 0.0% Packages/com.unity.inputsystem/InputSystem/Devices/Keyboard.cs
 0.1 kb	 0.0% Packages/com.unity.inputsystem/InputSystem/Devices/Joystick.cs
 0.1 kb	 0.0% Packages/com.unity.inputsystem/InputSystem/Devices/Gamepad.cs
 0.1 kb	 0.0% Packages/com.unity.collections/Unity.Collections/xxHash3.AVX2.cs
 0.1 kb	 0.0% Packages/com.unity.burst/Runtime/Intrinsics/Arm/NEON_AArch64_rdma.cs
 0.1 kb	 0.0% Packages/com.unity.burst/Runtime/Intrinsics/Arm/NEON_AArch64_dotprod.cs
 0.1 kb	 0.0% Packages/com.unity.burst/Runtime/Intrinsics/Arm/NEON_AArch64_crypto.cs
 0.1 kb	 0.0% Packages/com.meta.xr.sdk.voice/Lib/Wit.ai/Scripts/Runtime/Utilities/VoiceLipSyncMic.cs
 0.1 kb	 0.0% Packages/com.meta.xr.sdk.voice/Lib/Wit.ai/Scripts/Runtime/Data/WitStringValue.cs
 0.1 kb	 0.0% Packages/com.meta.xr.sdk.voice/Lib/Wit.ai/Scripts/Runtime/Data/WitFloatValue.cs
 0.1 kb	 0.0% Packages/com.meta.xr.sdk.voice/Lib/Wit.ai/Scripts/Runtime/Audio/UnityAudioSystem.cs
 0.1 kb	 0.0% Packages/com.meta.xr.sdk.voice/Lib/Wit.ai/Scripts/Runtime/Audio/UnityAudioPlayer.cs
 0.1 kb	 0.0% Packages/com.meta.xr.sdk.voice/Lib/Wit.ai/Scripts/Runtime/Audio/IAudioClipStream.cs
 0.1 kb	 0.0% Packages/com.meta.xr.sdk.voice/Lib/Wit.ai/Scripts/Runtime/Audio/IAudioClipSetter.cs
 0.1 kb	 0.0% Packages/com.meta.xr.sdk.voice/Lib/Wit.ai/Scripts/Runtime/Audio/BaseAudioPlayer.cs
 0.1 kb	 0.0% Packages/com.meta.xr.sdk.voice/Lib/Wit.ai/Lib/Wit/Runtime/Utilities/TypeExtensions.cs
 0.1 kb	 0.0% Packages/com.meta.xr.sdk.voice/Lib/Wit.ai/Lib/Wit/Runtime/Utilities/ThreadUtility.cs
 0.1 kb	 0.0% Packages/com.meta.xr.sdk.voice/Lib/Wit.ai/Lib/Wit/Runtime/Utilities/TaskExtensions.cs
 0.1 kb	 0.0% Packages/com.meta.xr.sdk.voice/Lib/Wit.ai/Lib/Wit/Runtime/Utilities/Logging/LazyLogger.cs
 0.1 kb	 0.0% Packages/com.meta.xr.sdk.voice/Lib/Wit.ai/Lib/Wit/Runtime/Utilities/Logging/ILogWriter.cs
 0.1 kb	 0.0% Packages/com.meta.xr.sdk.voice/Lib/Wit.ai/Lib/Wit/Runtime/Utilities/Logging/ILogScope.cs
 0.1 kb	 0.0% Packages/com.meta.xr.sdk.voice/Lib/Wit.ai/Lib/Wit/Runtime/Utilities/Logging/ICoreLogger.cs
 0.1 kb	 0.0% Packages/com.meta.xr.sdk.voice/Lib/Wit.ai/Lib/Wit/Runtime/Utilities/Logging/ErrorCode.cs
 0.1 kb	 0.0% Packages/com.meta.xr.sdk.voice/Lib/Wit.ai/Lib/Wit/Runtime/Utilities/CoroutineUtility.cs
 0.1 kb	 0.0% Packages/com.meta.xr.sdk.voice/Lib/Wit.ai/Lib/Wit/Runtime/Data/Info/WitVoiceInfo.cs
 0.1 kb	 0.0% Packages/com.meta.xr.sdk.voice/Lib/Wit.ai/Lib/Wit/Runtime/Data/Info/WitTraitInfo.cs
 0.1 kb	 0.0% Packages/com.meta.xr.sdk.voice/Lib/Wit.ai/Lib/Wit/Runtime/Data/Info/WitAppInfo.cs
 0.1 kb	 0.0% Packages/com.meta.xr.sdk.voice/Lib/Wit.ai/Features/TTS/Scripts/Runtime/Interfaces/ISpeaker.cs
 0.1 kb	 0.0% Packages/com.meta.xr.sdk.voice/Lib/Wit.ai/Features/TTS/Scripts/Runtime/Integrations/TTSWit.cs
 0.1 kb	 0.0% Packages/com.meta.xr.sdk.voice/Lib/Wit.ai/Features/TTS/Scripts/Runtime/Data/TTSWordEvent.cs
 0.1 kb	 0.0% Packages/com.meta.xr.sdk.voice/Lib/Wit.ai/Features/TTS/Scripts/Runtime/Data/TTSClipData.cs
 0.1 kb	 0.0% Packages/com.meta.xr.sdk.interaction/Runtime/Scripts/Input/IButton.cs
 0.1 kb	 0.0% Packages/com.meta.xr.sdk.interaction/Runtime/Scripts/Input/IAxis2D.cs
 0.1 kb	 0.0% Packages/com.meta.xr.sdk.interaction/Runtime/Scripts/Input/IAxis1D.cs
 0.1 kb	 0.0% Packages/com.meta.xr.sdk.interaction/Runtime/Scripts/Input/Hands/IHand.cs
 0.1 kb	 0.0% Packages/com.meta.xr.sdk.interaction/Runtime/Scripts/Input/Hands/HandRef.cs
 0.1 kb	 0.0% Packages/com.meta.xr.sdk.interaction/Runtime/Scripts/Input/HMD/HmdRef.cs
 0.1 kb	 0.0% Packages/com.meta.xr.sdk.interaction/Runtime/Scripts/Body/Input/Body.cs
 0.1 kb	 0.0% Packages/com.meta.xr.sdk.interaction/Runtime/Sample/Scripts/PanelWithManipulators/PanelHoverState.cs
 0.1 kb	 0.0% Packages/com.meta.xr.sdk.interaction/Runtime/Sample/Scripts/ComprehensiveRigExampleUI/VirtualLayout.cs
 0.1 kb	 0.0% Packages/com.meta.xr.sdk.core/Scripts/Util/SampleMetadata/SampleMetadata.cs
 0.1 kb	 0.0% Packages/com.meta.xr.sdk.core/Scripts/Util/Passthrough/OVRPassthroughColorLut.cs
 0.1 kb	 0.0% Packages/com.meta.xr.sdk.core/Scripts/Util/OVRSceneSampleController.cs
 0.1 kb	 0.0% Packages/com.meta.xr.sdk.core/Scripts/Util/OVRCustomFaceExtensions.cs
 0.1 kb	 0.0% Packages/com.meta.xr.sdk.core/Scripts/Util/OVRChromaticAberration.cs
 0.1 kb	 0.0% Packages/com.meta.xr.sdk.core/Scripts/Util/Multiplayer/OVRUnityEditorSwitcher.cs
 0.1 kb	 0.0% Packages/com.meta.xr.sdk.core/Scripts/OVRTelemetry/OVRTelemetryConstants.cs
 0.1 kb	 0.0% Packages/com.meta.xr.sdk.core/Scripts/OVRTelemetry/OVRSampledEventSender.cs
 0.1 kb	 0.0% Packages/com.meta.xr.sdk.core/Scripts/OVRSceneVolumeMeshFilter.cs
 0.1 kb	 0.0% Packages/com.meta.xr.sdk.core/Scripts/OVRScenePrefabOverride.cs
 0.1 kb	 0.0% Packages/com.meta.xr.sdk.core/Scripts/OVRScenePlaneMeshFilter.cs
 0.1 kb	 0.0% Packages/com.meta.xr.sdk.core/Scripts/OVRPermissionsRequester.cs
 0.1 kb	 0.0% Packages/com.meta.xr.sdk.core/Scripts/OVROverlayMeshGenerator.cs
 0.1 kb	 0.0% Packages/com.meta.xr.sdk.core/Scripts/OVROverlayCanvasSettings.cs
 0.1 kb	 0.0% Packages/com.meta.xr.sdk.core/Scripts/OVROverlayCanvasManager.cs
 0.1 kb	 0.0% Packages/com.meta.xr.sdk.core/Scripts/OVRMicrogesturesSample.cs
 0.1 kb	 0.0% Packages/com.meta.xr.sdk.core/Scripts/OVRGLTFAnimatinonNode.cs
 0.1 kb	 0.0% Packages/com.meta.xr.sdk.core/Scripts/OVRDebugHeadController.cs
 0.1 kb	 0.0% Packages/com.meta.xr.sdk.core/Scripts/ImmersiveDebugger/UserInterface/UIEditorSetup.cs
 0.1 kb	 0.0% Packages/com.meta.xr.sdk.core/Scripts/ImmersiveDebugger/UserInterface/Resources/Styles/TextStyles/InspectorTitleDeactivated.asset
 0.1 kb	 0.0% Packages/com.meta.xr.sdk.core/Scripts/ImmersiveDebugger/UsageExample/TestSceneUsage.cs
 0.1 kb	 0.0% Packages/com.meta.xr.sdk.core/Scripts/Composition/OVRExternalComposition.cs
 0.1 kb	 0.0% Assets/Photon/Fusion/Runtime/Utilities/RunnerVisibility/RunnerVisibilityLink.cs
 0.1 kb	 0.0% Assets/Photon/Fusion/Runtime/Utilities/RunnerVisibility/EnableOnSingleRunner.cs
 0.1 kb	 0.0% Assets/Photon/Fusion/Runtime/FusionBasicBillboard.cs
 0.1 kb	 0.0% Assets/ERL/Scripts/M2MqttUnity/Scripts/BrokerSettings.cs
 0.1 kb	 0.0% Packages/com.unity.xr.hands/Runtime/MetaAim.cs
 0.1 kb	 0.0% Packages/com.unity.xr.core-utils/Runtime/XROrigin.cs
 0.1 kb	 0.0% Packages/com.unity.xr.core-utils/Runtime/GuidUtil.cs
 0.1 kb	 0.0% Packages/com.unity.ugui/Runtime/UGUI/UI/Core/Utility/VertexHelper.cs
 0.1 kb	 0.0% Packages/com.unity.ugui/Runtime/UGUI/UI/Core/ToggleGroup.cs
 0.1 kb	 0.0% Packages/com.unity.ugui/Runtime/UGUI/UI/Core/SpriteState.cs
 0.1 kb	 0.0% Packages/com.unity.ugui/Runtime/UGUI/UI/Core/Selectable.cs
 0.1 kb	 0.0% Packages/com.unity.ugui/Runtime/UGUI/UI/Core/Scrollbar.cs
 0.1 kb	 0.0% Packages/com.unity.ugui/Runtime/UGUI/UI/Core/ScrollRect.cs
 0.1 kb	 0.0% Packages/com.unity.ugui/Runtime/UGUI/UI/Core/RectMask2D.cs
 0.1 kb	 0.0% Packages/com.unity.ugui/Runtime/UGUI/UI/Core/Navigation.cs
 0.1 kb	 0.0% Packages/com.unity.ugui/Runtime/UGUI/UI/Core/Layout/LayoutGroup.cs
 0.1 kb	 0.0% Packages/com.unity.ugui/Runtime/UGUI/UI/Core/Layout/CanvasScaler.cs
 0.1 kb	 0.0% Packages/com.unity.ugui/Runtime/UGUI/UI/Core/InputField.cs
 0.1 kb	 0.0% Packages/com.unity.ugui/Runtime/UGUI/UI/Core/IMaskable.cs
 0.1 kb	 0.0% Packages/com.unity.ugui/Runtime/UGUI/UI/Core/ColorBlock.cs
 0.1 kb	 0.0% Packages/com.unity.mathematics/Unity.Mathematics/random.cs
 0.1 kb	 0.0% Packages/com.unity.mathematics/Unity.Mathematics/matrix.gen.cs
 0.1 kb	 0.0% Packages/com.unity.mathematics/Unity.Mathematics/matrix.cs
 0.1 kb	 0.0% Packages/com.unity.mathematics/Unity.Mathematics/Noise/noise4D.cs
 0.1 kb	 0.0% Packages/com.unity.mathematics/Unity.Mathematics/Noise/noise3D.cs
 0.1 kb	 0.0% Packages/com.unity.mathematics/Unity.Mathematics/Noise/noise2D.cs
 0.1 kb	 0.0% Packages/com.unity.mathematics/Unity.Mathematics/Noise/common.cs
 0.1 kb	 0.0% Packages/com.unity.inputsystem/InputSystem/Plugins/XR/Devices/OpenVR.cs
 0.1 kb	 0.0% Packages/com.unity.inputsystem/InputSystem/Plugins/HID/HID.cs
 0.1 kb	 0.0% Packages/com.unity.collections/Unity.Collections/xxHash3.cs
 0.1 kb	 0.0% Packages/com.unity.collections/Unity.Collections/Unicode.cs
 0.1 kb	 0.0% Packages/com.unity.collections/Unity.Collections/Memory.cs
 0.1 kb	 0.0% Packages/com.unity.collections/Unity.Collections/Jobs/IJobFilter.cs
 0.1 kb	 0.0% Packages/com.unity.collections/Unity.Collections/BitField.cs
 0.1 kb	 0.0% Packages/com.unity.burst/Runtime/NoAliasAttribute.cs
 0.1 kb	 0.0% Packages/com.unity.burst/Runtime/FunctionPointer.cs
 0.1 kb	 0.0% Packages/com.unity.burst/Runtime/Editor/BurstLoader.cs
 0.1 kb	 0.0% Packages/com.unity.burst/Runtime/CompilerServices/Constant.cs
 0.1 kb	 0.0% Packages/com.unity.burst/Runtime/CompilerServices/Aliasing.cs
 0.1 kb	 0.0% Packages/com.unity.burst/Runtime/BurstString.Float.cs
 0.1 kb	 0.0% Packages/com.unity.burst/Runtime/BurstCompiler.cs
 0.1 kb	 0.0% Packages/com.unity.ai.navigation/Runtime/HelpUrls.cs
 0.1 kb	 0.0% Packages/com.meta.xr.sdk.voice/Lib/Wit.ai/Scripts/Runtime/WitAuthUtility.cs
 0.1 kb	 0.0% Packages/com.meta.xr.sdk.voice/Lib/Wit.ai/Scripts/Runtime/Utilities/IOUtility.cs
 0.1 kb	 0.0% Packages/com.meta.xr.sdk.voice/Lib/Wit.ai/Scripts/Runtime/Utilities/Events/StringEvent.cs
 0.1 kb	 0.0% Packages/com.meta.xr.sdk.voice/Lib/Wit.ai/Scripts/Runtime/Utilities/Events/CaptionEvent.cs
 0.1 kb	 0.0% Packages/com.meta.xr.sdk.voice/Lib/Wit.ai/Scripts/Runtime/Utilities/Events/CaptionData.cs
 0.1 kb	 0.0% Packages/com.meta.xr.sdk.voice/Lib/Wit.ai/Scripts/Runtime/Requests/UnityRequests/WitVRequest.cs
 0.1 kb	 0.0% Packages/com.meta.xr.sdk.voice/Lib/Wit.ai/Scripts/Runtime/Requests/UnityRequests/IWitVRequest.cs
 0.1 kb	 0.0% Packages/com.meta.xr.sdk.voice/Lib/Wit.ai/Scripts/Runtime/Requests/UnityRequests/IVRequest.cs
 0.1 kb	 0.0% Packages/com.meta.xr.sdk.voice/Lib/Wit.ai/Scripts/Runtime/Net/Encoding/WitChunk.cs
 0.1 kb	 0.0% Packages/com.meta.xr.sdk.voice/Lib/Wit.ai/Scripts/Runtime/Lib/Mic/Common/MicDebug.cs
 0.1 kb	 0.0% Packages/com.meta.xr.sdk.voice/Lib/Wit.ai/Scripts/Runtime/Lib/Mic/Common/MicBase.cs
 0.1 kb	 0.0% Packages/com.meta.xr.sdk.voice/Lib/Wit.ai/Scripts/Runtime/Interfaces/SpeechEvents.cs
 0.1 kb	 0.0% Packages/com.meta.xr.sdk.voice/Lib/Wit.ai/Scripts/Runtime/Events/VoiceEvents.cs
 0.1 kb	 0.0% Packages/com.meta.xr.sdk.voice/Lib/Wit.ai/Scripts/Runtime/Conduit/Data/ManifestLoader.cs
 0.1 kb	 0.0% Packages/com.meta.xr.sdk.voice/Lib/Wit.ai/Scripts/Runtime/Conduit/Data/ManifestEntity.cs
 0.1 kb	 0.0% Packages/com.meta.xr.sdk.voice/Lib/Wit.ai/Scripts/Runtime/Conduit/Data/ManifestAction.cs
 0.1 kb	 0.0% Packages/com.meta.xr.sdk.voice/Lib/Wit.ai/Scripts/Runtime/Conduit/Data/IManifestMethod.cs
 0.1 kb	 0.0% Packages/com.meta.xr.sdk.voice/Lib/Wit.ai/Scripts/Runtime/Conduit/Data/IManifestLoader.cs
 0.1 kb	 0.0% Packages/com.meta.xr.sdk.voice/Lib/Wit.ai/Scripts/Runtime/Conduit/ConduitUtilities.cs
 0.1 kb	 0.0% Packages/com.meta.xr.sdk.voice/Lib/Wit.ai/Lib/third-party/NLayer/MpegFile.cs
 0.1 kb	 0.0% Packages/com.meta.xr.sdk.voice/Lib/Wit.ai/Lib/Wit/Runtime/Json/JsonConvert.cs
 0.1 kb	 0.0% Packages/com.meta.xr.sdk.voice/Lib/Wit.ai/Features/TTS/Scripts/Runtime/TTSService.cs
 0.1 kb	 0.0% Packages/com.meta.xr.sdk.voice/Lib/Wit.ai/Features/TTS/Scripts/Runtime/Data/TTSEvent.cs
 0.1 kb	 0.0% Packages/com.meta.xr.sdk.platform/Scripts/VoipOptions.cs
 0.1 kb	 0.0% Packages/com.meta.xr.sdk.platform/Scripts/UserOptions.cs
 0.1 kb	 0.0% Packages/com.meta.xr.sdk.platform/Scripts/Models/Purchase.cs
 0.1 kb	 0.0% Packages/com.meta.xr.sdk.platform/Scripts/Models/Product.cs
 0.1 kb	 0.0% Packages/com.meta.xr.sdk.platform/Scripts/Models/Price.cs
 0.1 kb	 0.0% Packages/com.meta.xr.sdk.platform/Scripts/Models/PartyID.cs
 0.1 kb	 0.0% Packages/com.meta.xr.sdk.platform/Scripts/Models/Party.cs
 0.1 kb	 0.0% Packages/com.meta.xr.sdk.platform/Scripts/Models/Error.cs
 0.1 kb	 0.0% Packages/com.meta.xr.sdk.platform/Scripts/IMicrophone.cs
 0.1 kb	 0.0% Packages/com.meta.xr.sdk.platform/Scripts/EventManager.cs
 0.1 kb	 0.0% Packages/com.meta.xr.sdk.platform/Scripts/BufferedAudioStream.cs
 0.1 kb	 0.0% Packages/com.meta.xr.sdk.interaction/Runtime/Scripts/Utils/Context.cs
 0.1 kb	 0.0% Packages/com.meta.xr.sdk.interaction/Runtime/Scripts/Shapes/Cylinder.cs
 0.1 kb	 0.0% Packages/com.meta.xr.sdk.interaction/Runtime/Scripts/Interaction/Models/Grab/Tween.cs
 0.1 kb	 0.0% Packages/com.meta.xr.sdk.interaction/Runtime/Scripts/Interaction/Core/TagSet.cs
 0.1 kb	 0.0% Packages/com.meta.xr.sdk.interaction/Runtime/Scripts/Interaction/Core/IEvent.cs
 0.1 kb	 0.0% Packages/com.meta.xr.sdk.haptics/Runtime/HapticSource.cs
 0.1 kb	 0.0% Packages/com.meta.xr.sdk.haptics/Runtime/HapticClip.cs
 0.1 kb	 0.0% Packages/com.meta.xr.sdk.core/Scripts/ImmersiveDebugger/UserInterface/Resources/Styles/TextStyles/MemberDescriptorValue.asset
 0.1 kb	 0.0% Packages/com.meta.xr.sdk.core/Scripts/ImmersiveDebugger/UserInterface/Resources/Styles/TextStyles/ConsoleLogDetailsLabel.asset
 0.1 kb	 0.0% Packages/com.meta.xr.sdk.core/Scripts/BuildingBlocks/RoomMesh/RoomMeshAnchor.cs
 0.1 kb	 0.0% Packages/com.meta.xr.sdk.audio/Runtime/scripts/MetaXRAudioVersion.cs
 0.1 kb	 0.0% Packages/com.meta.xr.sdk.audio/Runtime/scripts/MetaXRAudioSource.cs
 0.1 kb	 0.0% Packages/com.meta.xr.sdk.audio/Runtime/scripts/MetaXRAudioSettings.cs
 0.1 kb	 0.0% Packages/com.meta.xr.sdk.audio/Runtime/scripts/MetaXRAcousticMap.cs
 0.1 kb	 0.0% Packages/com.meta.xr.mrutilitykit/Core/Scripts/SpaceMap.cs
 0.1 kb	 0.0% Packages/com.meta.xr.mrutilitykit/Core/Scripts/MRUKRoom.cs
 0.1 kb	 0.0% Assets/Scripts/VehicleController.cs
 0.1 kb	 0.0% Assets/Samples/Splines/2.7.2/Spline Examples (requires Shader Graph package)/Runtime/SplineCommonAPI.cs
 0.1 kb	 0.0% Assets/Samples/Splines/2.7.2/Spline Examples (requires Shader Graph package)/Runtime/SelectSplinePath.cs
 0.1 kb	 0.0% Assets/Samples/Splines/2.7.2/Spline Examples (requires Shader Graph package)/Runtime/Car.cs
 0.1 kb	 0.0% Assets/ERL/Scripts/RestClient/Scripts/Core/Models/Response.cs
 0.1 kb	 0.0% Packages/com.unity.xr.hands/Runtime/XRHand.cs
 0.1 kb	 0.0% Packages/com.unity.ugui/Runtime/UGUI/UI/Core/Culling/IClipRegion.cs
 0.1 kb	 0.0% Packages/com.unity.ugui/Runtime/TMP/TextMeshPro.cs
 0.1 kb	 0.0% Packages/com.unity.ugui/Runtime/TMP/TMP_TextInfo.cs
 0.1 kb	 0.0% Packages/com.unity.ugui/Runtime/TMP/TMP_SubMesh.cs
 0.1 kb	 0.0% Packages/com.unity.ugui/Runtime/TMP/TMP_Style.cs
 0.1 kb	 0.0% Packages/com.unity.ugui/Runtime/TMP/TMP_Sprite.cs
 0.1 kb	 0.0% Packages/com.unity.ugui/Runtime/TMP/TMP_Settings.cs
 0.1 kb	 0.0% Packages/com.unity.ugui/Runtime/TMP/TMP_MeshInfo.cs
 0.1 kb	 0.0% Packages/com.unity.ugui/Runtime/TMP/TMP_LineInfo.cs
 0.1 kb	 0.0% Packages/com.unity.ugui/Runtime/TMP/TMP_Dropdown.cs
 0.1 kb	 0.0% Packages/com.unity.ugui/Runtime/TMP/TMP_Asset.cs
 0.1 kb	 0.0% Packages/com.unity.ugui/Runtime/TMP/FastAction.cs
 0.1 kb	 0.0% Packages/com.unity.splines/Runtime/Spline.cs
 0.1 kb	 0.0% Packages/com.unity.splines/Runtime/ISpline.cs
 0.1 kb	 0.0% Packages/com.unity.mathematics/Unity.Mathematics/int4.gen.cs
 0.1 kb	 0.0% Packages/com.unity.mathematics/Unity.Mathematics/int3.gen.cs
 0.1 kb	 0.0% Packages/com.unity.mathematics/Unity.Mathematics/int2.gen.cs
 0.1 kb	 0.0% Packages/com.unity.inputsystem/InputSystem/Devices/Pen.cs
 0.1 kb	 0.0% Packages/com.unity.burst/Runtime/Intrinsics/Common.cs
 0.1 kb	 0.0% Packages/com.unity.burst/Runtime/Intrinsics/Arm/NEON_ctor.cs
 0.1 kb	 0.0% Packages/com.unity.burst/Runtime/Intrinsics/Arm/NEON_AArch64.cs
 0.1 kb	 0.0% Packages/com.meta.xr.sdk.voice/Scripts/Runtime/Service/AppBuiltIns.cs
 0.1 kb	 0.0% Packages/com.meta.xr.sdk.voice/Lib/Wit.ai/Scripts/Runtime/Utilities/AudioClipAudioSource.cs
 0.1 kb	 0.0% Packages/com.meta.xr.sdk.voice/Lib/Wit.ai/Scripts/Runtime/Data/WitIntValue.cs
 0.1 kb	 0.0% Packages/com.meta.xr.sdk.voice/Lib/Wit.ai/Scripts/Runtime/Data/VoiceSession.cs
 0.1 kb	 0.0% Packages/com.meta.xr.sdk.voice/Lib/Wit.ai/Scripts/Runtime/Data/AudioBuffer.cs
 0.1 kb	 0.0% Packages/com.meta.xr.sdk.voice/Lib/Wit.ai/Scripts/Runtime/Audio/IAudioSystem.cs
 0.1 kb	 0.0% Packages/com.meta.xr.sdk.voice/Lib/Wit.ai/Scripts/Runtime/Audio/IAudioPlayer.cs
 0.1 kb	 0.0% Packages/com.meta.xr.sdk.voice/Lib/Wit.ai/Lib/third-party/UnityOpus/Scripts/Runtime/Library.cs
 0.1 kb	 0.0% Packages/com.meta.xr.sdk.voice/Lib/Wit.ai/Lib/third-party/UnityOpus/Scripts/Runtime/Encoder.cs
 0.1 kb	 0.0% Packages/com.meta.xr.sdk.voice/Lib/Wit.ai/Lib/third-party/UnityOpus/Scripts/Runtime/Decoder.cs
 0.1 kb	 0.0% Packages/com.meta.xr.sdk.voice/Lib/Wit.ai/Lib/Wit/Runtime/WitConstants.cs
 0.1 kb	 0.0% Packages/com.meta.xr.sdk.voice/Lib/Wit.ai/Lib/Wit/Runtime/Utilities/TaskUtility.cs
 0.1 kb	 0.0% Packages/com.meta.xr.sdk.voice/Lib/Wit.ai/Lib/Wit/Runtime/Utilities/Logging/VLogger.cs
 0.1 kb	 0.0% Packages/com.meta.xr.sdk.voice/Lib/Wit.ai/Lib/Wit/Runtime/Utilities/Logging/LogSink.cs
 0.1 kb	 0.0% Packages/com.meta.xr.sdk.voice/Lib/Wit.ai/Lib/Wit/Runtime/Utilities/Logging/LogScope.cs
 0.1 kb	 0.0% Packages/com.meta.xr.sdk.voice/Lib/Wit.ai/Lib/Wit/Runtime/Utilities/Logging/LogEntry.cs
 0.1 kb	 0.0% Packages/com.meta.xr.sdk.voice/Lib/Wit.ai/Lib/Wit/Runtime/Utilities/Logging/IVLogger.cs
 0.1 kb	 0.0% Packages/com.meta.xr.sdk.voice/Lib/Wit.ai/Lib/Wit/Runtime/Utilities/Logging/ILogSink.cs
 0.1 kb	 0.0% Packages/com.meta.xr.sdk.interaction/Runtime/Scripts/Input/Hands/Hand.cs
 0.1 kb	 0.0% Packages/com.meta.xr.sdk.interaction/Runtime/Scripts/Input/HMD/IHmd.cs
 0.1 kb	 0.0% Packages/com.meta.xr.sdk.interaction/Runtime/Scripts/Input/HMD/Hmd.cs
 0.1 kb	 0.0% Packages/com.meta.xr.sdk.interaction/Runtime/Sample/Scripts/PanelWithManipulators/PanelSetup.cs
 0.1 kb	 0.0% Packages/com.meta.xr.sdk.interaction/Runtime/Sample/Scripts/ComprehensiveRigExampleUI/SwipeGesture.cs
 0.1 kb	 0.0% Packages/com.meta.xr.sdk.interaction/Runtime/Sample/Scripts/ComprehensiveRigExampleUI/PageScroll.cs
 0.1 kb	 0.0% Packages/com.meta.xr.sdk.haptics/Runtime/HapticsSdkFfi.cs
 0.1 kb	 0.0% Packages/com.meta.xr.sdk.core/ThirdParty/SimpleJSONUnity.cs
 0.1 kb	 0.0% Packages/com.meta.xr.sdk.core/Scripts/Util/OVRSystemPerfMetrics.cs
 0.1 kb	 0.0% Packages/com.meta.xr.sdk.core/Scripts/Util/OVRSkeletonRenderer.cs
 0.1 kb	 0.0% Packages/com.meta.xr.sdk.core/Scripts/Util/OVRRuntimeController.cs
 0.1 kb	 0.0% Packages/com.meta.xr.sdk.core/Scripts/Util/OVRRuntimeAssetsBase.cs
 0.1 kb	 0.0% Packages/com.meta.xr.sdk.core/Scripts/Util/OVRResetOrientation.cs
 0.1 kb	 0.0% Packages/com.meta.xr.sdk.core/Scripts/Util/OVRRecord.cs
 0.1 kb	 0.0% Packages/com.meta.xr.sdk.core/Scripts/Util/OVRReadOnlyAttribute.cs
 0.1 kb	 0.0% Packages/com.meta.xr.sdk.core/Scripts/Util/OVRRayTransformer.cs
 0.1 kb	 0.0% Packages/com.meta.xr.sdk.core/Scripts/Util/OVRProgressIndicator.cs
 0.1 kb	 0.0% Packages/com.meta.xr.sdk.core/Scripts/Util/OVRPlayerController.cs
 0.1 kb	 0.0% Packages/com.meta.xr.sdk.core/Scripts/Util/OVREnumExtensions.cs
 0.1 kb	 0.0% Packages/com.meta.xr.sdk.core/Scripts/Util/OVRCustomSkeleton.cs
 0.1 kb	 0.0% Packages/com.meta.xr.sdk.core/Scripts/Util/OVRCubemapCapture.cs
 0.1 kb	 0.0% Packages/com.meta.xr.sdk.core/Scripts/Util/OVRControllerTest.cs
 0.1 kb	 0.0% Packages/com.meta.xr.sdk.core/Scripts/Util/OVRControllerHelper.cs
 0.1 kb	 0.0% Packages/com.meta.xr.sdk.core/Scripts/Util/OVRAutoDestroyInMRC.cs
 0.1 kb	 0.0% Packages/com.meta.xr.sdk.core/Scripts/Util/OVRAudioSourceTest.cs
 0.1 kb	 0.0% Packages/com.meta.xr.sdk.core/Scripts/OpenXRFeatures/MetaXRSpaceWarp.cs
 0.1 kb	 0.0% Packages/com.meta.xr.sdk.core/Scripts/OpenXRFeatures/MetaXRFeature.cs
 0.1 kb	 0.0% Packages/com.meta.xr.sdk.core/Scripts/OVRVirtualKeyboard/OVRVirtualKeyboard.cs
 0.1 kb	 0.0% Packages/com.meta.xr.sdk.core/Scripts/OVRTelemetry/OVRTelemetryMarker.cs
 0.1 kb	 0.0% Packages/com.meta.xr.sdk.core/Scripts/OVRSceneModelLoader.cs
 0.1 kb	 0.0% Packages/com.meta.xr.sdk.core/Scripts/OVRRuntimeSettings.cs
 0.1 kb	 0.0% Packages/com.meta.xr.sdk.core/Scripts/OVRPointerVisualizer.cs
 0.1 kb	 0.0% Packages/com.meta.xr.sdk.core/Scripts/OVRPassthroughLayer.cs
 0.1 kb	 0.0% Packages/com.meta.xr.sdk.core/Scripts/OVRLayerAttribute.cs
 0.1 kb	 0.0% Packages/com.meta.xr.sdk.core/Scripts/OVRHeadsetEmulator.cs
 0.1 kb	 0.0% Packages/com.meta.xr.sdk.core/Scripts/OVRFaceExpressions.cs
 0.1 kb	 0.0% Packages/com.meta.xr.sdk.core/Scripts/OVRColocationSession.cs
 0.1 kb	 0.0% Packages/com.meta.xr.sdk.core/Scripts/OVRAnchor/OVRAnchorComponents/OVRSemanticLabels.cs
 0.1 kb	 0.0% Packages/com.meta.xr.sdk.core/Scripts/OVRAnchor/OVRAnchorComponents/OVRAnchorContainer.cs
 0.1 kb	 0.0% Packages/com.meta.xr.sdk.core/Scripts/OVRAnchor/OVRAnchor.FetchTrackables.cs
 0.1 kb	 0.0% Packages/com.meta.xr.sdk.core/Scripts/InputActions/InlineLinkAttribute.cs
 0.1 kb	 0.0% Packages/com.meta.xr.sdk.core/Scripts/ImmersiveDebugger/UserInterface/Resources/Styles/TextStyles/HierarchyItemLabel.asset
 0.1 kb	 0.0% Packages/com.meta.xr.sdk.core/Scripts/ImmersiveDebugger/UserInterface/Resources/Styles/TextStyles/ConsoleLogCounter.asset
 0.1 kb	 0.0% Packages/com.meta.xr.sdk.core/Scripts/ImmersiveDebugger/UserInterface/Resources/Styles/TextStyles/ConsoleButtonCount.asset
 0.1 kb	 0.0% Packages/com.meta.xr.sdk.core/Scripts/Composition/OVRCompositionUtil.cs
 0.1 kb	 0.0% Assets/Resources/OVRPlatformToolSettings.asset
 0.1 kb	 0.0% Assets/Photon/Fusion/Runtime/Utilities/RunnerVisibility/RunnerAOIGizmos.cs
 0.1 kb	 0.0% Assets/Photon/Fusion/Runtime/FusionBootstrap.cs
 0.1 kb	 0.0% Assets/ERL/Scripts/M2Mqtt/Net/Fx.cs
 0.1 kb	 0.0% Packages/com.unity.ugui/Runtime/UGUI/UI/Core/VertexModifiers/Shadow.cs
 0.1 kb	 0.0% Packages/com.unity.ugui/Runtime/UGUI/UI/Core/VertexModifiers/Outline.cs
 0.1 kb	 0.0% Packages/com.unity.ugui/Runtime/UGUI/UI/Core/Toggle.cs
 0.1 kb	 0.0% Packages/com.unity.ugui/Runtime/UGUI/UI/Core/Slider.cs
 0.1 kb	 0.0% Packages/com.unity.ugui/Runtime/UGUI/UI/Core/RawImage.cs
 0.1 kb	 0.0% Packages/com.unity.ugui/Runtime/UGUI/UI/Core/Image.cs
 0.1 kb	 0.0% Packages/com.unity.ugui/Runtime/UGUI/UI/Core/IMask.cs
 0.1 kb	 0.0% Packages/com.unity.ugui/Runtime/UGUI/UI/Core/Graphic.cs
 0.1 kb	 0.0% Packages/com.unity.ugui/Runtime/UGUI/UI/Core/FontData.cs
 0.1 kb	 0.0% Packages/com.unity.ugui/Runtime/UGUI/UI/Core/Dropdown.cs
 0.1 kb	 0.0% Packages/com.unity.ugui/Runtime/UGUI/UI/Core/Culling/Clipping.cs
 0.1 kb	 0.0% Packages/com.unity.ugui/Runtime/UGUI/UI/Core/Button.cs
 0.1 kb	 0.0% Packages/com.unity.mathematics/Unity.Mathematics/svd.cs
 0.1 kb	 0.0% Packages/com.unity.mathematics/Unity.Mathematics/math.cs
 0.1 kb	 0.0% Packages/com.unity.mathematics/Unity.Mathematics/half.cs
 0.1 kb	 0.0% Packages/com.unity.burst/Runtime/SharedStatic.cs
 0.1 kb	 0.0% Packages/com.unity.burst/Runtime/Intrinsics/x86/Ssse3.cs
 0.1 kb	 0.0% Packages/com.unity.burst/Runtime/Intrinsics/x86/Sse4_2.cs
 0.1 kb	 0.0% Packages/com.unity.burst/Runtime/Intrinsics/x86/Sse4_1.cs
 0.1 kb	 0.0% Packages/com.unity.burst/Runtime/Intrinsics/x86/Popcnt.cs
 0.1 kb	 0.0% Packages/com.unity.burst/Runtime/Intrinsics/x86/Common.cs
 0.1 kb	 0.0% Packages/com.unity.burst/Runtime/CompilerServices/Hint.cs
 0.1 kb	 0.0% Packages/com.unity.burst/Runtime/BurstString.cs
 0.1 kb	 0.0% Packages/com.unity.burst/Runtime/BurstRuntime.cs
 0.1 kb	 0.0% Packages/com.meta.xr.sdk.voice/Lib/Wit.ai/Scripts/Runtime/WitService.cs
 0.1 kb	 0.0% Packages/com.meta.xr.sdk.voice/Lib/Wit.ai/Scripts/Runtime/WitRequest.cs
 0.1 kb	 0.0% Packages/com.meta.xr.sdk.voice/Lib/Wit.ai/Scripts/Runtime/VoiceService.cs
 0.1 kb	 0.0% Packages/com.meta.xr.sdk.voice/Lib/Wit.ai/Scripts/Runtime/Settings/WitSettings.cs
 0.1 kb	 0.0% Packages/com.meta.xr.sdk.voice/Lib/Wit.ai/Scripts/Runtime/ResponseManager/MatchIntent.cs
 0.1 kb	 0.0% Packages/com.meta.xr.sdk.voice/Lib/Wit.ai/Scripts/Runtime/Requests/UnityRequests/VRequest.cs
 0.1 kb	 0.0% Packages/com.meta.xr.sdk.voice/Lib/Wit.ai/Scripts/Runtime/Lib/Mic/Other/Mic.cs
 0.1 kb	 0.0% Packages/com.meta.xr.sdk.voice/Lib/Wit.ai/Scripts/Runtime/Conduit/Data/WitKeyword.cs
 0.1 kb	 0.0% Packages/com.meta.xr.sdk.platform/Scripts/Request.cs
 0.1 kb	 0.0% Packages/com.meta.xr.sdk.platform/Scripts/Packet.cs
 0.1 kb	 0.0% Packages/com.meta.xr.sdk.platform/Scripts/Models/User.cs
 0.1 kb	 0.0% Packages/com.meta.xr.sdk.platform/Scripts/Models/Pid.cs
 0.1 kb	 0.0% Packages/com.meta.xr.sdk.platform/Scripts/Message.cs
 0.1 kb	 0.0% Packages/com.meta.xr.sdk.platform/Scripts/Callback.cs
 0.1 kb	 0.0% Packages/com.meta.xr.sdk.haptics/Runtime/Utils.cs
 0.1 kb	 0.0% Packages/com.meta.xr.sdk.haptics/Runtime/Haptics.cs
 0.1 kb	 0.0% Packages/com.meta.xr.sdk.core/ThirdParty/openvr_api.cs
 0.1 kb	 0.0% Packages/com.meta.xr.sdk.core/ThirdParty/SimpleJSON.cs
 0.1 kb	 0.0% Packages/com.meta.xr.sdk.core/Scripts/Util/Feature.cs
 0.1 kb	 0.0% Packages/com.meta.xr.sdk.core/Scripts/OVRAnchor/OVRAnchorComponents/OVRAnchorComponents.gen.cs
 0.1 kb	 0.0% Packages/com.meta.xr.sdk.core/Scripts/OVRAnchor/OVRAnchor.FetchOptions.cs
 0.1 kb	 0.0% Packages/com.meta.xr.sdk.core/Scripts/ImmersiveDebugger/UserInterface/Resources/Textures/idf_rt.renderTexture
 0.1 kb	 0.0% Packages/com.meta.xr.sdk.core/Scripts/ImmersiveDebugger/UserInterface/Resources/Styles/TextStyles/InspectorTitle.asset
 0.1 kb	 0.0% Packages/com.meta.xr.sdk.core/Scripts/ImmersiveDebugger/UserInterface/Resources/Styles/TextStyles/ConsoleLineLabel.asset
 0.1 kb	 0.0% Packages/com.meta.xr.sdk.core/Scripts/ImmersiveDebugger/UserInterface/Resources/Styles/TextStyles/CategorySubLabel.asset
 0.1 kb	 0.0% Packages/com.meta.xr.sdk.core/Scripts/ImmersiveDebugger/UserInterface/Resources/Styles/TextStyles/CategoryLabel.asset
 0.1 kb	 0.0% Packages/com.meta.xr.sdk.core/Scripts/BuildingBlocks/AlertViewHUD/AlertViewHUD.cs
 0.1 kb	 0.0% Packages/com.meta.xr.sdk.audio/Runtime/scripts/MetaXRAudioUtils.cs
 0.1 kb	 0.0% Packages/com.meta.xr.mrutilitykit/Core/Scripts/MRUK.cs
 0.1 kb	 0.0% Assets/XRI/Settings/Resources/XRDeviceSimulatorSettings.asset
 0.1 kb	 0.0% Assets/Scripts/SplineSampler.cs
 0.1 kb	 0.0% Assets/ERL/Scripts/Track/TrackGenerator.cs
 0.1 kb	 0.0% Assets/ERL/Scripts/RestClient/Scripts/Models/AzureOCRResponse.cs
 0.1 kb	 0.0% Assets/ERL/Scripts/Models/VRaceStateData.cs
 0.1 kb	 0.0% Assets/ERL/Scripts/Models/TrackDefinition.cs
 0.1 kb	 0.0% Assets/ERL/Scripts/Models/TelemetryData.cs
 0.1 kb	 0.0% Packages/com.unity.ugui/Runtime/TMP/TMP_Text.cs
 0.1 kb	 0.0% Packages/com.unity.inputsystem/InputSystem/Plugins/UI/UISupport.cs
 0.1 kb	 0.0% Packages/com.unity.burst/Runtime/Intrinsics/x86/Sse3.cs
 0.1 kb	 0.0% Packages/com.unity.burst/Runtime/Intrinsics/x86/Sse2.cs
 0.1 kb	 0.0% Packages/com.unity.burst/Runtime/Intrinsics/x86/Sse.cs
 0.1 kb	 0.0% Packages/com.unity.burst/Runtime/Intrinsics/x86/Fma.cs
 0.1 kb	 0.0% Packages/com.unity.burst/Runtime/Intrinsics/x86/F16C.cs
 0.1 kb	 0.0% Packages/com.unity.burst/Runtime/Intrinsics/x86/Csr.cs
 0.1 kb	 0.0% Packages/com.unity.burst/Runtime/Intrinsics/x86/Bmi2.cs
 0.1 kb	 0.0% Packages/com.unity.burst/Runtime/Intrinsics/x86/Bmi1.cs
 0.1 kb	 0.0% Packages/com.unity.burst/Runtime/Intrinsics/x86/Avx2.cs
 0.1 kb	 0.0% Packages/com.unity.burst/Runtime/Intrinsics/x86/Avx.cs
 0.1 kb	 0.0% Packages/com.unity.burst/Runtime/Intrinsics/v64.cs
 0.1 kb	 0.0% Packages/com.unity.burst/Runtime/Intrinsics/v256.cs
 0.1 kb	 0.0% Packages/com.unity.burst/Runtime/Intrinsics/v128.cs
 0.1 kb	 0.0% Packages/com.unity.burst/Runtime/Intrinsics/Arm/NEON.cs
 0.1 kb	 0.0% Packages/com.meta.xr.sdk.voice/Lib/Wit.ai/Scripts/Runtime/Data/WitValue.cs
 0.1 kb	 0.0% Packages/com.meta.xr.sdk.platform/Scripts/Platform.cs
 0.1 kb	 0.0% Packages/com.meta.xr.sdk.core/Scripts/Util/OVRWaitCursor.cs
 0.1 kb	 0.0% Packages/com.meta.xr.sdk.core/Scripts/Util/OVRScreenFade.cs
 0.1 kb	 0.0% Packages/com.meta.xr.sdk.core/Scripts/Util/OVRProfilerScope.cs
 0.1 kb	 0.0% Packages/com.meta.xr.sdk.core/Scripts/Util/OVRObjectPool.cs
 0.1 kb	 0.0% Packages/com.meta.xr.sdk.core/Scripts/Util/OVRNativeList.cs
 0.1 kb	 0.0% Packages/com.meta.xr.sdk.core/Scripts/Util/OVRMonoscopic.cs
 0.1 kb	 0.0% Packages/com.meta.xr.sdk.core/Scripts/Util/OVRMeshRenderer.cs
 0.1 kb	 0.0% Packages/com.meta.xr.sdk.core/Scripts/Util/OVRGazePointer.cs
 0.1 kb	 0.0% Packages/com.meta.xr.sdk.core/Scripts/Util/OVREnumerable.cs
 0.1 kb	 0.0% Packages/com.meta.xr.sdk.core/Scripts/Util/OVRDeserialize.cs
 0.1 kb	 0.0% Packages/com.meta.xr.sdk.core/Scripts/OVRTelemetry/OVRTelemetryUtils.cs
 0.1 kb	 0.0% Packages/com.meta.xr.sdk.core/Scripts/OVRSpatialAnchor.cs
 0.1 kb	 0.0% Packages/com.meta.xr.sdk.core/Scripts/OVRSpaceQuery.cs
 0.1 kb	 0.0% Packages/com.meta.xr.sdk.core/Scripts/OVRSceneVolume.cs
 0.1 kb	 0.0% Packages/com.meta.xr.sdk.core/Scripts/OVRScenePlane.cs
 0.1 kb	 0.0% Packages/com.meta.xr.sdk.core/Scripts/OVRSceneManager.cs
 0.1 kb	 0.0% Packages/com.meta.xr.sdk.core/Scripts/OVRSceneLoader.cs
 0.1 kb	 0.0% Packages/com.meta.xr.sdk.core/Scripts/OVRSceneAnchor.cs
 0.1 kb	 0.0% Packages/com.meta.xr.sdk.core/Scripts/OVRPlatformMenu.cs
 0.1 kb	 0.0% Packages/com.meta.xr.sdk.core/Scripts/OVROverlayCanvas.cs
 0.1 kb	 0.0% Packages/com.meta.xr.sdk.core/Scripts/OVRMixedReality.cs
 0.1 kb	 0.0% Packages/com.meta.xr.sdk.core/Scripts/OVRKtxTexture.cs
 0.1 kb	 0.0% Packages/com.meta.xr.sdk.core/Scripts/OVRHapticsClip.cs
 0.1 kb	 0.0% Packages/com.meta.xr.sdk.core/Scripts/OVRGLTFLoader.cs
 0.1 kb	 0.0% Packages/com.meta.xr.sdk.core/Scripts/OVRGLTFAccessor.cs
 0.1 kb	 0.0% Packages/com.meta.xr.sdk.core/Scripts/OVRAnchor/OVRAnchorComponents/OVRTriangleMesh.cs
 0.1 kb	 0.0% Packages/com.meta.xr.sdk.core/Scripts/OVRAnchor/OVRAnchorComponents/OVRRoomLayout.cs
 0.1 kb	 0.0% Packages/com.meta.xr.sdk.core/Scripts/OVRAnchor/OVRAnchorComponents/OVRMarkerPayload.cs
 0.1 kb	 0.0% Packages/com.meta.xr.sdk.core/Scripts/OVRAnchor/OVRAnchorComponents/OVRDynamicObject.cs
 0.1 kb	 0.0% Packages/com.meta.xr.sdk.core/Scripts/OVRAnchor/OVRAnchor.Tracker.cs
 0.1 kb	 0.0% Packages/com.meta.xr.sdk.core/Scripts/OVRAnchor/OVRAnchor.Telemetry.cs
 0.1 kb	 0.0% Packages/com.meta.xr.sdk.core/Scripts/OVRAnchor/OVRAnchor.Deprecated.cs
 0.1 kb	 0.0% Packages/com.meta.xr.sdk.core/Scripts/OVRAnchor/OVRAnchor.Deferred.cs
 0.1 kb	 0.0% Packages/com.meta.xr.sdk.core/Scripts/Movement/OVRCustomFace.cs
 0.1 kb	 0.0% Packages/com.meta.xr.sdk.core/Scripts/ImmersiveDebugger/UserInterface/Resources/Styles/TextStyles/PanelTitle.asset
 0.1 kb	 0.0% Packages/com.meta.xr.sdk.core/Scripts/ImmersiveDebugger/UserInterface/Resources/Styles/TextStyles/MemberValue.asset
 0.1 kb	 0.0% Packages/com.meta.xr.sdk.core/Scripts/ImmersiveDebugger/UserInterface/Resources/Styles/TextStyles/MemberTitle.asset
 0.1 kb	 0.0% Packages/com.meta.xr.sdk.core/Scripts/Composition/OVRComposition.cs
 0.1 kb	 0.0% Assets/Scripts/IntersectionInfo.cs
 0.1 kb	 0.0% Assets/Resources/MetaXRAcousticMaterialMapping.asset
 0.1 kb	 0.0% Assets/MRTemplateAssets/Materials/AR/DepthOnlyPlanes.mat
 0.1 kb	 0.0% Packages/com.unity.ugui/Runtime/UGUI/UI/Core/Text.cs
 0.1 kb	 0.0% Packages/com.unity.ugui/Runtime/UGUI/UI/Core/Misc.cs
 0.1 kb	 0.0% Packages/com.unity.ugui/Runtime/UGUI/UI/Core/Mask.cs
 0.1 kb	 0.0% Packages/com.meta.xr.sdk.voice/Lib/Wit.ai/Scripts/Runtime/UI/Comment.cs
 0.1 kb	 0.0% Packages/com.meta.xr.sdk.voice/Lib/Wit.ai/Scripts/Runtime/IRequest.cs
 0.1 kb	 0.0% Packages/com.meta.xr.sdk.voice/Lib/Wit.ai/Scripts/Runtime/Conduit/Data/Manifest.cs
 0.1 kb	 0.0% Packages/com.meta.xr.sdk.platform/Scripts/CAPI.cs
 0.1 kb	 0.0% Packages/com.meta.xr.sdk.core/Scripts/OVRCommon.cs
 0.1 kb	 0.0% Packages/com.meta.xr.sdk.core/Scripts/ImmersiveDebugger/UserInterface/Resources/Styles/TextStyles/Default.asset
 0.1 kb	 0.0% Packages/com.meta.xr.sdk.core/Scripts/ImmersiveDebugger/UserInterface/Resources/Styles/TextStyles/BarTime.asset
 0.1 kb	 0.0% Assets/Scripts/SplineRoad.cs
 0.1 kb	 0.0% Assets/Samples/XR Interaction Toolkit/3.1.2/Hands Interaction Demo/Materials/DepthOnly.mat
 0.1 kb	 0.0% Assets/ERL/Scripts/Models/AgentConfig.cs
 0.1 kb	 0.0% Assets/ERL/Scripts/Interfaces/ITrackAPI.cs
 0.1 kb	 0.0% Packages/com.meta.xr.sdk.voice/Lib/Wit.ai/Lib/Wit/Runtime/Utilities/Logging/VLog.cs
 0.1 kb	 0.0% Packages/com.meta.xr.sdk.core/Scripts/Util/OVRVignette.cs
 0.1 kb	 0.0% Packages/com.meta.xr.sdk.core/Scripts/Util/OVRSkeleton.cs
 0.1 kb	 0.0% Packages/com.meta.xr.sdk.core/Scripts/Util/OVRRaycaster.cs
 0.1 kb	 0.0% Packages/com.meta.xr.sdk.core/Scripts/Util/OVRRayHelper.cs
 0.1 kb	 0.0% Packages/com.meta.xr.sdk.core/Scripts/Util/OVRNetwork.cs
 0.1 kb	 0.0% Packages/com.meta.xr.sdk.core/Scripts/Util/OVRModeParms.cs
 0.1 kb	 0.0% Packages/com.meta.xr.sdk.core/Scripts/Util/OVRMeshJobs.cs
 0.1 kb	 0.0% Packages/com.meta.xr.sdk.core/Scripts/Util/OVRHandTest.cs
 0.1 kb	 0.0% Packages/com.meta.xr.sdk.core/Scripts/Util/OVRGridCube.cs
 0.1 kb	 0.0% Packages/com.meta.xr.sdk.core/Scripts/Util/OVRGrabber.cs
 0.1 kb	 0.0% Packages/com.meta.xr.sdk.core/Scripts/Util/OVRGrabbable.cs
 0.1 kb	 0.0% Packages/com.meta.xr.sdk.core/Scripts/Util/OVRDebugInfo.cs
 0.1 kb	 0.0% Packages/com.meta.xr.sdk.core/Scripts/Util/OVRCursor.cs
 0.1 kb	 0.0% Packages/com.meta.xr.sdk.core/Scripts/Util/Async/OVRTask.Build.cs
 0.1 kb	 0.0% Packages/com.meta.xr.sdk.core/Scripts/Util/Async/OVRResult.cs
 0.1 kb	 0.0% Packages/com.meta.xr.sdk.core/Scripts/Util/Async/OVRFuture.cs
 0.1 kb	 0.0% Packages/com.meta.xr.sdk.core/Scripts/ProcessPort.cs
 0.1 kb	 0.0% Packages/com.meta.xr.sdk.core/Scripts/OVRTracker.cs
 0.1 kb	 0.0% Packages/com.meta.xr.sdk.core/Scripts/OVRTelemetry/OVRTelemetry.cs
 0.1 kb	 0.0% Packages/com.meta.xr.sdk.core/Scripts/OVRSpaceUser.cs
 0.1 kb	 0.0% Packages/com.meta.xr.sdk.core/Scripts/OVRSceneRoom.cs
 0.1 kb	 0.0% Packages/com.meta.xr.sdk.core/Scripts/OVRResources.cs
 0.1 kb	 0.0% Packages/com.meta.xr.sdk.core/Scripts/OVRProfile.cs
 0.1 kb	 0.0% Packages/com.meta.xr.sdk.core/Scripts/OVRPlugin.cs
 0.1 kb	 0.0% Packages/com.meta.xr.sdk.core/Scripts/OVROverlay.cs
 0.1 kb	 0.0% Packages/com.meta.xr.sdk.core/Scripts/OVRManager.cs
 0.1 kb	 0.0% Packages/com.meta.xr.sdk.core/Scripts/OVRHaptics.cs
 0.1 kb	 0.0% Packages/com.meta.xr.sdk.core/Scripts/OVRDisplay.cs
 0.1 kb	 0.0% Packages/com.meta.xr.sdk.core/Scripts/OVRCameraRig.cs
 0.1 kb	 0.0% Packages/com.meta.xr.sdk.core/Scripts/OVRBuildInfo.cs
 0.1 kb	 0.0% Packages/com.meta.xr.sdk.core/Scripts/OVRBoundary.cs
 0.1 kb	 0.0% Packages/com.meta.xr.sdk.core/Scripts/OVRAnchor/OVRAnchorComponents/OVRStorable.cs
 0.1 kb	 0.0% Packages/com.meta.xr.sdk.core/Scripts/OVRAnchor/OVRAnchorComponents/OVRSharable.cs
 0.1 kb	 0.0% Packages/com.meta.xr.sdk.core/Scripts/OVRAnchor/OVRAnchorComponents/OVRLocatable.cs
 0.1 kb	 0.0% Packages/com.meta.xr.sdk.core/Scripts/OVRAnchor/OVRAnchorComponents/OVRBounded3D.cs
 0.1 kb	 0.0% Packages/com.meta.xr.sdk.core/Scripts/OVRAnchor/OVRAnchorComponents/OVRBounded2D.cs
 0.1 kb	 0.0% Packages/com.meta.xr.sdk.core/Scripts/OVRAnchor/OVRAnchor.cs
 0.1 kb	 0.0% Packages/com.meta.xr.sdk.core/Scripts/Movement/OVREyeGaze.cs
 0.1 kb	 0.0% Assets/Resources/MetaXRAcousticSettings.asset
 0.1 kb	 0.0% Packages/com.meta.xr.sdk.voice/Lib/Wit.ai/Scripts/Runtime/Wit.cs
 0.1 kb	 0.0% Packages/com.meta.xr.sdk.core/Scripts/Util/Async/OVRTask.gen.cs
 0.1 kb	 0.0% Assets/ERL/Scripts/Models/LapData.cs
 0.1 kb	 0.0% Packages/com.meta.xr.sdk.core/Scripts/Util/OVRMesh.cs
 0.1 kb	 0.0% Packages/com.meta.xr.sdk.core/Scripts/Util/OVRHand.cs
 0.1 kb	 0.0% Packages/com.meta.xr.sdk.core/Scripts/Util/Async/OVRTask.cs
 0.1 kb	 0.0% Packages/com.meta.xr.sdk.core/Scripts/OVRSpace.cs
 0.1 kb	 0.0% Packages/com.meta.xr.sdk.core/Scripts/OVRInput.cs
 0.1 kb	 0.0% Packages/com.meta.xr.sdk.core/Scripts/OVRAnchor/OVRScene.cs
 0.1 kb	 0.0% Packages/com.meta.xr.sdk.core/Scripts/Movement/OVRFace.cs
 0.1 kb	 0.0% Packages/com.meta.xr.sdk.core/Scripts/Movement/OVRBody.cs
 0.1 kb	 0.0% Assets/Resources/PerformanceTestRunSettings.json
 0.1 kb	 0.0% Assets/Resources/MetaXRAudioSettings.asset
 0.1 kb	 0.0% Assets/XR/Settings/XRSimulationSettings.asset
 0.1 kb	 0.0% Assets/Resources/InputActions.asset
 0.0 kb	 0.0% Packages/com.meta.xr.sdk.core/Scripts/BuildingBlocks/MultiplayerBlocks/Shared/NetworkedAvatar/Scripts/AvatarEntity.cs
 0.0 kb	 0.0% Assets/XR/Loaders/OpenXRLoader.asset
 0.0 kb	 0.0% Assets/Scenes/SampleScene/LightingData.asset
-------------------------------------------------------------------------------
Unloading 3 Unused Serialized files (Serialized files now loaded: 0)
Unloading 3904 unused Assets / (52.9 MB). Loaded Objects now: 15575.
Memory consumption went from 476.2 MB to 423.4 MB.
Total: 36.080200 ms (FindLiveObjects: 1.452200 ms CreateObjectMapping: 2.024800 ms MarkObjects: 22.900200 ms  DeleteObjects: 9.692600 ms)

DisplayProgressNotification: Build Successful
Build Finished, Result: Success.
##utp:{"type":"PlayerBuildInfo","version":2,"phase":"Immediate","time":1759467474103,"processId":1928,"steps":[{"description":"Preprocess Player","duration":1921},{"description":"Prepare For Build","duration":19},{"description":"ProducePlayerScriptAssemblies","duration":18998},{"description":"Verify Build setup","duration":1087},{"description":"Prepare assets for target platform","duration":14},{"description":"Prepare splash screen","duration":0},{"description":"Building scenes","duration":3251},{"description":"Build scripts DLLs","duration":18},{"description":"Build GlobalGameManagers file","duration":160},{"description":"Writing asset files","duration":1232},{"description":"Write data build dirty tracking information","duration":1062},{"description":"Postprocess built player","duration":16502}],"duration":44264}
Unloading 0 Unused Serialized files (Serialized files now loaded: 0)
Loaded scene 'Temp/__Backupscenes/0.backup'
	Deserialize:            0.500 ms
	Integration:            398.376 ms
	Integration of assets:  0.002 ms
	Thread Wait Time:       0.011 ms
	Total Operation Time:   398.889 ms
Unloading 0 unused Assets / (80.1 MB). Loaded Objects now: 15568.
Memory consumption went from 415.8 MB to 335.7 MB.
Total: 30.826900 ms (FindLiveObjects: 1.132800 ms CreateObjectMapping: 1.443500 ms MarkObjects: 23.851000 ms  DeleteObjects: 4.398100 ms)

Batchmode quit successfully invoked - shutting down!
Killing ADB server in 0.0613406 seconds.
[Physics::Module] Cleanup current backned.
[Physics::Module] Id: 0xf2b8ea05
Input System module state changed to: ShutdownInProgress.
Input System polling thread exited.
Input System module state changed to: Shutdown.
[Licensing::IpcConnector] LicenseClient-Tony-notifications channel disconnected successfully.
[Licensing::IpcConnector] LicenseClient-Tony channel disconnected successfully.
AcceleratorClientConnectionCallback - disconnected - :0
Cleanup mono
Exiting batchmode successfully now!
Exiting without the bug reporter. Application will terminate with return code 0